product_id,cat1,cat2,region,name,tagline,list_price,sale_price,discount_pct,basis,option_count,options,valid_from,valid_to,valid_days,validity_static,badges,issue_type,issue_channel,issue_medium,usage_method,max_qty,refund_rule,vendor_name,vendor_address,vendor_phone,external_link,ticket_type,ticket_div,calendar_chk,manage_name,check,notice_text,refund_text,collected_at
243478,삼성미라클안과,라식·라섹,서울/천안,삼성미라클안과 라식·라섹,삼성미라클 평생시력 1:1 책임관리 프로그램,1600000,890000,44,미라클라섹,3,"[{""option"": ""미라클라섹(*예약문의 : 010-2504-5792)"", ""detail_div"": """", ""week_div"": """", ""list_price"": 1600000, ""sale_price"": 890000, ""discount_pct"": 44, ""start_date"": ""0"", ""end_date"": ""0""}, {""option"": ""양손스마일라식(*예약문의 : 010-2504-5792)"", ""detail_div"": """", ""week_div"": """", ""list_price"": 3100000, ""sale_price"": 2100000, ""discount_pct"": 32, ""start_date"": ""0"", ""end_date"": ""0""}, {""option"": ""렌즈삽입술(*예약문의 : 010-2504-5792)"", ""detail_div"": """", ""week_div"": """", ""list_price"": 6500000, ""sale_price"": 4990000, ""discount_pct"": 23, ""start_date"": ""0"", ""end_date"": ""0""}]",구매일,,0,0 ~ 0,;광고상품,광고상품,,,전화 예약,10,,삼성미라클안과,,010-2504-5792(이승민 실장),,,광고상품,사용안함,[광고상품],,"★ 넥스트에너지 고객을 위한 특별 제휴 행사(26년12월31일까지) ★
라식 및 라섹을 고민하고 계시다면 인증된 스마일닥터와 상담하세요!
▶ 예약방법 안내
- 예약문의 : 010-2504-5792(이승민 실장)
- 예약기간 : ~ 2026년 12월 31일
문의 시 넥스트에너지 고객이라고 말씀해주세요!
[상품 구매 안내]
ㆍ 상담을 통하여 예약할 수 있는 상품입니다.",,2026-09-30T04:39:21
328990,테마파크,테마파크,용인,한국민속촌,조선시대로 떠나는 여행!!,39000,19000,51,주중ㆍ주말공통 종일권 한국민속촌(~10/31),1,"[{""option"": ""주중ㆍ주말공통 종일권 한국민속촌(~10/31)"", ""detail_div"": ""대소공통"", ""week_div"": ""주중+주말"", ""list_price"": 39000, ""sale_price"": 19000, ""discount_pct"": 51, ""start_date"": ""2026-10-01"", ""end_date"": ""2026-10-31""}]",2026-10-01,2026-10-31,,2026-10-01 ~ 2026-10-31,모바일티켓;바로 사용가능,즉시발송,큐패스코리아,알림톡,QR/바코드 제시 / 바로 입장,10,"기한: 수령 후 7일 이내 | 수수료: 발송·취소 장당 1,000원 | 불가: 부분취소, 기간경과 | 접수: 유선(주중)",한국민속촌,경기 용인시 기흥구 민속촌로 90 한국민속촌,031-288-0000,https://www.koreanfolk.co.kr/,모바일티켓,바로 사용가능,사용안함,[유효 ~ 26/10/31],,"※ 10월1일 구매사이트 open하며,10월1일부터 구매가능합니다.
※ 티켓 구매 시 알림톡은 주문 건당 1개 발송됩니다. (4개 구매 시 알림톡 1개 발송)
[필독!! 발송정보]
◇ 바로 발송 가능 상품 : `결제(입금) 완료` 건에 한해서 모바일 이용권이 20분이내 휴대폰 번호로 발송(미수신 시 휴대폰 차단 기능 확인!!)
◇ 수신 후 바로 사용 가능 : 모바일 이용권 수신 후 바로 사용 가능, 결제 내역으로는 이용 불가합니다.
※ 카카오톡 발송채널 : 큐패스코리아
[필독!! 이용정보]
[이용방법]
1. 카카오톡 알림톡 수신
2. QPASS 티켓 발권 선택
3. QR코드 제시
◆ 이용 업체 : 한국민속촌
◆ 운영 일정 : 이용업체 홈페이지 참조 필수
◆ 구매 수량 : 1인당 10매까지 구입 가능
◆ 권종 구분 : 대인/소인/주중/주말ㆍ공휴일 구분없이 1인 1매 (36개월 미만 아기는 보호자 신분증 및 확인서류 지참시에만 무료 이용 가능!!)
◆ 추가 할인 : 해당 상품은 할인 가격으로 판매되는 상품으로 추가 할인을 받으실 수 없습니다.
◆ 안내 사항 : 주말 및 성수기 기간 인원 초과 시 입장이 제한될 수 있으며, 시설 이용 제한 사항은 업체 규정에 따릅니다.
◆ 이용 업체에 대한 전반적인 이용 정보(운영 사항, 유의 사항, 안전 점검, 편의 시설 등)는 꼭 방문 전 아래 홈페이지를 클릭하셔서 확인하시길 바랍니다.
★ 홈페이지 : (클릭☞ 한국민속촌 홈페이지 바로가기)","▷ 취소 및 환불 요청은 주중에 유선으로만 가능합니다.(취소 및 환불 요청 고객센터 ☎ 02-536-0836)
→ 고객센터 운영시간 : 평일 10:00~16:00 운영 / 점심시간 12:00~13:00
▷ 취소 및 환불 규정은 `전자상거래등에서의 소비자보호에 관한 현행 법률`에 의거하여 작성되었습니다.
▷ 취소 및 환불은 수령하신 날로부터 7일 이내에만 가능합니다.
▷ 해당 상품은 임직원 대상 특별 할인 가격으로 판매하는 프로모션 상품입니다.
▷ 해당 상품은 이용권에 별도 표기 된 유효(이용) 기간 내 꼭 이용하셔야 합니다.
▷ 유효(이용) 기간 경과 시 별도 연장이나 취소가 안 되는 `자동 폐기 상품`입니다.(★유효 기간 연장 불가 상품!!)
▷ 부분적인 결제 취소나 부분적인 이용이 불가능한 상품입니다.(예시 : 5명일 경우 4장+1장 결제 or 2장+3장 결제)
▷ 고객 귀책 사유로 발생하는 취소 및 환불 금액에 대한 발송 및 이체 수수료는 고객이 부담하셔야 합니다.
→ 모바일 티켓 : 발송 및 취소 수수료 장당 1,000원 발생(예시 : 1,000원 X 5장 발송 = 5,000원)
→ 종이 티켓 : 폐문, 부재중, 주소 오류 등 고객 귀책 사유로 발송된 등기 반송 시 반송 비용은 고객이 부담하셔야 합니다.(반송 비용 7,500원)
→ 공통 : 환불 금액 입금 계좌가 하나은행이 아닌 타 은행인 경우 이체 수수료 500원이 발생합니다.",2026-09-30T04:39:24
326717,테마파크,놀이공원,과천,서울랜드,"봄, 여름, 가을, 겨울 쉴 새 없이 터지는 즐거움",52000,17000,67,AFTER 4 서울랜드(~11/1),3,"[{""option"": ""AFTER 4 서울랜드(~11/1)"", ""detail_div"": ""대소공통"", ""week_div"": ""주중+주말"", ""list_price"": 52000, ""sale_price"": 17000, ""discount_pct"": 67, ""start_date"": ""0"", ""end_date"": ""2026-11-01""}, {""option"": ""AFTER 1 서울랜드(~11/1)"", ""detail_div"": ""대소공통"", ""week_div"": ""주중+주말"", ""list_price"": 52000, ""sale_price"": 19000, ""discount_pct"": 63, ""start_date"": ""0"", ""end_date"": ""2026-11-01""}, {""option"": ""종일권 서울랜드(~11/1)"", ""detail_div"": ""대소공통"", ""week_div"": ""주중+주말"", ""list_price"": 52000, ""sale_price"": 22000, ""discount_pct"": 58, ""start_date"": ""0"", ""end_date"": ""2026-11-01""}]",구매일,2026-11-01,,0 ~ 2026-11-01,모바일티켓;바로 사용가능,즉시발송,스마트인피니_발송,알림톡/LMS 문자,바로 입장 | 모바일 이용권 현장 제시 후 이용 가능(재발송 가능 상품),10,"기한: 수령 후 7일 이내 | 수수료: 발송·취소 장당 1,000원 | 불가: 부분취소, 기간경과 | 접수: 유선",서울랜드,경기 과천시 광명로 181,02-509-6000(주중 오전 10:00 ~ 17:00/주말 10:00 ~ 18:00),www.seoulland.co.kr ; https://seoulland.co.kr/,모바일티켓,바로 사용가능,사용안함,[유효 ~ 26/11/01],,"※ 안내사항 ※
◇ 바로 발송 가능 상품 : `결제(입금) 완료` 건에 한해서 모바일 이용권이 20분이내 휴대폰 번호로 발송(미수신 시 휴대폰 차단 기능 확인!!)
◇ 수신 후 바로 사용 가능 : 모바일 이용권 수신 1시간 후 부터 사용 가능, 결제 내역으로는 이용 불가합니다.
▷ 종일권 서울랜드(~11/1) : (주말 및 공휴일 사용가능)
▷ AFTER 1 서울랜드(~11/1) : 오후 1시 이후 사용가능 (주말 및 공휴일 사용가능)
▷ AFTER 4 서울랜드(~11/1) : 오후 4시 이후 사용가능 (주말 및 공휴일 사용가능)
[필독!! 발송정보]
※ 문자발송번호 : 1661-1063
※ 카카오톡발송채널 : 스마트인피니_발송
→문자발송에 실패할 경우 카카오톡으로 대체발송될 수 있습니다. 구매하신 수량만큼 문자를 못받으신 경우 카카오톡을 확인해주세요.
[필독!! 이용정보]
※ 2026.10.15(목) 임시 휴장으로 이용 불가합니다. 꼭 참고 후 구매 바랍니다.
◆ 유효 기간 : ~ 2026년 11월 1일(일) 까지
◆ 이용 업체 : 서울랜드
◆ 운영 일정 : 이용업체 홈페이지 참조 필수
◆ 구매 수량 : 1인당 10매까지 구입 가능
◆ 이용 방법 : 모바일 이용권 현장 제시 후 이용 가능(재발송 가능 상품)
◆ 권종 구분 : 대인/소인 구분없이 1인 1매 (36개월 미만 아기는 보호자 신분증 및 확인서류 지참시에만 무료 이용 가능!!)
★ 구매 전 옵션 별 상품정보를 확인하세요!(입장가능시간)
◆ 추가 할인 : 해당 상품은 할인 가격으로 판매되는 상품으로 추가 할인을 받으실 수 없습니다.
◆ 안내 사항 : 주말 및 성수기 기간 인원 초과 시 입장이 제한될 수 있으며, 시설 이용 제한 사항은 업체 규정에 따릅니다.
◆ 이용 업체에 대한 전반적인 이용 정보(운영 사항, 유의 사항, 안전 점검, 편의 시설 등)는 꼭 방문 전 아래 홈페이지를 클릭하셔서 확인하시길 바랍니다.
★ 홈페이지 : (클릭☞ 서울랜드 홈페이지 바로가기)
※ 문자발송번호 : 02-536-0836
☎고객센터 연락처 : 02-536-0836
운영시간 [주중 및 주말 동일]
● 오전 10시 ~ 오후 4시
● 점심시간 : 12:00 ~13:00
※ 취소 및 환불문의
▷ 취소 및 환불 요청은 유선으로만 가능합니다.(취소 및 환불 요청 고객센터 ☎ 02-536-0836)
→ 토요일 및 일요일 그리고 공휴일은 제외","▷ 취소 및 환불 요청은 유선으로만 가능합니다.→ 토요일 및 일요일 그리고 공휴일은 제외(취소 및 환불 요청 고객센터 ☎ 02-536-0836)
→ 고객센터 운영시간[주중 및 주말 동일] : 오전 10시 ~ 오후 4시 / 점심시간 12:00~13:00
→ 고객센터 연락처 : 02-536-0836
▷ 취소 및 환불 규정은 `전자상거래등에서의 소비자보호에 관한 현행 법률`에 의거하여 작성되었습니다.
▷ 취소 및 환불은 수령하신 날로부터 7일 이내에만 가능합니다.
▷ 해당 상품은 임직원 대상 특별 할인 가격으로 판매하는 프로모션 상품입니다.
▷ 해당 상품은 이용권에 별도 표기 된 유효(이용) 기간 내 꼭 이용하셔야 합니다.
▷ 유효(이용) 기간 경과 시 별도 연장이나 취소가 안 되는 `자동 폐기 상품`입니다. (★유효 기간 연장 불가 상품!!)
▷ 부분적인 결제 취소나 부분적인 이용이 불가능한 상품입니다.(예시 : 5명일 경우 4장+1장 결제 or 2장+3장 결제)
▷ 고객 귀책 사유로 발생하는 취소 및 환불 금액에 대한 발송 및 이체 수수료는 고객이 부담하셔야 합니다.
→ 모바일 티켓 : 발송 및 취소 수수료 장당 1,000원 발생(예시 : 1,000원 X 5장 발송 = 5,000원)
→ 종이 티켓 : 폐문, 부재중, 주소 오류 등 고객 귀책 사유로 발송된 등기 반송 시 반송 비용은 고객이 부담하셔야 합니다. (반송 비용 6,000원)
→ 공통 : 환불 금액 입금 계좌가 하나은행이 아닌 타 은행인 경우 이체 수수료 500원이 발생합니다.",2026-09-30T04:39:26
329117,테마파크,놀이공원,춘천,레고랜드,"40 여개의 놀이기구, 다양한 퍼포먼스 쇼와 어트랙션들로 한가득",66000,36000,45,주중ㆍ주말 대소공통 레고랜드 2인 종일권(~11/15),3,"[{""option"": ""주중ㆍ주말 대소공통 레고랜드 2인 종일권(~11/15)"", ""detail_div"": ""대소공통"", ""week_div"": ""주중+주말"", ""list_price"": 66000, ""sale_price"": 36000, ""discount_pct"": 45, ""start_date"": ""2026-09-22"", ""end_date"": ""2026-11-15""}, {""option"": ""주중ㆍ주말 대소공통 레고랜드 3인 종일권(~11/15)"", ""detail_div"": ""대소공통"", ""week_div"": ""주중+주말"", ""list_price"": 66000, ""sale_price"": 36000, ""discount_pct"": 45, ""start_date"": ""2026-09-22"", ""end_date"": ""2026-11-15""}, {""option"": ""주중ㆍ주말 대소공통 레고랜드 4인 종일권(~11/15)"", ""detail_div"": ""대소공통"", ""week_div"": ""주중+주말"", ""list_price"": 66000, ""sale_price"": 36000, ""discount_pct"": 45, ""start_date"": ""2026-09-22"", ""end_date"": ""2026-11-15""}]",2026-09-22,2026-11-15,,2026-09-22 ~ 2026-11-15,모바일티켓;바로 사용가능,즉시발송,,LMS 문자,QR/바코드 제시 / 바로 입장 | 모바일 이용권 현장 제시 후 이용 가능(재발송 가능 상품),10,"기한: 수령 후 7일 이내 | 수수료: 발송·취소 장당 1,000원 | 불가: 부분취소, 기간경과 | 접수: 유선",레고랜드코리아,강원 춘천시 하중도길 128,033-815-2300,https://www.legoland.kr/ ; https://www.legoland.kr//,모바일티켓,바로 사용가능,사용안함,[유효 ~ 26/11/15],,"★ 별도 지정일 없이 유효기간 내 이용이 가능한 상품입니다. 이용권 구매 후 바코드를 레고랜드 정문 입장시 보여주시면 바로 입장 가능합니다.★
[필독!! 발송정보]
◇ 바로 발송 가능 상품 : `결제(입금) 완료` 건에 한해서 모바일 이용권이 20분이내 휴대폰 번호로 발송(미수신 시 휴대폰 차단 기능 확인!!)
◇ 수신 후 바로 사용 가능 : 모바일 이용권 수신 후 바로 사용 가능, 결제 내역으로는 이용 불가합니다.
※ 문자발송번호 : 02-536-0836
[필독!! 이용정보]
◆ 판매 기간 : 2026년 11월 15일(일)
◆ 유효 기간 : 2026년 11월 15일(일)
◆ 이용 업체 : 레고랜드
◆ 운영 일정 : 이용업체 홈페이지 참조 필수
◆ 구매 수량 : 1인당 10매까지 구입 가능
◆ 이용 방법 : 모바일 이용권 현장 제시 후 이용 가능(재발송 가능 상품)
◆ 권종 구분 : 대인/소인/주중/주말 구분없이 1인 1매 (36개월 미만 아기는 증빙서류 필수 지참시에만 무료 이용 가능!!)
★ 주차장 이용은 유료이며, 전일 주차비용은 최대 12,000원
◆ 만12세 이하 어린이는 만16세 이상의 보호자 동반 및 이용이 필요합니다.
◆ 추가 할인 : 해당 상품은 할인 가격으로 판매되는 상품으로 추가 할인을 받으실 수 없습니다.
◆ 이용 업체에 대한 전반적인 이용 정보(운영 사항, 유의 사항, 안전 점검, 편의 시설 등)는 꼭 방문 전 아래 홈페이지를 클릭하셔서 확인하시길 바랍니다.
★ 홈페이지 : (클릭☞ 레고랜드 홈페이지 바로가기)
[필독!! 반입제한품목]
1. 애완동물(안내견 및 도우미견 제외)
2. 흉기/둔기 및 총기류
3. 폭중 및 폭약
4. 소음을 유발할 수 있는 물건(사이렌, 확성기, 개인용블루투스 스피커 등)
5. 유리병 용기(이유식 용기 허용)
6. 주류
7. 가연성 화학 물질 또는 약물
8. 자전거, 스쿠터, 일반킥보드, 전동킥보드, 스케이트보드, 롤러브레이드, 인라인스케이트
9. 드론
10. 외부음식
※ 문자발송번호 : 02-536-0836
☎고객센터 연락처 : 02-536-0836
운영시간 [주중 및 주말 동일]
● 오전 10시 ~ 오후 4시
● 점심시간 : 12:00 ~13:00
※ 취소 및 환불문의
▷ 취소 및 환불 요청은 유선으로만 가능합니다.(취소 및 환불 요청 고객센터 ☎ 02-536-0836)
→ 토요일 및 일요일 그리고 공휴일은 제외","▷ 취소 및 환불 요청은 유선으로만 가능합니다.→ 토요일 및 일요일 그리고 공휴일은 제외(취소 및 환불 요청 고객센터 ☎ 02-536-0836)
→ 고객센터 운영시간[주중 및 주말 동일] : 오전 10시 ~ 오후 4시 / 점심시간 12:00~13:00
→ 고객센터 연락처 : 02-536-0836
▷ 취소 및 환불 규정은 `전자상거래등에서의 소비자보호에 관한 현행 법률`에 의거하여 작성되었습니다.
▷ 취소 및 환불은 수령하신 날로부터 7일 이내에만 가능합니다.
▷ 해당 상품은 임직원 대상 특별 할인 가격으로 판매하는 프로모션 상품입니다.
▷ 해당 상품은 이용권에 별도 표기 된 유효(이용) 기간 내 꼭 이용하셔야 합니다.
▷ 유효(이용) 기간 경과 시 별도 연장이나 취소가 안 되는 `자동 폐기 상품`입니다. (★유효 기간 연장 불가 상품!!)
▷ 부분적인 결제 취소나 부분적인 이용이 불가능한 상품입니다.(예시 : 5명일 경우 4장+1장 결제 or 2장+3장 결제)
▷ 고객 귀책 사유로 발생하는 취소 및 환불 금액에 대한 발송 및 이체 수수료는 고객이 부담하셔야 합니다.
→ 모바일 티켓 : 발송 및 취소 수수료 장당 1,000원 발생(예시 : 1,000원 X 5장 발송 = 5,000원)
→ 종이 티켓 : 폐문, 부재중, 주소 오류 등 고객 귀책 사유로 발송된 등기 반송 시 반송 비용은 고객이 부담하셔야 합니다. (반송 비용 6,000원)
→ 공통 : 환불 금액 입금 계좌가 하나은행이 아닌 타 은행인 경우 이체 수수료 500원이 발생합니다.",2026-09-30T04:39:29
330505,테마파크,놀이공원,경주,경주월드,"꿈, 사랑, 행복의 경주월드",52000,34000,35,대인 종일권 경주월드(~26/12/31),2,"[{""option"": ""대인 종일권 경주월드(~26/12/31)"", ""detail_div"": ""대인"", ""week_div"": ""주중+주말"", ""list_price"": 52000, ""sale_price"": 34000, ""discount_pct"": 35, ""start_date"": ""0"", ""end_date"": ""2026-12-31""}, {""option"": ""소인 종일권 경주월드(~26/12/31)"", ""detail_div"": ""소인"", ""week_div"": ""주중+주말"", ""list_price"": 39000, ""sale_price"": 26500, ""discount_pct"": 32, ""start_date"": ""0"", ""end_date"": ""2026-12-31""}]",구매일,2026-12-31,,0 ~ 2026-12-31,모바일티켓;바로 사용가능,즉시발송,,LMS 문자,매표소 교환 / 바로 입장 | 모바일 이용권 현장 매표소 제시 후 이용 가능(재발송 가능 상품),10,"기한: 수령 후 7일 이내 | 수수료: 발송·취소 장당 1,000원 | 불가: 부분취소, 기간경과 | 접수: 유선",경주월드,경북 경주시 보문로 544,1544-8765,https://www.gjw.co.kr/Contents/contents.php,모바일티켓,바로 사용가능,사용안함,[유효 ~ 26/12/31],,"[필독!! 발송정보]
◇ 바로 발송 가능 상품 : `결제(입금) 완료` 건에 한해서 모바일 이용권이 20분이내 휴대폰 번호로 발송(미수신 시 휴대폰 차단 기능 확인!!)
◇ 수신 후 바로 사용 가능 : 모바일 이용권 수신 후 바로 사용 가능, 결제 내역으로는 이용 불가합니다.
※ 문자발송번호 : 02-536-0836
☎고객센터 연락처 : 02-536-0836
운영시간 [주중 및 주말 동일]
● 오전 10시 ~ 오후 4시
● 점심시간 : 12:00 ~13:00
※ 취소 및 환불문의
▷ 취소 및 환불 요청은 유선으로만 가능합니다.(취소 및 환불 요청 고객센터 ☎ 02-536-0836)
→ 토요일 및 일요일 그리고 공휴일은 제외
[필독!! 이용정보]
◆ 유효 기간 : 옵션 별 상이
◆ 이용 업체 : 경주월드
◆ 운영 일정 : 이용업체 홈페이지 참조 필수
◆ 구매 수량 : 1인당 10매까지 구입 가능
◆ 이용 방법 : 모바일 이용권 현장 매표소 제시 후 이용 가능(재발송 가능 상품)
◆ 권종 구분 : 주중/주말ㆍ공휴일 구분없이 1인 1매 (36개월 미만 아기는 보호자 신분증 및 확인서류 지참시에만 무료 이용 가능!!)
★ 구매 전 옵션 별 상품정보를 확인하세요!(대인 또는 소인)
※ 소인 : 36개월 ~ 초등학생 / 대인 : 중학생 이상
◆ 추가 할인 : 해당 상품은 할인 가격으로 판매되는 상품으로 추가 할인을 받으실 수 없습니다.
◆ 안내 사항 : 주말 및 성수기 기간 인원 초과 시 입장이 제한될 수 있으며, 시설 이용 제한 사항은 업체 규정에 따릅니다.
◆ 이용 업체에 대한 전반적인 이용 정보(운영 사항, 유의 사항, 안전 점검, 편의 시설 등)는 꼭 방문 전 아래 홈페이지를 클릭하셔서 확인하시길 바랍니다.
★ 홈페이지 : (클릭☞ 홈페이지 바로가기)","▷ 취소 및 환불 요청은 유선으로만 가능합니다.→ 토요일 및 일요일 그리고 공휴일은 제외(취소 및 환불 요청 고객센터 ☎ 02-536-0836)
→ 고객센터 운영시간[주중 및 주말 동일] : 오전 10시 ~ 오후 4시 / 점심시간 12:00~13:00
→ 고객센터 연락처 : 02-536-0836
▷ 취소 및 환불 규정은 `전자상거래등에서의 소비자보호에 관한 현행 법률`에 의거하여 작성되었습니다.
▷ 취소 및 환불은 수령하신 날로부터 7일 이내에만 가능합니다.
▷ 해당 상품은 임직원 대상 특별 할인 가격으로 판매하는 프로모션 상품입니다.
▷ 해당 상품은 이용권에 별도 표기 된 유효(이용) 기간 내 꼭 이용하셔야 합니다.
▷ 유효(이용) 기간 경과 시 별도 연장이나 취소가 안 되는 `자동 폐기 상품`입니다.(★유효 기간 연장 불가 상품!!)
▷ 부분적인 결제 취소나 부분적인 이용이 불가능한 상품입니다.(예시 : 5명일 경우 4장+1장 결제 or 2장+3장 결제)
▷ 고객 귀책 사유로 발생하는 취소 및 환불 금액에 대한 발송 및 이체 수수료는 고객이 부담하셔야 합니다.
→ 모바일 티켓 : 발송 및 취소 수수료 장당 1,000원 발생(예시 : 1,000원 X 5장 발송 = 5,000원)
→ 종이 티켓 : 폐문, 부재중, 주소 오류 등 고객 귀책 사유로 발송된 등기 반송 시 반송 비용은 고객이 부담하셔야 합니다.(반송 비용 7,500원)
→ 공통 : 환불 금액 입금 계좌가 하나은행이 아닌 타 은행인 경우 이체 수수료 500원이 발생합니다.",2026-09-30T04:39:32
328545,공연,연극,서울,연극 마트로시카,까도 까도 빵빵 터지는 폭소 연발 씨츄에이숀,66000,36960,44,대소공통 관람권 마트로시카,1,"[{""option"": ""대소공통 관람권 마트로시카"", ""detail_div"": ""대소공통"", ""week_div"": ""주중+주말"", ""list_price"": 66000, ""sale_price"": 36960, ""discount_pct"": 44, ""start_date"": ""0"", ""end_date"": ""30""}]",구매일,,30,0 ~ 30,모바일티켓;예약필수,예약필수,,,매표소 교환 / 전화 예약 | 관람 예약 확정 후 현장 매표소 방문 및 발권하여 관람 가능,100,"기한: 수령 후 7일 이내 | 수수료: 발송·취소 장당 1,000원 | 불가: 부분취소, 기간경과, 예약확정 후 | 접수: 유선(주중)",연극 마트로시카,서울특별시 중구 초동 18-5 명보아트홀 3층,010-4738-6960,,모바일티켓,예약필수,사용안함,[구매후 ~30일],,"※ 구매 전 상세이미지 내 안내사항 꼭 확인 후 구매 바랍니다.
★ 본 공연은 중학생(만13세) 이상 관람가이며 관람가 이하는 보호자 동반 유무와 관계없이 입장 불가하며, 이로 인한 당일 취소, 환불, 변경은 불가합니다. 또한 현장에서 정확한 신분확인을 위해 안내원이 학생증, 신분증, 사진 등을 요구할 수 있습니다.
※ 연극 공연 시간 안내
▷ 10월 14일(수) 공연은 전관 판매되어 예매 불가합니다.
▷ 매주 화요일 휴관
▷ 공연시간
- 월,목 / 19:30
- 수,일 및 공휴일 / 15:00
- 금 / 15:00. 19:30
- 토 / 14:00, 17:30
[필독!! 예약진행 안내]
※ 구매 후 관람하고자 하는 일자에 직접 예약 진행해주셔야합니다. [업무시간내에만 가능]
당일 구매 후 당일 예약 이용불가
◇ 예약 필수 상품 : 모바일 이용권 수신 후 직접 예약해주셔야 하며, 결제 내역으로는 이용 불가합니다.
▶ 예약방법 안내
1. 예약 가능 문의(010-4738-6960 / 평일,주말 11:00 ~ 18:00)
2. 넥스트에너지 사이트에서 티켓 구매
3. 모바일티켓 수령 후 예약 확정 연락(010-4738-6960 / 평일,주말 11:00 ~ 18:00)
▶ 티켓 수령 방법 안내
- 공연 시작 1시간 전부터 공연장 매표소에서 입장권으로 교환 후 입장 가능합니다.
[필독!! 이용정보]
◆ 공연 기간 : ~ 2027.01.03(일)
※ 공연 기간 내에만 예약 가능합니다.
◆ 관람 상품 : 연극 마트로시카
◆ 공연 시간 : 약 110분
◆ 구매 수량 : 1인당 10매까지 구입 가능
◆ 이용 방법 : 관람 예약 확정 후 현장 매표소 방문 및 발권하여 관람 가능
★ 공연 관람 1시간 전부터 티켓 수령 가능
◆ 권종 구분 : 주중/주말/공휴일 구분 없이 1인 1매 사용(중학생(만13세) 이상 관람가)
★ 본 공연은 중학생(만13세) 이상 관람가이며 관람가 이하는 보호자 동반 유무와 관계없이 입장 불가하며, 이로 인한 당일 취소, 환불, 변경은 불가합니다. 또한 현장에서 정확한 신분확인을 위해 안내원이 학생증, 신분증, 사진 등을 요구할 수 있습니다.
◆ 추가 할인 : 해당 상품은 할인 가격으로 판매되는 상품으로 추가 할인을 받으실 수 없습니다.
◆ 안내 사항 : 좌석은 공연 당일 현장 랜덤 배정 입니다.
◆ 이용 업체에 전반적인 이용 정보(운영 사항, 유의 사항, 안전 점검, 편의 시설 등)는 꼭 방문 전 홈페이지를 확인 하시길 바랍니다.
☎고객센터 연락처 : 02-536-0836
운영시간 [주중 및 주말 동일]
● 오전 10시 ~ 오후 4시
● 점심시간 : 12:00 ~13:00
※ 취소 및 환불문의
▷ 취소 및 환불 요청은 주중에 유선으로만 가능합니다.(취소 및 환불 요청 고객센터 ☎ 02-536-0836)
→ 토요일 및 일요일 그리고 공휴일은 제외","[ 예약 전 취소 · 환불 안내 ]
▷ 취소 및 환불 요청은 주중에 유선으로만 가능합니다.→ 토요일 및 일요일 그리고 공휴일은 제외(취소 및 환불 요청 고객센터 ☎ 02-536-0836)
→ 고객센터 운영시간[주중 및 주말 동일] : 오전 10시 ~ 오후 4시 / 점심시간 12:00~13:00
→ 고객센터 연락처 : 02-536-0836
▷ 취소 및 환불 규정은 `전자상거래등에서의 소비자보호에 관한 현행 법률`에 의거하여 작성되었습니다.
▷ 취소 및 환불은 수령하신 날로부터 7일 이내에만 가능합니다.
▷ 해당 상품은 임직원 대상 특별 할인 가격으로 판매하는 프로모션 상품입니다.
▷ 해당 상품은 이용권에 별도 표기 된 유효(이용) 기간 내 꼭 이용하셔야 합니다.
▷ 유효(이용) 기간 경과 시 별도 연장이나 취소가 안 되는 `자동 폐기 상품`입니다.(★유효 기간 연장 불가 상품!!)
▷ 부분적인 결제 취소나 부분적인 이용이 불가능한 상품입니다.(예시 : 5명일 경우 4장+1장 결제 or 2장+3장 결제)
▷ 고객 귀책 사유로 발생하는 취소 및 환불 금액에 대한 발송 및 이체 수수료는 고객이 부담하셔야 합니다.
→ 모바일 티켓 : 발송 및 취소 수수료 장당 1,000원 발생(예시 : 1,000원 X 5장 발송 = 5,000원)
→ 종이 티켓 : 폐문, 부재중, 주소 오류 등 고객 귀책 사유로 발송된 등기 반송 시 반송 비용은 고객이 부담하셔야 합니다.(반송 비용 7,500원)
→ 공통 : 환불 금액 입금 계좌가 하나은행이 아닌 타 은행인 경우 이체 수수료 500원이 발생합니다.
[ 예약 후 취소 · 환불 안내 ]
※ 공연상품 특성 상 예약 확정 이후에는 취소 · 환불이 불가합니다.
이 점 꼭 확인 하시고 구입 해 주시기 바랍니다.",2026-09-30T04:39:35
328609,숙박,숙박,강화,엘리야리조트&풀빌라 숙박권,전객실 오션뷰로 이루어진 강화도의 수려한 자연경관이 함께하는 리조트,356800,178400,50,디럭스 본관 주중 숙박권 엘리야리조트(~12/30),12,"[{""option"": ""디럭스 본관 주중 숙박권 엘리야리조트(~12/30)"", ""detail_div"": """", ""week_div"": ""주중"", ""list_price"": 356800, ""sale_price"": 178400, ""discount_pct"": 50, ""start_date"": ""2026-09-10"", ""end_date"": ""2026-12-30""}, {""option"": ""디럭스 본관 준주말 숙박권 엘리야리조트(~12/30)"", ""detail_div"": """", ""week_div"": ""금요일"", ""list_price"": 472000, ""sale_price"": 236000, ""discount_pct"": 50, ""start_date"": ""2026-09-10"", ""end_date"": ""2026-12-30""}, {""option"": ""디럭스 별관동 주중 숙박권 엘리야리조트(~12/30)"", ""detail_div"": """", ""week_div"": ""주중"", ""list_price"": 504000, ""sale_price"": 252000, ""discount_pct"": 50, ""start_date"": ""2026-09-10"", ""end_date"": ""2026-12-30""}, {""option"": ""스위트 본관 주중 숙박권 엘리야리조트(~12/30)"", ""detail_div"": """", ""week_div"": ""주중"", ""list_price"": 520000, ""sale_price"": 260000, ""discount_pct"": 50, ""start_date"": ""2026-09-10"", ""end_date"": ""2026-12-30""}, {""option"": ""디럭스 본관 주말 숙박권 엘리야리조트(~12/30)"", ""detail_div"": """", ""week_div"": ""주말"", ""list_price"": 552000, ""sale_price"": 276000, ""discount_pct"": 50, ""start_date"": ""2026-09-10"", ""end_date"": ""2026-12-30""}, {""option"": ""디럭스 별관동 준주말 숙박권 엘리야리조트(~12/30)"", ""detail_div"": """", ""week_div"": ""금요일"", ""list_price"": 568000, ""sale_price"": 284000, ""discount_pct"": 50, ""start_date"": ""2026-09-10"", ""end_date"": ""2026-12-30""}, {""option"": ""스위트 별관동 주중 숙박권 엘리야리조트(~12/30)"", ""detail_div"": """", ""week_div"": ""주중"", ""list_price"": 584000, ""sale_price"": 292000, ""discount_pct"": 50, ""start_date"": ""2026-09-10"", ""end_date"": ""2026-12-30""}, {""option"": ""스위트 본관 준주말 숙박권 엘리야리조트(~12/30)"", ""detail_div"": """", ""week_div"": ""금요일"", ""list_price"": 600000, ""sale_price"": 300000, ""discount_pct"": 50, ""start_date"": ""2026-09-10"", ""end_date"": ""2026-12-30""}, {""option"": ""디럭스 별관동 주말 숙박권 엘리야리조트(~12/30)"", ""detail_div"": """", ""week_div"": ""주말"", ""list_price"": 648000, ""sale_price"": 324000, ""discount_pct"": 50, ""start_date"": ""2026-09-10"", ""end_date"": ""2026-12-30""}, {""option"": ""스위트 본관 주말 숙박권 엘리야리조트(~12/30)"", ""detail_div"": """", ""week_div"": ""주말"", ""list_price"": 680000, ""sale_price"": 340000, ""discount_pct"": 50, ""start_date"": ""2026-09-10"", ""end_date"": ""2026-12-30""}, {""option"": ""스위트 별관동 준주말 숙박권 엘리야리조트(~12/30)"", ""detail_div"": """", ""week_div"": ""금요일"", ""list_price"": 680000, ""sale_price"": 340000, ""discount_pct"": 50, ""start_date"": ""2026-09-10"", ""end_date"": ""2026-12-30""}, {""option"": ""스위트 별관동 주말 숙박권 엘리야리조트(~12/30)"", ""detail_div"": """", ""week_div"": ""주말"", ""list_price"": 776000, ""sale_price"": 388000, ""discount_pct"": 50, ""start_date"": ""2026-09-10"", ""end_date"": ""2026-12-30""}]",2026-09-10,2026-12-30,,2026-09-10 ~ 2026-12-30,모바일티켓;예약필수,예약대기,,LMS 문자,전화 예약 | 사전예약 후 방문,100,"수수료: D-11 100%, D-10 10%, D-9 10%, D-8 20%, D-7 30%, D-6 40%, D-5 50%, D-4 60%, D-3 70%, D-2 80%, D-1 90% | 접수: 유선(주중)",엘리야 리조트,인천 강화군 화도면 해안남로 2782-24 엘리야 리조트&풀빌라,032-937-5921,http://www.elijahresort.com/,모바일티켓,예약필수,예약,[유효 ~ 26/12/30],,"※9월 24일 ~ 26일 예약 마감입니다.
※9월 23일 / 10월 2일 ~ 10월 5일 / 10월 8일 ~ 10월 10일 / 12월 24일 ~ 12월 26일
- 주말 요금으로 들어갑니다.
[필독!! 예약대기 안내]
◆ 해당 상품에 대한 결제완료는 ""예약대기 접수 상태""이며, 예약 확정 상태가 아닙니다.
※ 예약대기 접수 상태 : 고객이 예약 요청한 객실에 대해 예약 진행을 할수 있는 상태
[필독!! 예약진행 안내]
1. 객실 및 체크인 일자 선택 후 결제까지 진행
2. 결제완료된 예약 요청 건 예약 담당자가 확인 후 예약 가능 여부 회신
3. 예약 진행 안내
▷예약 가능 시 → 예약 확정완료 문자 발송
▷예약 불가 시 → 유선으로 안내 후 환불 접수
※ 예약 요청 정보 및 고객 정보(성함, 연락처)는 정확하게 기입 해 주셔야 합니다. (구매자의 정보 오류에 대한 책임은 구매자 귀책 사유입니다.)
[필독!! 이용정보]
◆ 예약 가능 기간 : ~ 2026년 12월 30일(수)
◆ 이용 업체 : 엘리야 리조트
- 체크인 15:00 ~ 체크아웃 익일 11:00 다음 고객을 위해 체크아웃시간을 지켜주세요.
- 규정시간 보다 늦게 퇴실 할 경우 운영규정에 따른 별도의 요금이 부과됩니다.
◆ 이용 방법 : 사전예약 후 방문
◆ 권종 구분
※ 주중 숙박권: 일요일 ~ 목요일
※ 준주말 숙박권: 금요일
※ 주말 숙박권: 토요일 및 공휴일, 공휴일 전날 포함
※ 야외 BBQ장 (가스그릴 ) 테이블당(4인 기준) 30,000원
- 운영시간 (17:00 ~ 22:00)
※ 인피니티 풀장( (성인/어린이/유아 개별 풀)
(1) 운영시간 : 오전9시30분~오후1시 / 오후2시~일몰시
(2) 만 12세 이하 어린이 및 노약자 등은 반드시 보호자와 함께 입장해야 하며 보호장비를 착용해야 합니다.
(3) 수영복, 수영모(캡모자가능), 아큐아 슈즈 착용 필수이며, 수영복용품은 대여, 판매하지 않습니다.
문신,타투를 하신분은 레시가드, 토시등으로 모두 가리셔야 입장하실 수 있습니다.
◆ 추가 할인 : 해당 상품은 할인 가격으로 판매되는 상품으로 추가 할인을 받으실 수 없습니다.
◆ 이용 업체에 대한 전반적인 이용 정보(운영 사항, 유의 사항, 안전 점검, 편의 시설 등)는 꼭 방문 전 아래 홈페이지를 클릭하셔서 확인하시길 바랍니다.
★ 홈페이지 : (클릭☞ 엘리야 리조트 홈페이지 바로가기)","[ 예약 후 취소 · 환불 안내 ]
1. 당일예약, 당일취소 시에도 업체 규정에 따라 취소수수료가 적용될 수 있습니다.
2.단순변심, 고객사정으로 인한 취소 시 취소환불수수료가 적용됩니다.
3. 사용 예정일 11일 전까지 취소 또는 계약체결당일 취소 시 100%환급
▶ 사용 예정일 10일 전까지 취소 시 10% 공제 후 환급
▶ 사용 예정일 9일 전까지 취소 시 10% 공제 후 환급
▶ 사용 예정일 8일 전까지 취소 시 20% 공제 후 환급
▶ 사용 예정일 7일 전까지 취소 시 30% 공제 후 환급
▶ 사용 예정일 6일 전까지 취소 시 40% 공제 후 환급
▶ 사용 예정일 5일 전까지 취소 시 50% 공제 후 환급
▶ 사용 예정일 4일 전까지 취소 시 60% 공제 후 환급
▶ 사용 예정일 3일 전까지 취소 시 70% 공제 후 환급
▶ 사용 예정일 2일 전까지 취소 시 80% 공제 후 환급
▶ 사용 예정일 1일 전까지 취소 시 90% 공제 후 환급
▶ 사용 예정일 당일 취소 시 환급액 없음.
▷ 취소 및 환불 요청은 주중에 유선으로만 가능합니다.(취소 및 환불 요청 고객센터 ☎ 02-536-0836)
→ 고객센터 운영시간[주중 및 주말 동일] : 오전 10시 ~ 오후 4시 / 점심시간 12:00~13:00
→ 고객센터 연락처 : 02-536-0836
→상담시간 외 문의 시 다음날 문의로 간주됩니다.",2026-09-30T04:39:37
328673,숙박,숙박,강원,에머슨 스위트 낙산,"가장 먼저 해가 뜨는 곳, 낙산의 푸른 바다를 가장 가까이에서 마주하세요",240000,120000,50,그랜드 디럭스 더블(하프 오션) 주중(일~목),20,"[{""option"": ""그랜드 디럭스 더블(하프 오션) 주중(일~목)"", ""detail_div"": """", ""week_div"": ""주중"", ""list_price"": 240000, ""sale_price"": 120000, ""discount_pct"": 50, ""start_date"": ""2026-09-10"", ""end_date"": ""2026-12-29""}, {""option"": ""에머슨 하프 오션 스위트 주중(일~목)"", ""detail_div"": """", ""week_div"": ""주중"", ""list_price"": 262000, ""sale_price"": 131000, ""discount_pct"": 50, ""start_date"": ""2026-09-10"", ""end_date"": ""2026-12-29""}, {""option"": ""그랜드 디럭스 더블(하프 오션) 금요일"", ""detail_div"": """", ""week_div"": ""금요일"", ""list_price"": 268000, ""sale_price"": 134000, ""discount_pct"": 50, ""start_date"": ""2026-09-10"", ""end_date"": ""2026-12-29""}, {""option"": ""에머슨 오션 스위트 주중(일~목)"", ""detail_div"": """", ""week_div"": ""주중"", ""list_price"": 284000, ""sale_price"": 142000, ""discount_pct"": 50, ""start_date"": ""2026-09-10"", ""end_date"": ""2026-12-29""}, {""option"": ""에머슨 하프 오션 스위트 금요일"", ""detail_div"": """", ""week_div"": ""금요일"", ""list_price"": 312000, ""sale_price"": 156000, ""discount_pct"": 50, ""start_date"": ""2026-09-10"", ""end_date"": ""2026-12-29""}, {""option"": ""그랜드 디럭스 더블(하프 오션) 토요일"", ""detail_div"": """", ""week_div"": ""토요일"", ""list_price"": 316000, ""sale_price"": 158000, ""discount_pct"": 50, ""start_date"": ""2026-09-10"", ""end_date"": ""2026-12-29""}, {""option"": ""에머슨 오션 스위트 금요일"", ""detail_div"": """", ""week_div"": ""금요일"", ""list_price"": 334000, ""sale_price"": 167000, ""discount_pct"": 50, ""start_date"": ""2026-09-10"", ""end_date"": ""2026-12-29""}, {""option"": ""에머슨 풀 오션 스위트 주중(일~목)"", ""detail_div"": """", ""week_div"": ""주중"", ""list_price"": 350000, ""sale_price"": 175000, ""discount_pct"": 50, ""start_date"": ""2026-09-10"", ""end_date"": ""2026-12-29""}, {""option"": ""에머슨 하프 오션 스위트 토요일"", ""detail_div"": """", ""week_div"": ""토요일"", ""list_price"": 360000, ""sale_price"": 180000, ""discount_pct"": 50, ""start_date"": ""2026-09-10"", ""end_date"": ""2026-12-29""}, {""option"": ""에머슨 오션 스위트 토요일"", ""detail_div"": """", ""week_div"": ""토요일"", ""list_price"": 382000, ""sale_price"": 191000, ""discount_pct"": 50, ""start_date"": ""2026-09-10"", ""end_date"": ""2026-12-29""}, {""option"": ""에머슨 프리미엄 오션 스위트 주중(일~목)"", ""detail_div"": """", ""week_div"": ""주중"", ""list_price"": 394000, ""sale_price"": 197000, ""discount_pct"": 50, ""start_date"": ""2026-09-10"", ""end_date"": ""2026-12-29""}, {""option"": ""에머슨 풀 오션 스위트 금요일"", ""detail_div"": """", ""week_div"": ""금요일"", ""list_price"": 400000, ""sale_price"": 200000, ""discount_pct"": 50, ""start_date"": ""2026-09-10"", ""end_date"": ""2026-12-29""}, {""option"": ""에머슨 프리미엄 오션 스위트 금요일"", ""detail_div"": """", ""week_div"": ""금요일"", ""list_price"": 460000, ""sale_price"": 230000, ""discount_pct"": 50, ""start_date"": ""2026-09-10"", ""end_date"": ""2026-12-29""}, {""option"": ""에머슨 풀 오션 스위트 토요일"", ""detail_div"": """", ""week_div"": ""토요일"", ""list_price"": 470000, ""sale_price"": 235000, ""discount_pct"": 50, ""start_date"": ""2026-09-10"", ""end_date"": ""2026-12-29""}, {""option"": ""에머슨 프리미엄 오션 스위트 토요일"", ""detail_div"": """", ""week_div"": ""토요일"", ""list_price"": 494000, ""sale_price"": 247000, ""discount_pct"": 50, ""start_date"": ""2026-09-10"", ""end_date"": ""2026-12-29""}, {""option"": ""그랜드 디럭스 더블(하프 오션) 공휴일"", ""detail_div"": """", ""week_div"": ""주중+주말"", ""list_price"": 494000, ""sale_price"": 247000, ""discount_pct"": 50, ""start_date"": ""2026-09-10"", ""end_date"": ""2026-12-29""}, {""option"": ""에머슨 하프 오션 스위트 공휴일"", ""detail_div"": """", ""week_div"": ""주중+주말"", ""list_price"": 580000, ""sale_price"": 290000, ""discount_pct"": 50, ""start_date"": ""2026-09-10"", ""end_date"": ""2026-12-29""}, {""option"": ""에머슨 오션 스위트 공휴일"", ""detail_div"": """", ""week_div"": ""주중+주말"", ""list_price"": 604000, ""sale_price"": 302000, ""discount_pct"": 50, ""start_date"": ""2026-09-10"", ""end_date"": ""2026-12-29""}, {""option"": ""에머슨 풀 오션 스위트 공휴일"", ""detail_div"": """", ""week_div"": ""주중+주말"", ""list_price"": 660000, ""sale_price"": 330000, ""discount_pct"": 50, ""start_date"": ""2026-09-10"", ""end_date"": ""2026-12-29""}, {""option"": ""에머슨 프리미엄 오션 스위트 공휴일"", ""detail_div"": """", ""week_div"": ""주중+주말"", ""list_price"": 726000, ""sale_price"": 363000, ""discount_pct"": 50, ""start_date"": ""2026-09-10"", ""end_date"": ""2026-12-29""}]",2026-09-10,2026-12-29,,2026-09-10 ~ 2026-12-29,모바일티켓;예약필수,예약대기,,LMS 문자,전화 예약 | 사전예약 후 방문,100,"수수료: D-3 100%, D-2 50% | 접수: 유선(주중)",에머슨 스위트 낙산,강원 양양군 양양읍 해맞이길 88,0507-1345-9900,https://www.emersonsuitesnaksan.com/,모바일티켓,예약필수,예약,[유효 ~ 26/12/29],,"※ 9/23(수) & 10/2(금) & 10/8(목) & 12/24(목) 기간은 토요일 요금 적용됩니다.
※ 추석연휴(9/24 ~ 26) & 10/3 ~ 4, 10/9 ~ 10, X-max 12/25 ~ 26 기간은 공휴일 요금으로 적용됩니다.
[필독!! 예약대기 안내]
◆ 해당 상품에 대한 결제완료는 ""예약대기 접수 상태""이며, 예약 확정 상태가 아닙니다.
※ 예약대기 접수 상태 : 고객이 예약 요청한 객실에 대해 예약 진행을 할수 있는 상태
[필독!! 예약진행 안내]
1. 객실 및 체크인 일자 선택 후 결제까지 진행
2. 결제완료된 예약 요청 건 예약 담당자가 확인 후 예약 가능 여부 회신
3. 예약 진행 안내
▷예약 가능 시 → 예약 확정완료 문자 발송
▷예약 불가 시 → 유선으로 안내 후 환불 접수
※ 예약 요청 정보 및 고객 정보(성함, 연락처)는 정확하게 기입 해 주셔야 합니다. (구매자의 정보 오류에 대한 책임은 구매자 귀책 사유입니다.)
[필독!! 이용정보]
◆ 예약 가능 기간 : ~ 2026년 12월 29일(화)
◆ 이용 업체 : 에머슨 스위트 낙산
◆ 이용 방법 : 사전예약 후 방문
◆ 권종 구분
※ 주중 숙박권: 일요일 ~ 목요일
* 인원 수 추가 비용은 무료이며 침구류 추가 시 44,000원/set 추가되며 소진 시 제공 불가
* 전 객실 취사 불가합니다.
◆ 추가 할인 : 해당 상품은 할인 가격으로 판매되는 상품으로 추가 할인을 받으실 수 없습니다.
◆ 이용 업체에 대한 전반적인 이용 정보(운영 사항, 유의 사항, 안전 점검, 편의 시설 등)는 꼭 방문 전 아래 홈페이지를 클릭하셔서 확인하시길 바랍니다.
★ 홈페이지 : (클릭☞ 에머슨 스위트 낙산 홈페이지 바로가기)","[ 예약 후 취소 · 환불 안내 ]
1. 당일예약, 당일취소 시에도 업체 규정에 따라 취소수수료가 적용될 수 있습니다.
2. 단순변심, 고객사정으로 인한 취소 시 취소환불수수료가 적용됩니다.
3. 투숙 예정일 3일 전까지 취소 또는 계약체결당일 취소 시 100%환급
▶ 투숙 예정일 2일 전까지 취소 시 50% 공제 후 환급
▶ 투숙 예정일 당일 취소 시 환급액 없음.
▷ 취소 및 환불 요청은 주중에 유선으로만 가능합니다.(취소 및 환불 요청 고객센터 ☎ 02-536-0836)
→ 고객센터 운영시간[주중 및 주말 동일] : 오전 10시 ~ 오후 4시 / 점심시간 12:00~13:00
→ 고객센터 연락처 : 02-536-0836
→상담시간 외 문의 시 다음날 문의로 간주됩니다.",2026-09-30T04:39:39
329434,워터파크,워터파크,의정부,장암 아일랜드캐슬 워터파크 1인 종일권,사계절 내내 핫하게!! 수도권 HOT & NEW 워터파크,45000,21000,53,(대소공통)장암 1인 종일권 (9/4~10/31)*구명조끼 미포함,1,"[{""option"": ""(대소공통)장암 1인 종일권 (9/4~10/31)*구명조끼 미포함"", ""detail_div"": ""대소공통"", ""week_div"": ""주중+주말"", ""list_price"": 45000, ""sale_price"": 21000, ""discount_pct"": 53, ""start_date"": ""2026-09-04"", ""end_date"": ""2026-10-31""}]",2026-09-04,2026-10-31,,2026-09-04 ~ 2026-10-31,모바일티켓;바로 사용가능,즉시발송,,LMS 문자,바로 입장,10,"기한: 수령 후 7일 이내 | 수수료: 발송·취소 장당 1,000원 | 불가: 부분취소, 기간경과 | 접수: 유선",장암아일랜드캐슬 워터파크,경기도 의정부시 장곡로 22,031-894-0331,https://waterpark.islandcastle.net/,모바일티켓,바로 사용가능,사용안함,[유효 ~ 26/10/31],,"◆주말 또는 휴장 및 기상상황에 따라 입장제한이 있을 수 있습니다.
◆9월, 10월 매주 화, 수, 목은 휴장(단, 9월24일(목)운영)
*워터파크 운영시간*
- 매표소/사우나 09:00 ~ 18:00 (금/토/일/월요일,공휴일)
- 찜질방/바데풀 09:00 ~ 17:30 (금/토/일/월요일,공휴일)
- 워터파크(실내)10:00 ~ 17:30 (금/토/일/월요일,공휴일)
- 워터파크(실외) 미운영
●상품 구성 :
10월31일까지 - 워터파크+바데풀
타올은 현장 유료대여이며, 지참시 사우나 이용가능
※찜질방 이용시는 현장에서 유료로 구매하셔야합니다.
※ 입장제한 시 입장/입장대기가 불가할 수 있습니다.
※ 락커키는 랜덤지급 됩니다(일행분들과 떨어져서 지급 될 수 있습니다)
※ 페이스타월 대여비용:1장 당 1,500원(7월 25일부터)
꼭 참고 후 구매 바랍니다.
[구명조끼 미포함 상품]
●키분실요금 25,000원
●이용 가능 기간 및 요일에 따라 시설 운영일정이 다릅니다. 방문 전 홈페이지를 참조 해 주시기 바랍니다.
[필독!! 발송정보]
◇ 바로 발송 가능 상품 : `결제(입금) 완료` 건에 한해서 모바일 이용권이 20분이내 휴대폰 번호로 발송(미수신 시 휴대폰 차단 기능 확인!!)
◇ 수신 후 바로 사용 가능 : 모바일 이용권 수신 후 바로 사용 가능, 결제 내역으로는 이용 불가합니다.
※ 문자발송번호 : 02-536-0836
[필독!! 이용정보]
*이용안내*
26년 7월 25일(토) 부터 개인 타월 및 샤워 비품 필수지참
(타월 미제공 / 타월 1장 1,500원 대여)
◆ 이용 업체 : 장암 아일랜드 캐슬 워터파크
◆ 권종 구분 : 대인/소인 구분없이 1인 1매 (36개월 미만 아기는 보호자 신분증 및 확인서류 지참시에만 무료 이용 가능!!)
◆ 추가 할인 : 해당 상품은 할인 가격으로 판매되는 상품으로 추가 할인을 받으실 수 없습니다.
◆ 안내 사항 : 주말 및 성수기 기간 인원 초과 시 입장이 제한될 수 있으며, 시설 이용 제한 사항은 업체 규정에 따릅니다.
◆ 이용 업체에 대한 전반적인 이용 정보(운영 사항, 유의 사항, 안전 점검, 편의 시설 등)는 꼭 방문 전 아래 홈페이지를 클릭하셔서 확인하시길 바랍니다.
★ 홈페이지 : (클릭☞ 아일랜드 캐슬 워터파크 홈페이지 바로가기)
※ 문자발송번호 : 02-536-0836
☎고객센터 연락처 : 02-536-0836
운영시간 [주중 및 주말 동일]
● 오전 10시 ~ 오후 4시
● 점심시간 : 12:00 ~13:00
※ 취소 및 환불문의
▷ 취소 및 환불 요청은 유선으로만 가능합니다.(취소 및 환불 요청 고객센터 ☎ 02-536-0836)
→ 토요일 및 일요일 그리고 공휴일은 제외","▷ 취소 및 환불 요청은 유선으로만 가능합니다.→ 토요일 및 일요일 그리고 공휴일은 제외(취소 및 환불 요청 고객센터 ☎ 02-536-0836)
→ 고객센터 운영시간 : 평일 10:00~16:00 운영 / 점심시간 12:00~13:00
▷ 취소 및 환불 규정은 `전자상거래등에서의 소비자보호에 관한 현행 법률`에 의거하여 작성되었습니다.
▷ 취소 및 환불은 수령하신 날로부터 7일 이내에만 가능합니다.
▷ 해당 상품은 임직원 대상 특별 할인 가격으로 판매하는 프로모션 상품입니다.
▷ 해당 상품은 이용권에 별도 표기 된 유효(이용) 기간 내 꼭 이용하셔야 합니다.
▷ 유효(이용) 기간 경과 시 별도 연장이나 취소가 안 되는 `자동 폐기 상품`입니다. (★유효 기간 연장 불가 상품!!)
▷ 부분적인 결제 취소나 부분적인 이용이 불가능한 상품입니다.(예시 : 5명일 경우 4장+1장 결제 or 2장+3장 결제)
▷ 고객 귀책 사유로 발생하는 취소 및 환불 금액에 대한 발송 및 이체 수수료는 고객이 부담하셔야 합니다.
→ 모바일 티켓 : 발송 및 취소 수수료 장당 1,000원 발생(예시 : 1,000원 X 5장 발송 = 5,000원)
→ 종이 티켓 : 폐문, 부재중, 주소 오류 등 고객 귀책 사유로 발송된 등기 반송 시 반송 비용은 고객이 부담하셔야 합니다. (반송 비용 6,000원)
→ 공통 : 환불 금액 입금 계좌가 하나은행이 아닌 타 은행인 경우 이체 수수료 500원이 발생합니다.",2026-09-30T04:39:41
225306,서울베스트의료의원,건강검진,서울,서울베스트의료의원 건강검진,종합검진에 대한 모든 것,0,250000,0,종합건강검진 A형,3,"[{""option"": ""종합건강검진 A형"", ""detail_div"": """", ""week_div"": """", ""list_price"": 0, ""sale_price"": 250000, ""discount_pct"": 0, ""start_date"": ""0"", ""end_date"": ""0""}, {""option"": ""종합건강검진 B형"", ""detail_div"": """", ""week_div"": """", ""list_price"": 0, ""sale_price"": 300000, ""discount_pct"": 0, ""start_date"": ""0"", ""end_date"": ""0""}, {""option"": ""종합건강검진 C형"", ""detail_div"": """", ""week_div"": """", ""list_price"": 0, ""sale_price"": 500000, ""discount_pct"": 0, ""start_date"": ""0"", ""end_date"": ""0""}]",구매일,,0,0 ~ 0,;광고상품,광고상품,,,전화 예약,10,,서울베스트의료의원,서울 중구 다산로46길 17 두산위브더제니스 2층 서울베스트의료의원,02-2135-1357,http://www.sbestmc.com/,,광고상품,사용안함,[광고상품],,"★ 넥스트에너지 고객을 위한 특별 제휴 행사 ★
건강검진이 필요하다면 대학병원급 최첨단 검사장비와 경력 높은 의료진을 모두 갖춘 서울베스트의료의원을 만나보세요.
※ ☞홈페이지클릭
▶ 예약방법 안내
예약문의 : 02-2135-1357(병원 콜센터)
문의 시 넥스트에너지 고객이라고 말씀해주세요!
[상품 구매 안내]
ㆍ 상담을 통하여 예약할 수 있는 상품입니다.",,2026-09-30T04:39:43
324512,레져,액티비티,영월,동강흥국래프팅,당일로 다녀오는 당신의 익스트림! 아름다운 영월 동강과 함께하세요.,15000,10000,33,워터밤 물총 대여 동강흥국래프팅(~9/30),10,"[{""option"": ""워터밤 물총 대여 동강흥국래프팅(~9/30)"", ""detail_div"": ""대소공통"", ""week_div"": ""주중+주말"", ""list_price"": 15000, ""sale_price"": 10000, ""discount_pct"": 33, ""start_date"": ""0"", ""end_date"": ""2026-09-30""}, {""option"": ""래프팅 1인 이용권 동강흥국래프팅(~9/30)"", ""detail_div"": ""대소공통"", ""week_div"": ""주중+주말"", ""list_price"": 45000, ""sale_price"": 30000, ""discount_pct"": 33, ""start_date"": ""2026-06-17"", ""end_date"": ""2026-09-30""}, {""option"": ""래프팅+다슬기체험 동강흥국래프팅(~9/30)"", ""detail_div"": ""대소공통"", ""week_div"": ""주중+주말"", ""list_price"": 55000, ""sale_price"": 35000, ""discount_pct"": 36, ""start_date"": ""0"", ""end_date"": ""2026-09-30""}, {""option"": ""래프팅+조식or중식 동강흥국래프팅(~9/30)"", ""detail_div"": ""대소공통"", ""week_div"": ""주중+주말"", ""list_price"": 51000, ""sale_price"": 38000, ""discount_pct"": 25, ""start_date"": ""0"", ""end_date"": ""2026-09-30""}, {""option"": ""래프팅+닭백숙 동강흥국래프팅(~9/30)"", ""detail_div"": ""대소공통"", ""week_div"": ""주중+주말"", ""list_price"": 60000, ""sale_price"": 45000, ""discount_pct"": 25, ""start_date"": ""0"", ""end_date"": ""2026-09-30""}, {""option"": ""래프팅+닭볶음탕 동강흥국래프팅(~9/30)"", ""detail_div"": ""대소공통"", ""week_div"": ""주중+주말"", ""list_price"": 60000, ""sale_price"": 45000, ""discount_pct"": 25, ""start_date"": ""0"", ""end_date"": ""2026-09-30""}, {""option"": ""래프팅+민물매운탕 동강흥국래프팅(~9/30)"", ""detail_div"": ""대소공통"", ""week_div"": ""주중+주말"", ""list_price"": 60000, ""sale_price"": 45000, ""discount_pct"": 25, ""start_date"": ""0"", ""end_date"": ""2026-09-30""}, {""option"": ""래프팅+ATV 동강흥국래프팅(~9/30)"", ""detail_div"": ""대소공통"", ""week_div"": ""주중+주말"", ""list_price"": 85000, ""sale_price"": 55000, ""discount_pct"": 35, ""start_date"": ""0"", ""end_date"": ""2026-09-30""}, {""option"": ""래프팅+서바이벌 동강흥국래프팅(~9/30)"", ""detail_div"": ""대소공통"", ""week_div"": ""주중+주말"", ""list_price"": 75000, ""sale_price"": 55000, ""discount_pct"": 27, ""start_date"": ""0"", ""end_date"": ""2026-09-30""}, {""option"": ""래프팅+무제한삼겹살 동강흥국래프팅(~9/30)"", ""detail_div"": ""대소공통"", ""week_div"": ""주중+주말"", ""list_price"": 70000, ""sale_price"": 55000, ""discount_pct"": 21, ""start_date"": ""0"", ""end_date"": ""2026-09-30""}]",구매일,2026-09-30,,0 ~ 2026-09-30,모바일티켓;예약필수,예약필수,큐패스코리아,알림톡/LMS 문자,전화 예약 / 바로 입장 | 사전 예약 후 방문,100,"기한: 수령 후 7일 이내 | 수수료: 발송·취소 장당 1,000원, D-3 기본수수료, D-2 50% | 불가: 부분취소, 기간경과, 당일·노쇼 | 접수: 유선(주중)",동강흥국래프팅,강원도 영월군 영월읍 삼옥리 231-1,033-375-0846,http://donggang114.co.kr/,모바일티켓,예약필수,사용안함,[유효 ~ 26/09/30],,"[필독!! 발송정보]
◇ 예약 필수 상품 : 모바일 이용권 수신 후 직접 예약해주셔야 하며, 결제 내역으로는 이용 불가합니다.
[이용방법]
1) 티켓구매 후 알림톡(LMS) 수신
* 최소 이용 3일 전 원하는 상품 구매
2) 구매 1시간 후 현장으로 예약문의 전화를 꼭! 주시기 바랍니다.
* 예약 안내: 033-375-0846
* 예약확정 후 티켓은 사용처리 되오니 참고 부탁드립니다.
3) 이용 당일 현장 방문 후 구매정보 확인
* 구매자 성함 및 휴대폰 번호 뒷 4자리 확인
◇ 바로 발송 가능 상품 : `결제(입금) 완료` 건에 한해서 모바일 이용권이 20분이내 휴대폰 번호로 발송
(미수신 시 휴대폰 차단 기능 확인!!)
※ 카카오톡 발송채널 : 큐패스코리아
▶ 주문건 발송시간안내 [주중 및 주말 동일]
※ 바로사용가능 外 티켓은 하단내용 참고
● 오전 10시부터 ~ 오후 4시이전 주문건 1시간내로 발송
● 오후 4시이후부터 ~ 다음날 오전 10시이전 주문건은 오전 10시이후부터 1시간내로 발송
→ 고객센터 운영시간[주중 및 주말 동일] : 오전 10시 ~ 오후 4시 / 점심시간 12:00~13:00
→ 고객센터 연락처 : 02-536-0836
[필독!! 이용정보]
◆ 유효 기간 : ~ 2026년 9월 30일(수) 까지
◆ 이용 업체 : 동강흥국래프팅
◆ 운영 일정 : 이용업체 홈페이지 참조 필수
◆ 이용 방법 : 사전 예약 후 방문
◆ 권종 구분 : 대인/소인/주중/주말ㆍ공휴일 구분없이 1인 1매
★ 구매 전 옵션 별 상품정보 및 유의사항을 확인하세요!(하단 상세이미지 확인 필수)
◆ 추가 할인 : 해당 상품은 할인 가격으로 판매되는 상품으로 추가 할인을 받으실 수 없습니다.
◆ 안내 사항 : 주말 및 성수기 기간 인원 초과 시 입장이 제한될 수 있으며, 시설 이용 제한 사항은 업체 규정에 따릅니다.
◆ 이용 업체에 대한 전반적인 이용 정보(운영 사항, 유의 사항, 안전 점검, 편의 시설 등)는 꼭 방문 전 아래 홈페이지를 클릭하셔서 확인하시길 바랍니다.
★ 홈페이지 : (클릭☞ 동강흥국래프팅 홈페이지 바로가기)
[래프팅 유의사항]
1. 래프팅 출발부터 도착 시 까지 안전보호장비(헬멧,구명조끼 등)을 착용바랍니다.
2. 급류에서는 절대 하선하지 않습니다.
3. 음주자나 정신지체자, 임산부, 금치산자 또는 심장질환으로 진료를 받은 분은 탑승할 수 없습니다.
4. 만 6세 이상 탑승 가능합니다. (보호자 동반 필수)
5. 보트에 음식물 또는 주류 등을 반입 금지합니다.
6. 래프팅 이용 1시간 전에는 음식물 섭취를 자제 해주시기 바랍니다.
7. 보트 승선 후 안전요원 지시에 불응하고 일어난 안전사고에 대해서는 일체의 책임이 없습니다.
8. 래프팅 보트 승선 후에는 일체의 개인행동을 하지 않습니다.
9. 6개월 이내 병원 진료를 받은 사람이 업체(가이드)에 알리지 않고, 탑승했을 경우 일어난 사고에 대해서 래프팅 업체는 책임을 지지 않습니다.
10. 상품을 구매하신 후 현장에 전화하시면 래프팅,식사,교통편,할인 등의 사항을 자세히 안내 드리겠습니다.
11. 래프팅 보트 1대당 12명 정원으로 미달시 다른팀과 동승하게 되니 참고바랍니다.
12. 래프팅은 유속에 따라 소요시간이 달라 질수 있으며, 출발시간이 변경 될 수 있습니다.
13. 상기 일정 및 소요시간은 래프팅 코스 및 현지 사정에 따라 변경 될 수 있습니다.","[ 예약 전 취소 · 환불 안내 ]
▷ 취소 및 환불 요청은 주중에 유선으로만 가능합니다.(취소 및 환불 요청 고객센터 ☎ 02-536-0836)
→ 고객센터 운영시간[주중 및 주말 동일] : 오전 10시 ~ 오후 4시 / 점심시간 12:00~13:00
→ 고객센터 연락처 : 02-536-0836
▷ 취소 및 환불 규정은 `전자상거래등에서의 소비자보호에 관한 현행 법률`에 의거하여 작성되었습니다.
▷ 취소 및 환불은 수령하신 날로부터 7일 이내에만 가능합니다.
▷ 해당 상품은 임직원 대상 특별 할인 가격으로 판매하는 프로모션 상품입니다.
▷ 해당 상품은 이용권에 별도 표기 된 유효(이용) 기간 내 꼭 이용하셔야 합니다.
▷ 유효(이용) 기간 경과 시 별도 연장이나 취소가 안 되는 `자동 폐기 상품`입니다.(★유효 기간 연장 불가 상품!!)
▷ 부분적인 결제 취소나 부분적인 이용이 불가능한 상품입니다.(예시 : 5명일 경우 4장+1장 결제 or 2장+3장 결제)
▷ 고객 귀책 사유로 발생하는 취소 및 환불 금액에 대한 발송 및 이체 수수료는 고객이 부담하셔야 합니다.
→ 모바일 티켓 : 발송 및 취소 수수료 장당 1,000원 발생(예시 : 1,000원 X 5장 발송 = 5,000원)
→ 종이 티켓 : 폐문, 부재중, 주소 오류 등 고객 귀책 사유로 발송된 등기 반송 시 반송 비용은 고객이 부담하셔야 합니다.(반송 비용 7,500원)
→ 공통 : 환불 금액 입금 계좌가 하나은행이 아닌 타 은행인 경우 이체 수수료 500원이 발생합니다.
[ 예약 후 취소 · 환불 안내 ]
▶ 예약일 기준 3일 전까지 기본 수수료(예약 전 발생하는 발송 취소 수수료) 발생.
▶ 예약일 기준 2일 전까지 50% 수수료 발생.
▶ 예약일 기준 1일 전 ~ 당일 및 NO show 환불 불가.
※ 동강흥국래프팅 예약 취소 후 넥스트에너지 고객센터(02-536-0836)로 연락주시기 바랍니다.
※ 취소 · 환불은 평일(월요일 ~ 금요일) 환불상담 가능 시간에만 가능합니다.
(10:00 ~ 16:00/점심시간 12:00 ~ 13:00 제외)
→상담시간 외 문의 시 다음날 문의로 간주됩니다.",2026-09-30T04:39:45
330442,워터파크,워터파크,아산,아산스파비스,따뜻한 천연 온천수로 즐기는 물놀이,50000,20000,60,주중·주말공통이용권 아산스파비스(~26/12/31),1,"[{""option"": ""주중·주말공통이용권 아산스파비스(~26/12/31)"", ""detail_div"": ""대소공통"", ""week_div"": ""주중+주말"", ""list_price"": 50000, ""sale_price"": 20000, ""discount_pct"": 60, ""start_date"": ""2026-09-29"", ""end_date"": ""2026-12-31""}]",2026-09-29,2026-12-31,,2026-09-29 ~ 2026-12-31,모바일티켓;바로 사용가능,즉시발송,,LMS 문자,QR/바코드 제시 / 매표소 교환 / 바로 입장 | LMS 바코드 문자 이용권 현장 매표소 제시 후 이용 가능(재발송 가능 상품),20,"기한: 수령 후 7일 이내 | 수수료: 발송·취소 장당 1,000원 | 불가: 부분취소, 기간경과 | 접수: 유선",아산스파비스,충남 아산시 음봉면 아산온천로157번길 67 아산스파비스,041-539-2000,https://www.spavis.co.kr/,모바일티켓,바로 사용가능,사용안함,[유효 ~ 26/12/31],,"[필독!! 발송정보]
◇ 바로 발송 가능 상품 : `결제(입금) 완료` 건에 한해서 LMS 바코드 이용권 문자가 20분이내 휴대폰 번호로 발송(미수신 시 휴대폰 차단 기능 확인!!)
◇ 수신 후 바로 사용 가능 : LMS 바코드 이용권 문자 수신 후 바로 사용 가능, 결제 내역으로는 이용 불가합니다.
※ 문자발송번호 : 02-536-0836
[필독!! 이용정보]
◆ 유효 기간 : 옵션 별 상이
◆ 이용 업체 : 아산스파비스
◆ 클린 데이 : 이용업체 홈페이지 참조 필수
◆ 구매 수량 : 1인당 10매까지 구입 가능
◆ 이용 방법 : LMS 바코드 문자 이용권 현장 매표소 제시 후 이용 가능(재발송 가능 상품)
◆ 권종 구분 : 대인/소인 구분없이 1인 1매 (36개월 미만 아기는 보호자 신분증 및 확인서류 지참시에만 무료 이용 가능!!)
★ 구매 전 옵션 별 상품정보를 확인하세요!(주중 또는 주말·공휴일 / 옵션 별 유효기간)
◆ 추가 할인 : 해당 상품은 할인 가격으로 판매되는 상품으로 추가 할인을 받으실 수 없습니다.
◆ 안내 사항 : 주말 및 성수기 기간 인원 초과 시 입장이 제한될 수 있으며, 시설 이용 제한 사항은 업체 규정에 따릅니다.
◆ 이용 업체에 대한 전반적인 이용 정보(운영 사항, 유의 사항, 안전 점검, 편의 시설 등)는 꼭 방문 전 아래 홈페이지를 클릭하셔서 확인하시길 바랍니다.
★ 홈페이지 : (클릭☞ 아산스파비스 홈페이지 바로가기)
☎고객센터 연락처 : 02-536-0836
운영시간 [주중 및 주말 동일]
● 오전 10시 ~ 오후 4시
● 점심시간 : 12:00 ~13:00
※ 취소 및 환불문의
▷ 취소 및 환불 요청은 주중에 유선으로만 가능합니다.(취소 및 환불 요청 고객센터 ☎ 02-536-0836)
→ 토요일 및 일요일 그리고 공휴일은 제외","▷ 취소 및 환불 요청은 유선으로만 가능합니다.→ 토요일 및 일요일 그리고 공휴일은 제외(취소 및 환불 요청 고객센터 ☎ 02-536-0836)
→ 고객센터 운영시간[주중 및 주말 동일] : 오전 10시 ~ 오후 4시 / 점심시간 12:00~13:00
→ 고객센터 연락처 : 02-536-0836
▷ 취소 및 환불 규정은 `전자상거래등에서의 소비자보호에 관한 현행 법률`에 의거하여 작성되었습니다.
▷ 취소 및 환불은 수령하신 날로부터 7일 이내에만 가능합니다.
▷ 해당 상품은 임직원 대상 특별 할인 가격으로 판매하는 프로모션 상품입니다.
▷ 해당 상품은 이용권에 별도 표기 된 유효(이용) 기간 내 꼭 이용하셔야 합니다.
▷ 유효(이용) 기간 경과 시 별도 연장이나 취소가 안 되는 `자동 폐기 상품`입니다. (★유효 기간 연장 불가 상품!!)
▷ 부분적인 결제 취소나 부분적인 이용이 불가능한 상품입니다.(예시 : 5명일 경우 4장+1장 결제 or 2장+3장 결제)
▷ 고객 귀책 사유로 발생하는 취소 및 환불 금액에 대한 발송 및 이체 수수료는 고객이 부담하셔야 합니다.
→ 모바일 티켓 : 발송 및 취소 수수료 장당 1,000원 발생(예시 : 1,000원 X 5장 발송 = 5,000원)
→ 종이 티켓 : 폐문, 부재중, 주소 오류 등 고객 귀책 사유로 발송된 등기 반송 시 반송 비용은 고객이 부담하셔야 합니다. (반송 비용 6,000원)
→ 공통 : 환불 금액 입금 계좌가 하나은행이 아닌 타 은행인 경우 이체 수수료 500원이 발생합니다.",2026-09-30T04:39:48
330001,테마파크,테마파크,부천,볼베어파크 실내 키즈카페,우리 아이의 취향저격 놀이터!,9000,7650,15,평일 주말 통합권 대인권 부천 볼베어파크(~12/31),3,"[{""option"": ""평일 주말 통합권 대인권 부천 볼베어파크(~12/31)"", ""detail_div"": ""대인"", ""week_div"": ""주중+주말"", ""list_price"": 9000, ""sale_price"": 7650, ""discount_pct"": 15, ""start_date"": ""0"", ""end_date"": ""2026-12-31""}, {""option"": ""평일 주말 통합권 영유아권 부천 볼베어파크(~12/31)"", ""detail_div"": ""소인"", ""week_div"": ""주중+주말"", ""list_price"": 12000, ""sale_price"": 10200, ""discount_pct"": 15, ""start_date"": ""0"", ""end_date"": ""2026-12-31""}, {""option"": ""평일 주말 통합권 소인권 부천 볼베어파크(~12/31)"", ""detail_div"": ""소인"", ""week_div"": ""주중+주말"", ""list_price"": 28000, ""sale_price"": 23800, ""discount_pct"": 15, ""start_date"": ""0"", ""end_date"": ""2026-12-31""}]",구매일,2026-12-31,,0 ~ 2026-12-31,모바일티켓;바로 사용가능,즉시발송,엘에스컴퍼니,알림톡,매표소 교환 / 바로 입장 | 모바일 이용권 현장 매표소 제시 후 이용 가능(재발송 가능 상품),20,"기한: 수령 후 7일 이내 | 수수료: 발송·취소 장당 1,000원 | 불가: 부분취소, 기간경과 | 접수: 유선(주중)",부천볼베어파크,경기 부천시 원미구 조마루로 2 웅진플레이도시 2층 볼베어파크,0507-1421-7789,,모바일티켓,바로 사용가능,사용안함,[유효 ~ 26/12/31],,"[필독!! 발송정보]
◇ 바로 발송 가능 상품 : `결제(입금) 완료` 건에 한해서 모바일 이용권이 20분이내 휴대폰 번호로 발송(미수신 시 휴대폰 차단 기능 확인!!)
◇ 수신 후 바로 사용 가능 : 모바일 이용권 수신 후 바로 사용 가능, 결제 내역으로는 이용 불가합니다.
※ 카카오톡발송채널 : 엘에스컴퍼니
[필독!! 이용정보]
◆ 구매 전 상세이미지 내 안내사항을 꼭 확인해주세요.
◆ 유효 기간 : ~ 2026-12-31 까지
◆ 이용 업체 : 부천볼베어파크
◆ 운영 일정 : 이용업체 홈페이지 참조 필수
◆ 구매 수량 : 1인당 10매까지 구입 가능
◆ 이용 방법 : 모바일 이용권 현장 매표소 제시 후 이용 가능(재발송 가능 상품)
◆ 권종 구분 : 주중/주말·공휴일 구분없이 1인 1매
◆ 추가 할인 : 해당 상품은 할인 가격으로 판매되는 상품으로 추가 할인을 받으실 수 없습니다.
◆ 이용 업체에 대한 전반적인 이용 정보(운영 사항, 유의 사항, 안전 점검, 편의 시설 등)는 꼭 방문 홈페이지를 확인하시길 바랍니다.","▷ 취소 및 환불 요청은 주중에 유선으로만 가능합니다.(취소 및 환불 요청 고객센터 ☎ 02-536-0836)
→ 고객센터 운영시간 : 평일 10:00~16:00 운영 / 점심시간 12:00~13:00
▷ 취소 및 환불 규정은 `전자상거래등에서의 소비자보호에 관한 현행 법률`에 의거하여 작성되었습니다.
▷ 취소 및 환불은 수령하신 날로부터 7일 이내에만 가능합니다.
▷ 해당 상품은 임직원 대상 특별 할인 가격으로 판매하는 프로모션 상품입니다.
▷ 해당 상품은 이용권에 별도 표기 된 유효(이용) 기간 내 꼭 이용하셔야 합니다.
▷ 유효(이용) 기간 경과 시 별도 연장이나 취소가 안 되는 `자동 폐기 상품`입니다.(★유효 기간 연장 불가 상품!!)
▷ 부분적인 결제 취소나 부분적인 이용이 불가능한 상품입니다.(예시 : 5명일 경우 4장+1장 결제 or 2장+3장 결제)
▷ 고객 귀책 사유로 발생하는 취소 및 환불 금액에 대한 발송 및 이체 수수료는 고객이 부담하셔야 합니다.
→ 모바일 티켓 : 발송 및 취소 수수료 장당 1,000원 발생(예시 : 1,000원 X 5장 발송 = 5,000원)
→ 종이 티켓 : 폐문, 부재중, 주소 오류 등 고객 귀책 사유로 발송된 등기 반송 시 반송 비용은 고객이 부담하셔야 합니다.(반송 비용 7,500원)
→ 공통 : 환불 금액 입금 계좌가 하나은행이 아닌 타 은행인 경우 이체 수수료 500원이 발생합니다.",2026-09-30T04:39:50
327536,테마파크,테마파크,부산,세라젬 웰파크 부산기장점,12가지 넘는 놀이 체험을 통해 부모님의 휴식을 제공!,5000,4250,15,2시간 이용권 대인 세라젬 웰파크 부산기장점(~12/31),3,"[{""option"": ""2시간 이용권 대인 세라젬 웰파크 부산기장점(~12/31)"", ""detail_div"": ""대인"", ""week_div"": ""주중+주말"", ""list_price"": 5000, ""sale_price"": 4250, ""discount_pct"": 15, ""start_date"": ""0"", ""end_date"": ""2026-12-31""}, {""option"": ""2시간 이용권 소인 세라젬 웰파크 부산기장점(~12/31)"", ""detail_div"": ""소인"", ""week_div"": ""주중+주말"", ""list_price"": 18000, ""sale_price"": 15300, ""discount_pct"": 15, ""start_date"": ""0"", ""end_date"": ""2026-12-31""}, {""option"": ""2시간 이용권 영유아 세라젬 웰파크 부산기장점(~12/31)"", ""detail_div"": ""소인"", ""week_div"": ""주중+주말"", ""list_price"": 15000, ""sale_price"": 12750, ""discount_pct"": 15, ""start_date"": ""0"", ""end_date"": ""2026-12-31""}]",구매일,2026-12-31,,0 ~ 2026-12-31,모바일티켓;바로 사용가능,즉시발송,엘에스컴퍼니,알림톡,매표소 교환 / 바로 입장 | 모바일 이용권 현장 매표소 제시 후 이용 가능(재발송 가능 상품),20,"기한: 수령 후 7일 이내 | 수수료: 발송·취소 장당 1,000원 | 불가: 부분취소, 기간경과 | 접수: 유선(주중)",세라젬 웰파크 부산기장점,부산 기장군 기장읍 동부산관광1로 60 라우어 오시리아근린생활시설 1동 4층,070-8835-7979,,모바일티켓,바로 사용가능,사용안함,[유효 ~ 26/12/31],,"[필독!! 발송정보]
◇ 바로 발송 가능 상품 : `결제(입금) 완료` 건에 한해서 모바일 이용권이 20분이내 휴대폰 번호로 발송(미수신 시 휴대폰 차단 기능 확인!!)
◇ 수신 후 바로 사용 가능 : 모바일 이용권 수신 후 바로 사용 가능, 결제 내역으로는 이용 불가합니다.
※ 카카오톡발송채널 : 엘에스컴퍼니
[필독!! 이용정보]
◆ 구매 전 상세이미지 내 안내사항을 꼭 확인해주세요.
◆ 유효 기간 : ~ 2026년 12월 31일 까지
◆ 이용 업체 : 세라젬 웰파크 부산기장점
◆ 운영 일정 : 이용업체 홈페이지 참조 필수
◆ 구매 수량 : 1인당 10매까지 구입 가능
◆ 이용 방법 : 모바일 이용권 현장 매표소 제시 후 이용 가능(재발송 가능 상품)
◆ 권종 구분 : 주중/주말·공휴일 구분없이 1인 1매
◆ 추가 할인 : 해당 상품은 할인 가격으로 판매되는 상품으로 추가 할인을 받으실 수 없습니다.
◆ 이용 업체에 대한 전반적인 이용 정보(운영 사항, 유의 사항, 안전 점검, 편의 시설 등)는 꼭 방문 홈페이지를 확인하시길 바랍니다.","▷ 취소 및 환불 요청은 주중에 유선으로만 가능합니다.(취소 및 환불 요청 고객센터 ☎ 02-536-0836)
→ 고객센터 운영시간 : 평일 10:00~16:00 운영 / 점심시간 12:00~13:00
▷ 취소 및 환불 규정은 `전자상거래등에서의 소비자보호에 관한 현행 법률`에 의거하여 작성되었습니다.
▷ 취소 및 환불은 수령하신 날로부터 7일 이내에만 가능합니다.
▷ 해당 상품은 임직원 대상 특별 할인 가격으로 판매하는 프로모션 상품입니다.
▷ 해당 상품은 이용권에 별도 표기 된 유효(이용) 기간 내 꼭 이용하셔야 합니다.
▷ 유효(이용) 기간 경과 시 별도 연장이나 취소가 안 되는 `자동 폐기 상품`입니다.(★유효 기간 연장 불가 상품!!)
▷ 부분적인 결제 취소나 부분적인 이용이 불가능한 상품입니다.(예시 : 5명일 경우 4장+1장 결제 or 2장+3장 결제)
▷ 고객 귀책 사유로 발생하는 취소 및 환불 금액에 대한 발송 및 이체 수수료는 고객이 부담하셔야 합니다.
→ 모바일 티켓 : 발송 및 취소 수수료 장당 1,000원 발생(예시 : 1,000원 X 5장 발송 = 5,000원)
→ 종이 티켓 : 폐문, 부재중, 주소 오류 등 고객 귀책 사유로 발송된 등기 반송 시 반송 비용은 고객이 부담하셔야 합니다.(반송 비용 7,500원)
→ 공통 : 환불 금액 입금 계좌가 하나은행이 아닌 타 은행인 경우 이체 수수료 500원이 발생합니다.",2026-09-30T04:39:52
329938,테마파크,테마파크,경기 하남,세라젬 웰파크 위례점,아이들을 위한 10여종의 놀이 공간!,7000,5950,15,통합권 3시간 대인 세라젬 웰파크 위례점(~12/31),3,"[{""option"": ""통합권 3시간 대인 세라젬 웰파크 위례점(~12/31)"", ""detail_div"": ""대인"", ""week_div"": ""주중+주말"", ""list_price"": 7000, ""sale_price"": 5950, ""discount_pct"": 15, ""start_date"": ""0"", ""end_date"": ""2026-12-31""}, {""option"": ""통합권 3시간 소인 세라젬 웰파크 위례점(~12/31)"", ""detail_div"": ""소인"", ""week_div"": ""주중+주말"", ""list_price"": 24000, ""sale_price"": 20400, ""discount_pct"": 15, ""start_date"": ""0"", ""end_date"": ""2026-12-31""}, {""option"": ""통합권 3시간 영유아 세라젬 웰파크 위례점(~12/31)"", ""detail_div"": ""소인"", ""week_div"": ""주중+주말"", ""list_price"": 12000, ""sale_price"": 10200, ""discount_pct"": 15, ""start_date"": ""0"", ""end_date"": ""2026-12-31""}]",구매일,2026-12-31,,0 ~ 2026-12-31,모바일티켓;바로 사용가능,즉시발송,엘에스컴퍼니,알림톡,매표소 교환 / 바로 입장 | 모바일 이용권 현장 매표소 제시 후 이용 가능(재발송 가능 상품),20,"기한: 수령 후 7일 이내 | 수수료: 발송·취소 장당 1,000원 | 불가: 부분취소, 기간경과 | 접수: 유선(주중)",세라젬 웰파크 위례점,"경기 하남시 위례대로 350 2층 201호~217호, 219호, 220호",070-4126-5265,,모바일티켓,바로 사용가능,사용안함,[유효 ~ 26/12/31],,"[필독!! 발송정보]
◇ 바로 발송 가능 상품 : `결제(입금) 완료` 건에 한해서 모바일 이용권이 20분이내 휴대폰 번호로 발송(미수신 시 휴대폰 차단 기능 확인!!)
◇ 수신 후 바로 사용 가능 : 모바일 이용권 수신 후 바로 사용 가능, 결제 내역으로는 이용 불가합니다.
※ 카카오톡발송채널 : 엘에스컴퍼니
[필독!! 이용정보]
◆ 구매 전 상세이미지 내 안내사항을 꼭 확인해주세요.
◆ 유효 기간 : ~ 2026-12-31 까지
◆ 이용 업체 : 세라젬 웰파크 위례점
◆ 운영 일정 : 이용업체 홈페이지 참조 필수
◆ 구매 수량 : 1인당 10매까지 구입 가능
◆ 이용 방법 : 모바일 이용권 현장 매표소 제시 후 이용 가능(재발송 가능 상품)
◆ 권종 구분 : 주중/주말·공휴일 구분없이 1인 1매
◆ 추가 할인 : 해당 상품은 할인 가격으로 판매되는 상품으로 추가 할인을 받으실 수 없습니다.
◆ 이용 업체에 대한 전반적인 이용 정보(운영 사항, 유의 사항, 안전 점검, 편의 시설 등)는 꼭 방문 홈페이지를 확인하시길 바랍니다.","▷ 취소 및 환불 요청은 주중에 유선으로만 가능합니다.(취소 및 환불 요청 고객센터 ☎ 02-536-0836)
→ 고객센터 운영시간 : 평일 10:00~16:00 운영 / 점심시간 12:00~13:00
▷ 취소 및 환불 규정은 `전자상거래등에서의 소비자보호에 관한 현행 법률`에 의거하여 작성되었습니다.
▷ 취소 및 환불은 수령하신 날로부터 7일 이내에만 가능합니다.
▷ 해당 상품은 임직원 대상 특별 할인 가격으로 판매하는 프로모션 상품입니다.
▷ 해당 상품은 이용권에 별도 표기 된 유효(이용) 기간 내 꼭 이용하셔야 합니다.
▷ 유효(이용) 기간 경과 시 별도 연장이나 취소가 안 되는 `자동 폐기 상품`입니다.(★유효 기간 연장 불가 상품!!)
▷ 부분적인 결제 취소나 부분적인 이용이 불가능한 상품입니다.(예시 : 5명일 경우 4장+1장 결제 or 2장+3장 결제)
▷ 고객 귀책 사유로 발생하는 취소 및 환불 금액에 대한 발송 및 이체 수수료는 고객이 부담하셔야 합니다.
→ 모바일 티켓 : 발송 및 취소 수수료 장당 1,000원 발생(예시 : 1,000원 X 5장 발송 = 5,000원)
→ 종이 티켓 : 폐문, 부재중, 주소 오류 등 고객 귀책 사유로 발송된 등기 반송 시 반송 비용은 고객이 부담하셔야 합니다.(반송 비용 7,500원)
→ 공통 : 환불 금액 입금 계좌가 하나은행이 아닌 타 은행인 경우 이체 수수료 500원이 발생합니다.",2026-09-30T04:39:55
313585,레져,액티비티,강화,레포츠파크,자연과 함께 숨쉬는 천상의 숲,0,43000,0,"강화레포츠파크 서바이벌 + 3,4,5번 짚라인+고카트 트렉3바퀴",2,"[{""option"": ""강화레포츠파크 서바이벌 + 3,4,5번 짚라인+고카트 트렉3바퀴"", ""detail_div"": ""대소공통"", ""week_div"": ""주중+주말"", ""list_price"": 0, ""sale_price"": 43000, ""discount_pct"": 0, ""start_date"": ""0"", ""end_date"": ""30""}, {""option"": ""강화레포츠파크 서바이벌+5번레일 짚라인 or 고카트 트렉3바퀴"", ""detail_div"": ""대소공통"", ""week_div"": ""주중+주말"", ""list_price"": 0, ""sale_price"": 30000, ""discount_pct"": 0, ""start_date"": ""0"", ""end_date"": ""30""}]",구매일,,30,0 ~ 30,모바일티켓;바로 사용가능,즉시발송,,LMS 문자,QR/바코드 제시 / 매표소 교환 / 바로 입장 | LMS 바코드 문자 이용권 현장 매표소 제시 후 이용 가능(재발송 가능 상품),20,"기한: 수령 후 7일 이내 | 수수료: 발송·취소 장당 1,000원 | 불가: 부분취소, 기간경과 | 접수: 유선(주중)",강화레포츠파크,인천 강화군 불은면 삼성리 294-6,0507-1372-7481,https://www.foresttrip.go.kr/indvz/main.do?hmpgId=ID04030105,모바일티켓,바로 사용가능,사용안함,[유효 ~ 30일],,"[필독!! 발송정보]
◇ 바로 발송 가능 상품 : `결제(입금) 완료` 건에 한해서 LMS 바코드 이용권 문자가 20분이내 휴대폰 번호로 발송
(미수신 시 휴대폰 차단 기능 확인!!)
◇ 수신 후 바로 사용 가능 : 모바일 이용권 수신 후 바로 사용 가능, 결제 내역으로는 이용 불가합니다.
※ 문자발송번호 : 02-536-0836
[필독!! 이용정보]
◆ 유효 기간 : 구매 후 30일
◆ 이용 업체 : 강화레포츠파크
◆ 운영 일정 : 이용업체 홈페이지 참조 필수
◆ 구매 수량 : 1인당 10매까지 구입 가능
◆ 이용 방법 : LMS 바코드 문자 이용권 현장 매표소 제시 후 이용 가능(재발송 가능 상품)
◆ 권종 구분 : 대인/소인/주중/주말ㆍ공휴일 구분없이 1인 1매
◆ 추가 할인 : 해당 상품은 할인 가격으로 판매되는 상품으로 추가 할인을 받으실 수 없습니다.
◆ 안내 사항 : 주말 및 성수기 기간 인원 초과 시 입장이 제한될 수 있으며, 시설 이용 제한 사항은 업체 규정에 따릅니다.
◆ 이용 업체에 대한 전반적인 이용 정보(운영 사항, 유의 사항, 안전 점검, 편의 시설 등)는 꼭 방문 전 아래 홈페이지를 클릭하셔서 확인하시길 바랍니다.
★ 홈페이지 : (클릭☞ 강화레포츠파크 홈페이지 바로가기)
☎고객센터 연락처 : 02-536-0836
운영시간 [주중 및 주말 동일]
● 오전 10시 ~ 오후 4시
● 점심시간 : 12:00 ~13:00
※ 취소 및 환불문의
▷ 취소 및 환불 요청은 주중에 유선으로만 가능합니다.(취소 및 환불 요청 고객센터 ☎ 02-536-0836)
→ 토요일 및 일요일 그리고 공휴일은 제외","▷ 취소 및 환불 요청은 주중에 유선으로만 가능합니다.→ 토요일 및 일요일 그리고 공휴일은 제외(취소 및 환불 요청 고객센터 ☎ 02-536-0836)
→ 고객센터 운영시간[주중 및 주말 동일] : 오전 10시 ~ 오후 4시 / 점심시간 12:00~13:00
→ 고객센터 연락처 : 02-536-0836
▷ 취소 및 환불 규정은 `전자상거래등에서의 소비자보호에 관한 현행 법률`에 의거하여 작성되었습니다.
▷ 취소 및 환불은 수령하신 날로부터 7일 이내에만 가능합니다.
▷ 해당 상품은 임직원 대상 특별 할인 가격으로 판매하는 프로모션 상품입니다.
▷ 해당 상품은 이용권에 별도 표기 된 유효(이용) 기간 내 꼭 이용하셔야 합니다.
▷ 유효(이용) 기간 경과 시 별도 연장이나 취소가 안 되는 `자동 폐기 상품`입니다.(★유효 기간 연장 불가 상품!!)
▷ 부분적인 결제 취소나 부분적인 이용이 불가능한 상품입니다.(예시 : 5명일 경우 4장+1장 결제 or 2장+3장 결제)
▷ 고객 귀책 사유로 발생하는 취소 및 환불 금액에 대한 발송 및 이체 수수료는 고객이 부담하셔야 합니다.
→ 모바일 티켓 : 발송 및 취소 수수료 장당 1,000원 발생(예시 : 1,000원 X 5장 발송 = 5,000원)
→ 종이 티켓 : 폐문, 부재중, 주소 오류 등 고객 귀책 사유로 발송된 등기 반송 시 반송 비용은 고객이 부담하셔야 합니다.(반송 비용 7,500원)
→ 공통 : 환불 금액 입금 계좌가 하나은행이 아닌 타 은행인 경우 이체 수수료 500원이 발생합니다.",2026-09-30T04:39:57
325961,워터파크,워터파크,정선,하이원 워터월드,백두대산 1급 청정 계곡수를 그대로 옮겨 담은~,64000,28000,56,준성수기 주중 대인권 하이원워터월드(8/31~10/18),4,"[{""option"": ""준성수기 주중 대인권 하이원워터월드(8/31~10/18)"", ""detail_div"": ""대인"", ""week_div"": ""주중"", ""list_price"": 64000, ""sale_price"": 28000, ""discount_pct"": 56, ""start_date"": ""2026-08-31"", ""end_date"": ""2026-10-18""}, {""option"": ""준성수기 주중 소인권 하이원워터월드(8/31~10/18)"", ""detail_div"": ""소인"", ""week_div"": ""주중"", ""list_price"": 53000, ""sale_price"": 26000, ""discount_pct"": 51, ""start_date"": ""2026-08-31"", ""end_date"": ""2026-10-18""}, {""option"": ""준성수기 주말 대인권 하이원워터월드(8/31~10/18)"", ""detail_div"": ""대인"", ""week_div"": ""주말"", ""list_price"": 64000, ""sale_price"": 31000, ""discount_pct"": 52, ""start_date"": ""2026-08-31"", ""end_date"": ""2026-10-18""}, {""option"": ""준성수기 주말 소인권 하이원워터월드(8/31~10/18)"", ""detail_div"": ""소인"", ""week_div"": ""주말"", ""list_price"": 53000, ""sale_price"": 28500, ""discount_pct"": 46, ""start_date"": ""2026-08-31"", ""end_date"": ""2026-10-18""}]",2026-08-31,2026-10-18,,2026-08-31 ~ 2026-10-18,모바일티켓;바로 사용가능,즉시발송,플레이스토리,알림톡/LMS 문자/순차 발송,QR/바코드 제시 / 매표소 교환 / 바로 입장 | LMS 바코드 번호 키오스크에서 발권 후 이용 가능(재발송 가능 상품),20,"기한: 수령 후 7일 이내 | 수수료: 발송·취소 장당 1,000원 | 불가: 부분취소, 기간경과 | 접수: 유선",하이원 워터월드,강원도 정선군 사북읍 하이원길 175,1588-7789,https://kangwonland.high1.com/waterworld/index.do,모바일티켓,바로 사용가능,사용안함,[유효 ~26/10/18],,"※ 상세이미지 내 안내사항 확인 필수
★ 이용 전 반드시 하이원리조트 홈페이지를 통해 영업장 정보 및 휴장일을 확인해 주시기 바랍니다.
★ 바코드 수신 여부 확인 후 현장 방문해 주시기 바랍니다. (바코드 수신 후 사용 가능)
- 매표소에서 티켓으로 교환 후 입장 가능하며, 매표소에서 바코드 미제시 시 티켓 교환이 불가합니다.
- 최소 이용 1시간 전 구매 후 이용해 주시기 바랍니다.
(※ 바코드는 순차발송되므로, 발송까지 시간이 소요될 수 있습니다.)
[필독!! 발송정보]
◇ 바로 발송 가능 상품 : `결제(입금) 완료` 건에 한해서 모바일 이용권이 20분이내 휴대폰 번호로 발송(미수신 시 휴대폰 차단 기능 확인!!)
◇ 수신 후 바로 사용 가능 : 모바일 이용권 수신 후 바로 사용 가능, 결제 내역으로는 이용 불가합니다.
※ 카카오톡발송채널 : 플레이스토리
[필독!! 이용정보]
- 입장기준
· 소인기준 : 만 3세(36개월) ~ 만 12세 (증명서류 필요)
· 대인기준 : 만 13세 ~ 만 64세
· 무료입장 : 36개월 미만 (증명서류 필요)
- 증명서류 : 생년월일 확인 가능한 신분증, 초/등본, 의료보험증 등
- 만4세(48개월) 이상의 남녀는 샤워실과 락커룸에 함께 입장하실 수 없습니다.
- 시설 이용방법 및 안내는 판매페이지 참고부탁드립니다.
- 슬라이드 운영 마감시간은 현장 운영에 따라 달라질 수 있습니다.
- 애완동물은 입장이 불가합니다.
◆ 유효 기간 :
- 성수기 이용권 : 2026년 7월 10일(금) ~ 2026년 8월 30일(일) 까지
- 준성수기 이용권 : 2026년 8월 31일(월) ~ 2026년 10월 18일(일) 까지
준성수기 이용권은 2026년 8월 31일(월) 부터 이용 가능한 티켓입니다.
◆ 이용 업체 : 하이원 워터월드
◆ 운영 일정 : 이용업체 홈페이지 참조 필수
◆ 구매 수량 : 1인당 10매까지 구입 가능
◆ 이용 방법 : LMS 바코드 번호 키오스크에서 발권 후 이용 가능(재발송 가능 상품)
※ 발권티켓은 재발행이 불가합니다. 분실에 유의해주시기 바랍니다.
◆ 권종 구분 : 주중/주말/대인/소인 구분하여 1인 1매 구매 (36개월미만은 보호자 신분증 및 확인서류 지참시에만 무료 이용 가능!!)
◆ 추가 할인 : 해당 상품은 할인 가격으로 판매되는 상품으로 추가 할인을 받으실 수 없습니다.
◆ 안내 사항 : 주말 및 성수기 기간 인원 초과 시 입장이 제한될 수 있으며, 시설 이용 제한 사항은 업체 규정에 따릅니다.
◆ 이용 업체에 대한 전반적인 이용 정보(운영 사항, 유의 사항, 안전 점검, 편의 시설 등)는 꼭 방문 전 아래 홈페이지를 클릭하셔서 확인하시길 바랍니다.
★ 홈페이지 : (클릭☞ 하이원 워터월드 홈페이지 바로가기)
☎고객센터 연락처 : 02-536-0836
운영시간 [주중 및 주말 동일]
● 오전 10시 ~ 오후 4시
● 점심시간 : 12:00 ~13:00
※ 취소 및 환불문의
▷ 취소 및 환불 요청은 주중에 유선으로만 가능합니다.(취소 및 환불 요청 고객센터 ☎ 02-536-0836)
→ 토요일 및 일요일 그리고 공휴일은 제외","▷ 취소 및 환불 요청은 유선으로만 가능합니다.→ 토요일 및 일요일 그리고 공휴일은 제외(취소 및 환불 요청 고객센터 ☎ 02-536-0836)
→ 고객센터 운영시간[주중 및 주말 동일] : 오전 10시 ~ 오후 4시 / 점심시간 12:00~13:00
→ 고객센터 연락처 : 02-536-0836
▷ 취소 및 환불 규정은 `전자상거래등에서의 소비자보호에 관한 현행 법률`에 의거하여 작성되었습니다.
▷ 취소 및 환불은 수령하신 날로부터 7일 이내에만 가능합니다.
▷ 해당 상품은 임직원 대상 특별 할인 가격으로 판매하는 프로모션 상품입니다.
▷ 해당 상품은 이용권에 별도 표기 된 유효(이용) 기간 내 꼭 이용하셔야 합니다.
▷ 유효(이용) 기간 경과 시 별도 연장이나 취소가 안 되는 `자동 폐기 상품`입니다. (★유효 기간 연장 불가 상품!!)
▷ 부분적인 결제 취소나 부분적인 이용이 불가능한 상품입니다.(예시 : 5명일 경우 4장+1장 결제 or 2장+3장 결제)
▷ 고객 귀책 사유로 발생하는 취소 및 환불 금액에 대한 발송 및 이체 수수료는 고객이 부담하셔야 합니다.
→ 모바일 티켓 : 발송 및 취소 수수료 장당 1,000원 발생(예시 : 1,000원 X 5장 발송 = 5,000원)
→ 종이 티켓 : 폐문, 부재중, 주소 오류 등 고객 귀책 사유로 발송된 등기 반송 시 반송 비용은 고객이 부담하셔야 합니다. (반송 비용 6,000원)
→ 공통 : 환불 금액 입금 계좌가 하나은행이 아닌 타 은행인 경우 이체 수수료 500원이 발생합니다.",2026-09-30T04:39:59
326087,워터파크,워터파크,예산,스플라스 리솜 워터파크,다양한 테마를 갖춘 온천테마파크!,40000,27400,32,소인입장권 스플라스 워터파크(8/24~10/31),2,"[{""option"": ""소인입장권 스플라스 워터파크(8/24~10/31)"", ""detail_div"": ""소인"", ""week_div"": ""주중+주말"", ""list_price"": 40000, ""sale_price"": 27400, ""discount_pct"": 32, ""start_date"": ""2026-08-24"", ""end_date"": ""2026-10-31""}, {""option"": ""대인입장권 스플라스 워터파크(8/24~10/31)"", ""detail_div"": ""대인"", ""week_div"": ""주중+주말"", ""list_price"": 55000, ""sale_price"": 37800, ""discount_pct"": 31, ""start_date"": ""2026-08-24"", ""end_date"": ""2026-10-31""}]",2026-08-24,2026-10-31,,2026-08-24 ~ 2026-10-31,모바일티켓;바로 사용가능,즉시발송,플레이스토리,알림톡,매표소 교환 / 바로 입장 | 모바일 이용권 현장 매표소 제시 후 이용 가능(재발송 가능 상품),20,"기한: 수령 후 7일 이내 | 수수료: 발송·취소 장당 1,000원 | 불가: 부분취소, 기간경과 | 접수: 유선",스플라스 리솜 워터파크,충남 예산군 덕산면 온천단지3로 45-7,041-330-8062,https://www.resom.co.kr/spa/main/main.asp,모바일티켓,바로 사용가능,사용안함,[유효 ~ 26/10/31],,"※ 운영요일 확인 및 운영일정 홈페이지 확인 필수
이용 가능 기간 및 요일에 따라 시설 운영일정이 다릅니다. 방문 전 홈페이지를 참조 해 주시기 바랍니다.
[필독!! 발송정보]
◇ 바로 발송 가능 상품 : `결제(입금) 완료` 건에 한해서 카카오톡 알림톡이 20분이내 휴대폰 번호로 발송(미수신 시 휴대폰 차단 기능 확인!!)
◇ 수신 후 바로 사용 가능 : 모바일 이용권 수신 후 바로 사용 가능, 결제 내역으로는 이용 불가합니다.
※ 카카오톡발송채널 : 플레이스토리
[필독!! 이용정보]
◆ 유효 기간 : 옵션별 상이
※ 옵션명 : (7/17~8/23)
- 7월 17일(금) 부터 이용 가능한 티켓입니다. 꼭 참고 후 구매 부탁드립니다.
- 유효기간 : 2026년 7월 17일(금) ~ 2026년 8월 23일(일) 까지
※ 옵션명 : (8/24~10/31)
- 8월 24일(월) 부터 이용 가능한 티켓입니다. 꼭 참고 후 구매 부탁드립니다.
- 유효기간 : 2026년 8월 24일(월) ~ 2026년 10월 31일(토) 까지
※ 나이트스파 미운영으로 이용 불가
◆ 이용 업체 : 스플라스 워터파크
◆ 이용 방법 : 모바일 이용권 현장 매표소 제시 후 이용 가능(재발송 가능 상품)
◆ 권종 구분 : 주중/주말 구분없이 1인 1매 (36개월 미만 아기는 보호자 신분증 및 확인서류 지참시에만 무료 이용 가능!!)
◆ 추가 할인 : 해당 상품은 할인 가격으로 판매되는 상품으로 추가 할인을 받으실 수 없습니다.
◆ 안내 사항 : 주말 및 성수기 기간 인원 초과 시 입장이 제한될 수 있으며, 시설 이용 제한 사항은 업체 규정에 따릅니다.
◆ 이용 업체에 대한 전반적인 이용 정보(운영 사항, 유의 사항, 안전 점검, 편의 시설 등)는 꼭 방문 전 아래 홈페이지를 클릭하셔서 확인하시길 바랍니다.
★ 홈페이지 : (클릭☞ 스플라스 워터파크 홈페이지 바로가기)
☎고객센터 연락처 : 02-536-0836
운영시간 [주중 및 주말 동일]
● 오전 10시 ~ 오후 4시
● 점심시간 : 12:00 ~13:00
※ 취소 및 환불문의
▷ 취소 및 환불 요청은 주중에 유선으로만 가능합니다.(취소 및 환불 요청 고객센터 ☎ 02-536-0836)
→ 토요일 및 일요일 그리고 공휴일은 제외","▷ 취소 및 환불 요청은 유선으로만 가능합니다.→ 토요일 및 일요일 그리고 공휴일은 제외(취소 및 환불 요청 고객센터 ☎ 02-536-0836)
→ 고객센터 운영시간[주중 및 주말 동일] : 오전 10시 ~ 오후 4시 / 점심시간 12:00~13:00
→ 고객센터 연락처 : 02-536-0836
▷ 취소 및 환불 규정은 `전자상거래등에서의 소비자보호에 관한 현행 법률`에 의거하여 작성되었습니다.
▷ 취소 및 환불은 수령하신 날로부터 7일 이내에만 가능합니다.
▷ 해당 상품은 임직원 대상 특별 할인 가격으로 판매하는 프로모션 상품입니다.
▷ 해당 상품은 이용권에 별도 표기 된 유효(이용) 기간 내 꼭 이용하셔야 합니다.
▷ 유효(이용) 기간 경과 시 별도 연장이나 취소가 안 되는 `자동 폐기 상품`입니다. (★유효 기간 연장 불가 상품!!)
▷ 부분적인 결제 취소나 부분적인 이용이 불가능한 상품입니다.(예시 : 5명일 경우 4장+1장 결제 or 2장+3장 결제)
▷ 고객 귀책 사유로 발생하는 취소 및 환불 금액에 대한 발송 및 이체 수수료는 고객이 부담하셔야 합니다.
→ 모바일 티켓 : 발송 및 취소 수수료 장당 1,000원 발생(예시 : 1,000원 X 5장 발송 = 5,000원)
→ 종이 티켓 : 폐문, 부재중, 주소 오류 등 고객 귀책 사유로 발송된 등기 반송 시 반송 비용은 고객이 부담하셔야 합니다. (반송 비용 6,000원)
→ 공통 : 환불 금액 입금 계좌가 하나은행이 아닌 타 은행인 경우 이체 수수료 500원이 발생합니다.",2026-09-30T04:40:02
326024,워터파크,워터파크,제천,포레스트 리솜 해브나인 웰니스 스파,숲 한가운데서 즐기는 노천 스파,45000,31000,31,소인이용권 포레스트리솜(8/24~10/31),2,"[{""option"": ""소인이용권 포레스트리솜(8/24~10/31)"", ""detail_div"": ""소인"", ""week_div"": ""주중+주말"", ""list_price"": 45000, ""sale_price"": 31000, ""discount_pct"": 31, ""start_date"": ""2026-08-24"", ""end_date"": ""2026-10-31""}, {""option"": ""대인이용권 포레스트리솜(8/24~10/31)"", ""detail_div"": ""대인"", ""week_div"": ""주중+주말"", ""list_price"": 60000, ""sale_price"": 41200, ""discount_pct"": 31, ""start_date"": ""2026-08-24"", ""end_date"": ""2026-10-31""}]",2026-08-24,2026-10-31,,2026-08-24 ~ 2026-10-31,모바일티켓;바로 사용가능,즉시발송,플레이스토리,알림톡/LMS 문자,매표소 교환 / 바로 입장 | 알림톡 이용권 현장 매표소 제시 후 이용 가능(재발송 가능 상품),10,"기한: 수령 후 7일 이내 | 수수료: 발송·취소 장당 1,000원 | 불가: 부분취소, 기간경과 | 접수: 유선",포레스트 리솜 해브나인 스파,충청북도 제천시 백운면 금봉로 365,043-649-6014,http://resom.co.kr/forest/theme/have9.asp?tab=0,모바일티켓,바로 사용가능,사용안함,[유효 ~ 26/10/31],,"※ 안내사항 ※
[필독!! 발송정보]
◇ 바로 발송 가능 상품 : `결제(입금) 완료` 건에 한해서 카카오톡 알림톡이 20분이내 휴대폰 번호로 발송(미수신 시 휴대폰 차단 기능 확인!!)
◇ 수신 후 바로 사용 가능 : 모바일 이용권 수신 후 바로 사용 가능, 결제 내역으로는 이용 불가합니다.
※ 카카오톡발송채널 : 플레이스토리
[필독!! 이용정보]
◆ 유효 기간 : 옵션 별 상이
※ 옵션명 : (7/17~8/23)
- 7월 17일(금) 부터 이용 가능한 티켓입니다. 꼭 참고 후 구매 부탁드립니다.
- 유효기간 : 2026년 7월 17일(금) ~ 2026년 8월 23일(일) 까지
※ 옵션명 : (8/24~10/31)
- 8월 24일(월) 부터 이용 가능한 티켓입니다. 꼭 참고 후 구매 부탁드립니다.
- 유효기간 : 2026년 8월 24일(월) ~ 2026년 10월 31일(토) 까지
※ 휴장일정 확인 필수
◆ 이용 업체 : 포레스트 리솜 해브나인 스파
◆ 클린 데이 : 이용업체 홈페이지 참조 필수
◆ 구매 수량 : 1인당 10매까지 구입 가능
◆ 이용 방법 : 알림톡 이용권 현장 매표소 제시 후 이용 가능(재발송 가능 상품)
◆ 권종 구분 : 1인 1매 (36개월 미만 아기는 보호자 신분증 및 확인서류 지참시에만 무료 이용 가능!!)
◆ 추가 할인 : 해당 상품은 할인 가격으로 판매되는 상품으로 추가 할인을 받으실 수 없습니다.
◆ 안내 사항 : 주말 및 성수기 기간 인원 초과 시 입장이 제한될 수 있으며, 시설 이용 제한 사항은 업체 규정에 따릅니다.
◆ 이용 업체에 대한 전반적인 이용 정보(운영 사항, 유의 사항, 안전 점검, 편의 시설 등)는 꼭 방문 전 아래 홈페이지를 클릭하셔서 확인하시길 바랍니다.
★ 홈페이지 : (클릭☞ 포레스트 리솜 해브나인 스파 홈페이지 바로가기)
※ 문자발송번호 : 02-536-0836
☎고객센터 연락처 : 02-536-0836
운영시간 [주중 및 주말 동일]
● 오전 10시 ~ 오후 4시
● 점심시간 : 12:00 ~13:00
※ 취소 및 환불문의
▷ 취소 및 환불 요청은 주중에 유선으로만 가능합니다.(취소 및 환불 요청 고객센터 ☎ 02-536-0836)
→ 토요일 및 일요일 그리고 공휴일은 제외","▷ 취소 및 환불 요청은 유선으로만 가능합니다.→ 토요일 및 일요일 그리고 공휴일은 제외(취소 및 환불 요청 고객센터 ☎ 02-536-0836)
→ 고객센터 운영시간 : 평일 10:00~16:00 운영 / 점심시간 12:00~13:00
▷ 취소 및 환불 규정은 `전자상거래등에서의 소비자보호에 관한 현행 법률`에 의거하여 작성되었습니다.
▷ 취소 및 환불은 수령하신 날로부터 7일 이내에만 가능합니다.
▷ 해당 상품은 임직원 대상 특별 할인 가격으로 판매하는 프로모션 상품입니다.
▷ 해당 상품은 이용권에 별도 표기 된 유효(이용) 기간 내 꼭 이용하셔야 합니다.
▷ 유효(이용) 기간 경과 시 별도 연장이나 취소가 안 되는 `자동 폐기 상품`입니다. (★유효 기간 연장 불가 상품!!)
▷ 부분적인 결제 취소나 부분적인 이용이 불가능한 상품입니다.(예시 : 5명일 경우 4장+1장 결제 or 2장+3장 결제)
▷ 고객 귀책 사유로 발생하는 취소 및 환불 금액에 대한 발송 및 이체 수수료는 고객이 부담하셔야 합니다.
→ 모바일 티켓 : 발송 및 취소 수수료 장당 1,000원 발생(예시 : 1,000원 X 5장 발송 = 5,000원)
→ 종이 티켓 : 폐문, 부재중, 주소 오류 등 고객 귀책 사유로 발송된 등기 반송 시 반송 비용은 고객이 부담하셔야 합니다. (반송 비용 6,000원)
→ 공통 : 환불 금액 입금 계좌가 하나은행이 아닌 타 은행인 경우 이체 수수료 500원이 발생합니다.",2026-09-30T04:40:04
326150,워터파크,워터파크,태안,아일랜드 리솜 오아식스 선셋스파,단조로운 일상을 바꿀 오아식스,40000,34500,14,대인이용권 아일랜드리솜(8/24~10/31),1,"[{""option"": ""대인이용권 아일랜드리솜(8/24~10/31)"", ""detail_div"": ""대인"", ""week_div"": ""주중+주말"", ""list_price"": 40000, ""sale_price"": 34500, ""discount_pct"": 14, ""start_date"": ""2026-08-24"", ""end_date"": ""2026-10-31""}]",2026-08-24,2026-10-31,,2026-08-24 ~ 2026-10-31,모바일티켓;바로 사용가능,즉시발송,플레이스토리,알림톡/LMS 문자,QR/바코드 제시 / 매표소 교환 / 바로 입장 | LMS QR코드 문자 이용권 현장 매표소 제시 후 이용 가능(재발송 가능 상품),20,"기한: 수령 후 7일 이내 | 수수료: 발송·취소 장당 1,000원 | 불가: 부분취소, 기간경과 | 접수: 유선",아일랜드 리솜 오아식스 선셋스파,충남 태안군 안면읍 꽃지해안로 204,041-671-7060,https://www.resom.co.kr/island/main/main.asp,모바일티켓,바로 사용가능,사용안함,[유효 ~ 26/10/31],,"※ 안내사항 ※
1) 공식 홈페이지에서 휴장일정을 확인하세요!
2) 스파 이용권 구매 시 사우나 이용이 가능합니다.(단, 찜질방 별도 현장결제 필요)
[필독!! 발송정보]
◇ 바로 발송 가능 상품 : `결제(입금) 완료` 건에 한해서 카카오톡 알림톡이 20분이내 휴대폰 번호로 발송(미수신 시 휴대폰 차단 기능 확인!!)
◇ 수신 후 바로 사용 가능 : 모바일 이용권 수신 후 바로 사용 가능, 결제 내역으로는 이용 불가합니다.
※ 카카오톡발송채널 : 플레이스토리
[필독!! 이용정보]
◆ 해당 상품은 대인권만 판매중입니다.(소인권X)
※(2026년 기준) 대인 : 2013년생 이전 / 소인 : 36개월 ~ 13세(2014년생 이후)
소인권은 현장에서만 구매가능합니다
◆ 유효기간 : 옵션 별 상이
※ 옵션명 : (7/17~8/23)
- 7월 17일(금) 부터 이용 가능한 티켓입니다. 꼭 참고 후 구매 부탁드립니다.
- 유효기간 : 2026년 7월 17일(금) ~ 2026년 8월 23일(일) 까지
※ 옵션명 : (8/24~10/31)
- 8월 24일(월) 부터 이용 가능한 티켓입니다. 꼭 참고 후 구매 부탁드립니다.
- 유효기간 : 2026년 8월 24일(월) ~ 2026년 10월 31일(토) 까지
◆ 이용 업체 : 아일랜드 리솜 오아식스 선셋스파
◆ 클린 데이 : 이용업체 홈페이지 참조 필수
◆ 구매 수량 : 1인당 10매까지 구입 가능
◆ 이용 방법 : LMS QR코드 문자 이용권 현장 매표소 제시 후 이용 가능(재발송 가능 상품)
◆ 권종 구분 : 대인 및 소인, 주중 및 주말(공휴일포함) 구분하여 1인 1매 (36개월 미만 아기는 보호자 신분증 및 확인서류 지참시에만 무료 이용 가능!!)
◆ 추가 할인 : 해당 상품은 할인 가격으로 판매되는 상품으로 추가 할인을 받으실 수 없습니다.
◆ 안내 사항 : 주말 및 성수기 기간 인원 초과 시 입장이 제한될 수 있으며, 시설 이용 제한 사항은 업체 규정에 따릅니다.
◆ 이용 업체에 대한 전반적인 이용 정보(운영 사항, 유의 사항, 안전 점검, 편의 시설 등)는 꼭 방문 전 아래 홈페이지를 클릭하셔서 확인하시길 바랍니다.
★ 홈페이지 : (클릭☞ 아일랜드 리솜 오아식스 선셋스파 홈페이지 바로가기)
※ 문자발송번호 : 02-536-0836
☎고객센터 연락처 : 02-536-0836
운영시간 [주중 및 주말 동일]
● 오전 10시 ~ 오후 4시
● 점심시간 : 12:00 ~13:00
※ 취소 및 환불문의
▷ 취소 및 환불 요청은 주중에 유선으로만 가능합니다.(취소 및 환불 요청 고객센터 ☎ 02-536-0836)
→ 토요일 및 일요일 그리고 공휴일은 제외","▷ 취소 및 환불 요청은 유선으로만 가능합니다.→ 토요일 및 일요일 그리고 공휴일은 제외(취소 및 환불 요청 고객센터 ☎ 02-536-0836)
→ 고객센터 운영시간 : 평일 10:00~16:00 운영 / 점심시간 12:00~13:00
▷ 취소 및 환불 규정은 `전자상거래등에서의 소비자보호에 관한 현행 법률`에 의거하여 작성되었습니다.
▷ 취소 및 환불은 수령하신 날로부터 7일 이내에만 가능합니다.
▷ 해당 상품은 임직원 대상 특별 할인 가격으로 판매하는 프로모션 상품입니다.
▷ 해당 상품은 이용권에 별도 표기 된 유효(이용) 기간 내 꼭 이용하셔야 합니다.
▷ 유효(이용) 기간 경과 시 별도 연장이나 취소가 안 되는 `자동 폐기 상품`입니다. (★유효 기간 연장 불가 상품!!)
▷ 부분적인 결제 취소나 부분적인 이용이 불가능한 상품입니다.(예시 : 5명일 경우 4장+1장 결제 or 2장+3장 결제)
▷ 고객 귀책 사유로 발생하는 취소 및 환불 금액에 대한 발송 및 이체 수수료는 고객이 부담하셔야 합니다.
→ 모바일 티켓 : 발송 및 취소 수수료 장당 1,000원 발생(예시 : 1,000원 X 5장 발송 = 5,000원)
→ 종이 티켓 : 폐문, 부재중, 주소 오류 등 고객 귀책 사유로 발송된 등기 반송 시 반송 비용은 고객이 부담하셔야 합니다. (반송 비용 6,000원)
→ 공통 : 환불 금액 입금 계좌가 하나은행이 아닌 타 은행인 경우 이체 수수료 500원이 발생합니다.",2026-09-30T04:40:06
293316,자동차 구매,제네시스,분당오리대리점,현대자동차(제네시스) 外 전차종 판매,"GV90 26년 6월 출시, G80 26년 하반기 HEV출시, GV80 26년 하반기 HEV출시!!!",0,0,100,GENESIS GV70 (* 합리적 판매가격 상담문의 010-5014-3608),4,"[{""option"": ""GENESIS GV70 (* 합리적 판매가격 상담문의 양현석부장  010-5014-3608)"", ""detail_div"": """", ""week_div"": """", ""list_price"": 0, ""sale_price"": 0, ""discount_pct"": 100, ""start_date"": ""0"", ""end_date"": ""0""}, {""option"": ""GENESIS G80 (* 합리적 판매가격 상담문의 양현석부장 010-5014-3608)"", ""detail_div"": """", ""week_div"": """", ""list_price"": 0, ""sale_price"": 0, ""discount_pct"": 100, ""start_date"": ""0"", ""end_date"": ""0""}, {""option"": ""GENESIS GV80 (* 합리적 판매가격 상담문의 양현석부장 010-5014-3608)"", ""detail_div"": """", ""week_div"": """", ""list_price"": 0, ""sale_price"": 0, ""discount_pct"": 100, ""start_date"": ""0"", ""end_date"": ""0""}, {""option"": ""GENESIS G90 (* 합리적 판매가격 상담문의 양현석부장 010-5014-3608)"", ""detail_div"": """", ""week_div"": """", ""list_price"": 0, ""sale_price"": 0, ""discount_pct"": 100, ""start_date"": ""0"", ""end_date"": ""0""}]",구매일,,0,0 ~ 0,;광고상품,광고상품,,,,10,,현대자동차 분당오리대리점,"경기도 성남시 분당구 성남대로 30, 동아그린프라자 1층(구미동)",양원석 부장 010-5014-3608 / yws3608@naver.com,https://www.genesis.com/kr/ko/main.html,,광고상품,사용안함,[판매 중],,"★ 지금 놓치면 1년을 기다려야 할 혜택! 넥스트에너지 고객님만을 위한 26년 신년 특별프로모션 ★
2026년형 현대자동차 전 차종,
이제는 (주)현대자동차 분당오리대리점과 함께 만나보실 수 있습니다.
▶GV90 : 26년6월 출시
▶G80 : 26년 하반기 HEV출시
▶GV80 : 26년 하반기 HEV출시
24시간 전담 상담 서비스 – 언제든 편하게 문의 OK!
상담만 완료해도 스타벅스 커피 쿠폰(Tall 사이즈) 즉시 증정!
▶차량 모델 보러 가기(클릭☞ 차량 모델 바로가기)
☛ 특별 혜택 안내
1. 공식 프로모션 외에, 넥스트에너지 단독 특별 프로모션 추가 제공
2. 합리적인 가격 보장
이제는 단순한 자동차 구매가 아닙니다.
넥스트에너지 고객님만이 누릴 수 있는 혜택 추가!!!
지금 상담을 신청하는 순간, 당신의 혜택은 이미 시작됩니다.
[상품 구매 안내]
차량 구매, 가격만 비교하지 마세요. 넥스트에너지 단독 혜택 + 맞춤형 견적으로 당신의 만족을 더합니다.
상담을 통해 가장 합리적이고 행복한 견적을 받아보세요.
전담 담당자가 끝까지 책임지고 도와드립니다.
● 구매 상담 담당자
☛ 현대자동차 분당오리대리점 양원석 부장
☎ 010-5014-3608
yws3608@naver.com
상담문의 시 넥스트에너지 고객 이라고 말씀해주세요!",▷ 취소˙환불규정을 확인하세요!,2026-09-30T04:40:08
311872,테마파크,테마파크,부산,부산영화체험박물관 + 씨네뮤지엄 PKG,"영화의 도시, 부산에서 즐기는 영화탐험",20000,10800,46,대소공통 통합권 부산영화체험박물관PKG,1,"[{""option"": ""대소공통 통합권 부산영화체험박물관PKG"", ""detail_div"": ""대소공통"", ""week_div"": ""주중+주말"", ""list_price"": 20000, ""sale_price"": 10800, ""discount_pct"": 46, ""start_date"": ""0"", ""end_date"": ""60""}]",구매일,,60,0 ~ 60,모바일티켓;바로 사용가능,즉시발송,,LMS 문자,매표소 교환 / 바로 입장 | 모바일 이용권 현장 매표소 제시 및 발권 후 이용 가능(재발송 가능 상품),100,"기한: 수령 후 7일 이내 | 수수료: 발송·취소 장당 1,000원 | 불가: 부분취소, 기간경과 | 접수: 유선",부산영화체험박물관,부산 중구 대청로126번길 12 부산영화체험박물관,051-468-8383,https://busanbom.kr/,모바일티켓,바로 사용가능,사용안함,[유효 ~ 60일],,"[필독!! 발송정보]
◇ 바로 발송 가능 상품 : `결제(입금) 완료` 건에 한해서 모바일 이용권이 20분이내 휴대폰 번호로 발송(미수신 시 휴대폰 차단 기능 확인!!)
◇ 수신 후 바로 사용 가능 : 모바일 이용권 수신 후 바로 사용 가능, 결제 내역으로는 이용 불가합니다.
※ 문자발송번호 : 02-536-0836
☎고객센터 연락처 : 02-536-0836
운영시간 [주중 및 주말 동일]
● 오전 10시 ~ 오후 4시
● 점심시간 : 12:00 ~13:00
※ 취소 및 환불문의
▷ 취소 및 환불 요청은 유선으로만 가능합니다.(취소 및 환불 요청 고객센터 ☎ 02-536-0836)
→ 토요일 및 일요일 그리고 공휴일은 제외
[필독!! 이용정보]
◆ 유효 기간 : 옵션 별 상이
※ 매주 월요일 휴관→월요일이 공휴일인 경우 다음 날 휴관
◆ 이용 업체 : 부산영화체험박물관 + 씨네뮤지엄
◆ 운영 일정 : 이용업체 홈페이지 참조 필수
◆ 이용 방법 : 모바일 이용권 현장 매표소 제시 및 발권 후 이용 가능(재발송 가능 상품)
◆ 권종 구분 : 대인/소인/주중/주말ㆍ공휴일 구분없이 1인 1매 (36개월 미만 아기는 보호자 신분증 및 확인서류 지참시에만 무료 이용 가능!!)
※ 65세 이상인 경우에도 증빙 시 무료 이용 가능합니다.
◆ 추가 할인 : 해당 상품은 할인 가격으로 판매되는 상품으로 추가 할인을 받으실 수 없습니다.
◆ 안내 사항 : 주말 및 성수기 기간 인원 초과 시 입장이 제한될 수 있으며, 시설 이용 제한 사항은 업체 규정에 따릅니다.
◆ 이용 업체에 대한 전반적인 이용 정보(운영 사항, 유의 사항, 안전 점검, 편의 시설 등)는 꼭 방문 전 아래 홈페이지를 클릭하셔서 확인하시길 바랍니다.
★ 홈페이지 : (클릭☞ 부산영화체험박물관 홈페이지 바로가기)","▷ 취소 및 환불 요청은 유선으로만 가능합니다.→ 토요일 및 일요일 그리고 공휴일은 제외(취소 및 환불 요청 고객센터 ☎ 02-536-0836)
→ 고객센터 운영시간[주중 및 주말 동일] : 오전 10시 ~ 오후 4시 / 점심시간 12:00~13:00
→ 고객센터 연락처 : 02-536-0836
▷ 취소 및 환불 규정은 `전자상거래등에서의 소비자보호에 관한 현행 법률`에 의거하여 작성되었습니다.
▷ 취소 및 환불은 수령하신 날로부터 7일 이내에만 가능합니다.
▷ 해당 상품은 임직원 대상 특별 할인 가격으로 판매하는 프로모션 상품입니다.
▷ 해당 상품은 이용권에 별도 표기 된 유효(이용) 기간 내 꼭 이용하셔야 합니다.
▷ 유효(이용) 기간 경과 시 별도 연장이나 취소가 안 되는 `자동 폐기 상품`입니다. (★유효 기간 연장 불가 상품!!)
▷ 부분적인 결제 취소나 부분적인 이용이 불가능한 상품입니다.(예시 : 5명일 경우 4장+1장 결제 or 2장+3장 결제)
▷ 고객 귀책 사유로 발생하는 취소 및 환불 금액에 대한 발송 및 이체 수수료는 고객이 부담하셔야 합니다.
→ 모바일 티켓 : 발송 및 취소 수수료 장당 1,000원 발생(예시 : 1,000원 X 5장 발송 = 5,000원)
→ 종이 티켓 : 폐문, 부재중, 주소 오류 등 고객 귀책 사유로 발송된 등기 반송 시 반송 비용은 고객이 부담하셔야 합니다. (반송 비용 6,000원)
→ 공통 : 환불 금액 입금 계좌가 하나은행이 아닌 타 은행인 경우 이체 수수료 500원이 발생합니다.",2026-09-30T04:40:11
326465,워터파크,워터파크,아산,파라다이스 스파 도고,프리미엄 온천 테마 워터파크!,55000,28900,47,로우시즌 종일권 스파 도고(9/1~12/17),1,"[{""option"": ""로우시즌 종일권 스파 도고(9/1~12/17)"", ""detail_div"": ""대소공통"", ""week_div"": ""주중+주말"", ""list_price"": 55000, ""sale_price"": 28900, ""discount_pct"": 47, ""start_date"": ""2026-09-01"", ""end_date"": ""2026-12-17""}]",2026-09-01,2026-12-17,,2026-09-01 ~ 2026-12-17,모바일티켓;바로 사용가능,즉시발송,파라다이스 스파 도고,알림톡,QR/바코드 제시 / 매표소 교환 / 바로 입장 | 알림톡 현장 매표소 또는 키오스크에서 발권 후 이용 가능(재발송 가능 상품),10,"기한: 수령 후 7일 이내 | 수수료: 발송·취소 장당 1,000원 | 불가: 부분취소, 기간경과 | 접수: 유선",파라다이스스파도고,충남 아산시 도고면 도고온천로 176,041-537-7100,http://www.paradisespa.co.kr/,모바일티켓,바로 사용가능,사용안함,[유효 ~ 26/12/17],,"티켓 재판매 용도로 구매 시 티켓 폐기 처리되며 이용 불가 및 환불이 불가합니다. 참고 부탁드립니다.
[1인당 최대 구매수량 : 10매]
[필독!! 발송정보]
◇ 바로 발송 가능 상품 : `결제(입금) 완료` 건에 한해서 알림톡이 20분이내 휴대폰 번호로 발송(미수신 시 휴대폰 차단 기능 확인!!)
◇ 수신 후 바로 사용 가능 : 알림톡 수신 후 바로 사용 가능, 결제 내역으로는 이용 불가합니다.
※ 카카오톡발송채널 : 파라다이스 스파 도고
※ 여러장 구매한 경우에도 QR코드는 1개로 발송됩니다. 구매내역(QR코드 아래 상품명 및 수량 기재된 부분)을 눌러 개별발권번호 확인 및 분할사용이 가능합니다.
→카카오톡 메시지를 정상적으로 받았지만 QR코드 열람이 원활 하지않은 경우 현장 매표소에 방문하여 구매자 정보 확인 후 발권하실 수 있습니다.
▶ 주문건 발송시간안내 [주중 및 주말 동일]
※ 바로사용가능 外 티켓은 하단내용 참고
● 오전 10시부터 ~ 오후 4시이전 주문건 1시간내로 발송
● 오후 4시이후부터 ~ 다음날 오전 10시이전 주문건은 오전 10시이후부터 1시간내로 발송
→ 고객센터 운영시간[주중 및 주말 동일] : 오전 10시 ~ 오후 4시 / 점심시간 12:00~13:00
→ 고객센터 연락처 : 02-536-0836
[필독!! 이용정보]
◆ 유효 기간 : 옵션 별 상이합니다.
- 로우~피크시즌 종일권(3/27~8/31)
유효기간 : 2026년 3월 27일(금) ~ 2026년 8월 31일(월) 까지
- 로우시즌 종일권(9/1~12/17)
유효기간 : 2026년 9월 1일(화) ~ 2026년 12월 17일(목) 까지
- 로우시즌 종일권(9/1~12/17)은 2026년 9월 1일(화)부터 이용 가능한 티켓입니다.
◆ 이용 업체 : 파라다이스 스파 도고
◆ 클린 데이 : 이용업체 홈페이지 참조 필수
◆ 구매 수량 : 1인당 10매까지 구입 가능
◆ 이용 방법 : 알림톡 현장 매표소 또는 키오스크에서 발권 후 이용 가능(재발송 가능 상품)
◆ 권종 구분 : 대인/소인/주중/주말ㆍ공휴일 구분없이 1인 1매 (36개월 미만 아기는 보호자 신분증 및 확인서류 지참시에만 무료 이용 가능!!)
◆ 추가 할인 : 해당 상품은 할인 가격으로 판매되는 상품으로 추가 할인을 받으실 수 없습니다.
◆ 안내 사항 : 주말 및 성수기 기간 인원 초과 시 입장이 제한될 수 있으며, 시설 이용 제한 사항은 업체 규정에 따릅니다.
◆ 이용 업체에 대한 전반적인 이용 정보(운영 사항, 유의 사항, 안전 점검, 편의 시설 등)는 꼭 방문 전 아래 홈페이지를 클릭하셔서 확인하시길 바랍니다.
★ 홈페이지 : (클릭☞ 파라다이스 스파 도고 홈페이지 바로가기)
☎고객센터 연락처 : 02-536-0836
운영시간 [주중 및 주말 동일]
● 오전 10시 ~ 오후 4시
● 점심시간 : 12:00 ~13:00
※ 취소 및 환불문의
▷ 취소 및 환불 요청은 유선으로만 가능합니다.(취소 및 환불 요청 고객센터 ☎ 02-536-0836)
→ 토요일 및 일요일 그리고 공휴일은 제외","▷ 취소 및 환불 요청은 유선으로만 가능합니다.→ 토요일 및 일요일 그리고 공휴일은 제외(취소 및 환불 요청 고객센터 ☎ 02-536-0836)
→ 고객센터 운영시간[주중 및 주말 동일] : 오전 10시 ~ 오후 4시 / 점심시간 12:00~13:00
→ 고객센터 연락처 : 02-536-0836
▷ 취소 및 환불 규정은 `전자상거래등에서의 소비자보호에 관한 현행 법률`에 의거하여 작성되었습니다.
▷ 취소 및 환불은 수령하신 날로부터 7일 이내에만 가능합니다.
▷ 해당 상품은 임직원 대상 특별 할인 가격으로 판매하는 프로모션 상품입니다.
▷ 해당 상품은 이용권에 별도 표기 된 유효(이용) 기간 내 꼭 이용하셔야 합니다.
▷ 유효(이용) 기간 경과 시 별도 연장이나 취소가 안 되는 `자동 폐기 상품`입니다. (★유효 기간 연장 불가 상품!!)
▷ 부분적인 결제 취소나 부분적인 이용이 불가능한 상품입니다.(예시 : 5명일 경우 4장+1장 결제 or 2장+3장 결제)
▷ 고객 귀책 사유로 발생하는 취소 및 환불 금액에 대한 발송 및 이체 수수료는 고객이 부담하셔야 합니다.
→ 모바일 티켓 : 발송 및 취소 수수료 장당 1,000원 발생(예시 : 1,000원 X 5장 발송 = 5,000원)
→ 종이 티켓 : 폐문, 부재중, 주소 오류 등 고객 귀책 사유로 발송된 등기 반송 시 반송 비용은 고객이 부담하셔야 합니다. (반송 비용 6,000원)
→ 공통 : 환불 금액 입금 계좌가 하나은행이 아닌 타 은행인 경우 이체 수수료 500원이 발생합니다.",2026-09-30T04:40:13
325709,워터파크,워터파크,속초,설악 워터피아,설악 워터피아에서 즐기는 세계스파여행,124000,68000,45,2인 주간권 미들시즌 설악워터피아(8/24~10/11),9,"[{""option"": ""2인 주간권 미들시즌 설악워터피아(8/24~10/11)"", ""detail_div"": ""대소공통"", ""week_div"": ""주중+주말"", ""list_price"": 124000, ""sale_price"": 68000, ""discount_pct"": 45, ""start_date"": ""2026-08-24"", ""end_date"": ""2026-10-11""}, {""option"": ""3인 주간권 미들시즌 설악워터피아(8/24~10/11)"", ""detail_div"": ""대소공통"", ""week_div"": ""주중+주말"", ""list_price"": 186000, ""sale_price"": 96900, ""discount_pct"": 48, ""start_date"": ""2026-08-24"", ""end_date"": ""2026-10-11""}, {""option"": ""4인 주간권 미들시즌 설악워터피아(8/24~10/11)"", ""detail_div"": ""대소공통"", ""week_div"": ""주중+주말"", ""list_price"": 248000, ""sale_price"": 126000, ""discount_pct"": 49, ""start_date"": ""2026-08-24"", ""end_date"": ""2026-10-11""}, {""option"": ""2인 나이트스파 미들시즌 설악워터피아(8/24~10/11)"", ""detail_div"": ""대소공통"", ""week_div"": ""주중+주말"", ""list_price"": 84000, ""sale_price"": 46000, ""discount_pct"": 45, ""start_date"": ""2026-08-24"", ""end_date"": ""2026-10-11""}, {""option"": ""3인 나이트스파 미들시즌 설악워터피아(8/24~10/11)"", ""detail_div"": ""대소공통"", ""week_div"": ""주중+주말"", ""list_price"": 126000, ""sale_price"": 65400, ""discount_pct"": 48, ""start_date"": ""2026-08-24"", ""end_date"": ""2026-10-11""}, {""option"": ""4인 나이트스파 미들시즌 설악워터피아(8/24~10/11)"", ""detail_div"": ""대소공통"", ""week_div"": ""주중+주말"", ""list_price"": 168000, ""sale_price"": 85000, ""discount_pct"": 49, ""start_date"": ""2026-08-24"", ""end_date"": ""2026-10-11""}, {""option"": ""2인 종일권 미들시즌 설악워터피아(8/24~10/11)"", ""detail_div"": ""대소공통"", ""week_div"": ""주중+주말"", ""list_price"": 160000, ""sale_price"": 88000, ""discount_pct"": 45, ""start_date"": ""2026-08-24"", ""end_date"": ""2026-10-11""}, {""option"": ""3인 종일권 미들시즌 설악워터피아(8/24~10/11)"", ""detail_div"": ""대소공통"", ""week_div"": ""주중+주말"", ""list_price"": 240000, ""sale_price"": 124800, ""discount_pct"": 48, ""start_date"": ""2026-08-24"", ""end_date"": ""2026-10-11""}, {""option"": ""4인 종일권 미들시즌 설악워터피아(8/24~10/11)"", ""detail_div"": ""대소공통"", ""week_div"": ""주중+주말"", ""list_price"": 320000, ""sale_price"": 162000, ""discount_pct"": 49, ""start_date"": ""2026-08-24"", ""end_date"": ""2026-10-11""}]",2026-08-24,2026-10-11,,2026-08-24 ~ 2026-10-11,모바일티켓;바로 사용가능,즉시발송,엘에스컴퍼니,알림톡,바로 입장 | 모바일 이용권 현장 제시 후 이용 가능(재발송 가능 상품),20,"기한: 수령 후 7일 이내 | 수수료: 발송·취소 장당 1,000원 | 불가: 부분취소, 기간경과 | 접수: 유선",한화리조트 설악 워터피아,강원 속초시 장사동 24-1,033-630-5800,https://www.hanwharesort.co.kr/irsweb/resort3/tpark/tp_intro.do?tp_cd=0100,모바일티켓,바로 사용가능,사용안함,[유효 ~ 26/10/11],,"[필독!! 발송정보]
◇ 바로 발송 가능 상품 : `결제(입금) 완료` 건에 한해서 휴대폰 번호로 카카오톡 이용권이 20분내로 발송됩니다.(미수신 시 휴대폰 차단 기능 확인!!)
◇ 수신 후 바로 사용 가능 : 카카오톡 이용권 문자 수신 후 바로 사용 가능, 결제 내역으로는 절대 이용 불가입니다.
※ 카카오톡 발송채널 : 엘에스컴퍼니
바코드 생성까지 15분 정도 소요됩니다. 참고 부탁드립니다.
[필독!! 이용정보]
◆ 유효 기간 :
골드시즌 : 2026년 7월 10일(금) ~ 2026년 8월 23일(일) 까지
- 골드시즌권은 7월 10일(금) 부터 이용 가능한 티켓입니다.
미들시즌 : 2026년 8월 24일(월) ~ 2026년 10월 11일(일) 까지
- 미들 시즌권은 8월 24일(월) 부터 이용 가능한 티켓입니다.
참고 후 구매 바랍니다.
※ 부분사용 및 부분취소 절대 불가
[입장권 안내사항]
- 주중/주말 구분 없이 유효기간 내 이용 가능합니다.
[대인/소인 기준]
- 기준 : 2026년 기준
- 대인 : 2013년생 이상
- 소인 : 2014년생 ~ 2022년생
- 2023년생 ~ 2026년생은 증빙서류 지참 시 무료 입장 가능
※ 본 기준은 2026년 기준으로, 연도에 따라 대/소인 구분이 변경될 수 있습니다.
◆ 이용 업체 : 한화리조트 설악 워터피아
◆ 운영 일정 : 이용업체 홈페이지 참조 필수
◆ 구매 수량 : 1인당 10매까지 구입 가능
◆ 이용 방법 : 모바일 이용권 현장 제시 후 이용 가능(재발송 가능 상품)
◆ 권종 구분 : 상세페이지 참고
★ 구매 전 옵션 별 상품정보를 확인하세요!
◆ 추가 할인 : 해당 상품은 할인 가격으로 판매되는 상품으로 추가 할인을 받으실 수 없습니다.
◆ 이용 업체에 대한 전반적인 이용 정보(운영 사항, 유의 사항, 안전 점검, 편의 시설 등)는 꼭 방문 전 아래 홈페이지를 클릭하셔서 확인하시길 바랍니다.
★ 홈페이지 : (클릭☞ 설악워터피아 홈페이지 바로가기)
☎고객센터 연락처 : 02-536-0836
운영시간 [주중 및 주말 동일]
● 오전 10시 ~ 오후 4시
● 점심시간 : 12:00 ~13:00
※ 취소 및 환불문의
▷ 취소 및 환불 요청은 유선으로만 가능합니다.(취소 및 환불 요청 고객센터 ☎ 02-536-0836)
→ 토요일 및 일요일 그리고 공휴일은 제외","▷ 취소 및 환불 요청은 유선으로만 가능합니다.→ 토요일 및 일요일 그리고 공휴일은 제외(취소 및 환불 요청 고객센터 ☎ 02-536-0836)
→ 고객센터 운영시간[주중 및 주말 동일] : 오전 10시 ~ 오후 4시 / 점심시간 12:00~13:00
→ 고객센터 연락처 : 02-536-0836
▷ 취소 및 환불 규정은 `전자상거래등에서의 소비자보호에 관한 현행 법률`에 의거하여 작성되었습니다.
▷ 취소 및 환불은 수령하신 날로부터 7일 이내에만 가능합니다.
▷ 해당 상품은 임직원 대상 특별 할인 가격으로 판매하는 프로모션 상품입니다.
▷ 해당 상품은 이용권에 별도 표기 된 유효(이용) 기간 내 꼭 이용하셔야 합니다.
▷ 유효(이용) 기간 경과 시 별도 연장이나 취소가 안 되는 `자동 폐기 상품`입니다. (★유효 기간 연장 불가 상품!!)
▷ 부분적인 결제 취소나 부분적인 이용이 불가능한 상품입니다.(예시 : 5명일 경우 4장+1장 결제 or 2장+3장 결제)
▷ 고객 귀책 사유로 발생하는 취소 및 환불 금액에 대한 발송 및 이체 수수료는 고객이 부담하셔야 합니다.
→ 모바일 티켓 : 발송 및 취소 수수료 장당 1,000원 발생(예시 : 1,000원 X 5장 발송 = 5,000원)
→ 종이 티켓 : 폐문, 부재중, 주소 오류 등 고객 귀책 사유로 발송된 등기 반송 시 반송 비용은 고객이 부담하셔야 합니다. (반송 비용 6,000원)
→ 공통 : 환불 금액 입금 계좌가 하나은행이 아닌 타 은행인 경우 이체 수수료 500원이 발생합니다.",2026-09-30T04:40:16
330127,워터파크,워터파크,부천,웅진플레이도시 워터파크,언제나 신나는 웅플!파도파도~끝없는 즐거움,60000,27000,55,종일권 로우시즌 웅진플레이도시(~10/31),1,"[{""option"": ""종일권 로우시즌 웅진플레이도시(~10/31)"", ""detail_div"": ""대소공통"", ""week_div"": ""주중+주말"", ""list_price"": 60000, ""sale_price"": 27000, ""discount_pct"": 55, ""start_date"": ""2026-09-07"", ""end_date"": ""2026-10-31""}]",2026-09-07,2026-10-31,,2026-09-07 ~ 2026-10-31,모바일티켓;바로 사용가능,즉시발송,놀이의발견,알림톡,매표소 교환 / 바로 입장 | 알림톡 이용권 현장 매표소 제시 후 이용 가능(재발송 가능 상품),10,"기한: 수령 후 7일 이내 | 수수료: 발송·취소 장당 1,000원 | 불가: 부분취소, 기간경과 | 접수: 유선",웅진플레이도시,경기 부천시 조마루로 2,1577-5773,http://www.playdoci.com/index.aspx,모바일티켓,바로 사용가능,사용안함,[유효 ~ 26/10/31],,"[필독!! 발송정보]
- 로우시즌 : 매주 월,화 휴장입니다. 참고 후 구매 바랍니다.
- 2매이상 구매시 外 1명으로 1매만 발송됩니다.
◇ 바로 발송 가능 상품 : `결제(입금) 완료` 건에 한해서 휴대폰 번호로 카카오톡 이용권이 20분내로 발송됩니다.(미수신 시 휴대폰 차단 기능 확인!!)
◇ 수신 후 바로 사용 가능 : 카카오톡 이용권 수신 후 바로 사용 가능, 결제 내역으로는 절대 이용 불가입니다.
※ 카카오톡 발송채널 : 놀이의발견
[필독!! 이용정보]
- 부분취소 절대 불가한 상품입니다. 참고 후 구매 부탁드립니다.
◆ 유효 기간 : ~ 2026년 10월 31일(토) 까지
◆ 이용 업체 : 웅진플레이도시 워터파크
◆ 클린 데이 : 이용업체 홈페이지 참조 필수
◆ 구매 수량 : 1인당 10매까지 구입 가능
◆ 이용 방법 : 알림톡 이용권 현장 매표소 제시 후 이용 가능(재발송 가능 상품)
◆ 권종 구분 : 대인/소인/주중/주말ㆍ공휴일 구분없이 1인 1매 (36개월 미만 아기는 보호자 신분증 및 확인서류 지참시에만 무료 이용 가능!!)
◆ 추가 할인 : 해당 상품은 할인 가격으로 판매되는 상품으로 추가 할인을 받으실 수 없습니다.
◆ 안내 사항 : 주말 및 성수기 기간 인원 초과 시 입장이 제한될 수 있으며, 시설 이용 제한 사항은 업체 규정에 따릅니다.
◆ 이용 업체에 대한 전반적인 이용 정보(운영 사항, 유의 사항, 안전 점검, 편의 시설 등)는 꼭 방문 전 아래 홈페이지를 클릭하셔서 확인하시길 바랍니다.
★ 홈페이지 : (클릭☞웅진플레이도시 홈페이지 바로가기)
☎고객센터 연락처 : 02-536-0836
운영시간 [주중 및 주말 동일]
● 오전 10시 ~ 오후 4시
● 점심시간 : 12:00 ~13:00
※ 취소 및 환불문의
▷ 취소 및 환불 요청은 유선으로만 가능합니다.(취소 및 환불 요청 고객센터 ☎ 02-536-0836)
→ 토요일 및 일요일 그리고 공휴일은 제외","▷ 취소 및 환불 요청은 유선으로만 가능합니다.→ 토요일 및 일요일 그리고 공휴일은 제외(취소 및 환불 요청 고객센터 ☎ 02-536-0836)
→ 고객센터 운영시간[주중 및 주말 동일] : 오전 10시 ~ 오후 4시 / 점심시간 12:00~13:00
→ 고객센터 연락처 : 02-536-0836
▷ 취소 및 환불 규정은 `전자상거래등에서의 소비자보호에 관한 현행 법률`에 의거하여 작성되었습니다.
▷ 취소 및 환불은 수령하신 날로부터 7일 이내에만 가능합니다.
▷ 해당 상품은 임직원 대상 특별 할인 가격으로 판매하는 프로모션 상품입니다.
▷ 해당 상품은 이용권에 별도 표기 된 유효(이용) 기간 내 꼭 이용하셔야 합니다.
▷ 유효(이용) 기간 경과 시 별도 연장이나 취소가 안 되는 `자동 폐기 상품`입니다. (★유효 기간 연장 불가 상품!!)
▷ 부분적인 결제 취소나 부분적인 이용이 불가능한 상품입니다.(예시 : 5명일 경우 4장+1장 결제 or 2장+3장 결제)
▷ 고객 귀책 사유로 발생하는 취소 및 환불 금액에 대한 발송 및 이체 수수료는 고객이 부담하셔야 합니다.
→ 모바일 티켓 : 발송 및 취소 수수료 장당 1,000원 발생(예시 : 1,000원 X 5장 발송 = 5,000원)
→ 종이 티켓 : 폐문, 부재중, 주소 오류 등 고객 귀책 사유로 발송된 등기 반송 시 반송 비용은 고객이 부담하셔야 합니다. (반송 비용 6,000원)
→ 공통 : 환불 금액 입금 계좌가 하나은행이 아닌 타 은행인 경우 이체 수수료 500원이 발생합니다.",2026-09-30T04:40:19
319087,테마파크,테마파크,부산,런닝맨&다이나믹메이즈,익사이팅 실내 어트랙션!,19000,14000,26,이용권 런닝맨(60분)(~10/31),5,"[{""option"": ""이용권 런닝맨(60분)(~10/31)"", ""detail_div"": ""대소공통"", ""week_div"": ""주중+주말"", ""list_price"": 19000, ""sale_price"": 14000, ""discount_pct"": 26, ""start_date"": ""2025-12-01"", ""end_date"": ""2026-10-31""}, {""option"": ""이용권 다이나믹메이즈(~10/31)"", ""detail_div"": ""대소공통"", ""week_div"": ""주중+주말"", ""list_price"": 16000, ""sale_price"": 13000, ""discount_pct"": 19, ""start_date"": ""2025-12-01"", ""end_date"": ""2026-10-31""}, {""option"": ""종합권 런닝맨(60분)+다이나믹메이즈PKG(~10/31)"", ""detail_div"": ""대소공통"", ""week_div"": ""주중+주말"", ""list_price"": 29000, ""sale_price"": 22000, ""discount_pct"": 24, ""start_date"": ""2025-12-01"", ""end_date"": ""2026-10-31""}, {""option"": ""이용권 런닝맨(90분)(~10/31)"", ""detail_div"": ""대소공통"", ""week_div"": ""주중+주말"", ""list_price"": 25000, ""sale_price"": 19000, ""discount_pct"": 24, ""start_date"": ""2025-12-01"", ""end_date"": ""2026-10-31""}, {""option"": ""종합권 런닝맨(90분)+다이나믹메이즈PKG(~10/31)"", ""detail_div"": ""대소공통"", ""week_div"": ""주중+주말"", ""list_price"": 35000, ""sale_price"": 24000, ""discount_pct"": 31, ""start_date"": ""2025-12-01"", ""end_date"": ""2026-10-31""}]",2025-12-01,2026-10-31,,2025-12-01 ~ 2026-10-31,모바일티켓;바로 사용가능,즉시발송,,LMS 문자,QR/바코드 제시 / 매표소 교환 / 바로 입장 | LMS 바코드 문자 이용권 현장 매표소 제시 후 이용 가능(재발송 가능 상품),100,"기한: 구매 후 7일 이내 | 수수료: 발송·취소 장당 1,000원 | 불가: 부분취소, 기간경과 | 접수: 유선",런닝맨+다이나믹메이즈 부산점,부산 부산진구 중앙대로 672 삼정타워 10층,051-520-3636,http://www.running-man.co.kr/episode/episode2.php/ ; http://www.dynamicmaze.com/episode/busan.php,모바일티켓,바로 사용가능,사용안함,[유효 ~ 26/10/31],,"[필독!! 발송정보]
◇ 바로 발송 가능 상품 : `결제(입금) 완료` 건에 한해서 LMS 바코드 이용권 문자가 20분이내 휴대폰 번호로 발송
(미수신 시 휴대폰 차단 기능 확인!!)
◇ 수신 후 바로 사용 가능 : 모바일 이용권 수신 후 바로 사용 가능, 결제 내역으로는 이용 불가합니다.
※ 문자발송번호 : 02-536-0836
[필독!! 이용정보]
◆ 기본 이용권 런닝맨은 60분 이용시간입니다. 참고부탁드립니다.
◆ 유효 기간 : ~ 2026년 10월 31일(토) 까지
◆ 이용 업체 : 런닝맨&다이나믹메이즈
◆ 운영 일정 : 이용업체 홈페이지 참조 필수
◆ 구매 수량 : 1인당 10매까지 구입 가능
◆ 이용 방법 : LMS 바코드 문자 이용권 현장 매표소 제시 후 이용 가능(재발송 가능 상품)
◆ 권종 구분 : 대인/소인/주중/주말ㆍ공휴일 구분없이 1인 1매 (36개월 미만 아기는 보호자 신분증 및 확인서류 지참시에만 무료 이용 가능!!)
★ 구매 전 옵션 별 상품정보를 확인하세요!
※ 13세 이하 어린이의 경우 보호자 동반입장 필수(성인 1명 당 어린이 5명까지 가능)
※ 키 110cm 미만 어린이는 안전문제로 이용이 어려울 수 있습니다.
※ 해당 시설은 역동적인 체험 특성 상 지병이 있거나 장애인, 노약자, 임산부 등의 경우 이용이 불가할 수 있습니다.
※ 체험 불가한 수준의 병력(허리디스크 등)을 숨김으로 발생하는 피해는 보상받으실 수 없습니다.
◆ 추가 할인 : 해당 상품은 할인 가격으로 판매되는 상품으로 추가 할인을 받으실 수 없습니다.
◆ 안내 사항 : 주말 및 성수기 기간 인원 초과 시 입장이 제한될 수 있으며, 시설 이용 제한 사항은 업체 규정에 따릅니다.
◆ 이용 업체에 대한 전반적인 이용 정보(운영 사항, 유의 사항, 안전 점검, 편의 시설 등)는 꼭 방문 전 아래 홈페이지를 클릭하셔서 확인하시길 바랍니다.
★ 홈페이지
- (클릭☞ 런닝맨 홈페이지 바로가기)
- (클릭☞ 다이나믹메이즈 홈페이지 바로가기)
☎고객센터 연락처 : 02-536-0836
운영시간 [주중 및 주말 동일]
● 오전 10시 ~ 오후 4시
● 점심시간 : 12:00 ~13:00
※ 취소 및 환불문의
▷ 취소 및 환불 요청은 유선으로만 가능합니다.(취소 및 환불 요청 고객센터 ☎ 02-536-0836)
→ 토요일 및 일요일 그리고 공휴일은 제외","▷ 취소 및 환불 요청은 유선으로만 가능합니다.→ 토요일 및 일요일 그리고 공휴일은 제외(취소 및 환불 요청 고객센터 ☎ 02-536-0836)
→ 고객센터 운영시간[주중 및 주말 동일] : 오전 10시 ~ 오후 4시 / 점심시간 12:00~13:00
→ 고객센터 연락처 : 02-536-0836
▷ 취소 및 환불 규정은 `전자상거래등에서의 소비자보호에 관한 현행 법률`에 의거하여 작성되었습니다.
▷ 취소 및 환불은 구매일로부터 7일 이내에만 가능하며, 7일 경과시 기간에 따라 취소 수수료가 발생하거나 취소가 불가능할 수 있습니다.
▷ 해당 상품은 임직원 대상 특별 할인 가격으로 판매하는 프로모션 상품입니다.
▷ 해당 상품은 이용권에 별도 표기 된 유효(이용) 기간 내 꼭 이용하셔야 합니다.
▷ 유효(이용) 기간 경과 시 별도 연장이나 취소가 안 되는 `자동 폐기 상품`입니다. (★유효 기간 연장 불가 상품!!)
▷ 부분적인 결제 취소나 부분적인 이용이 불가능한 상품입니다.(예시 : 5명일 경우 4장+1장 결제 or 2장+3장 결제)
▷ 고객 귀책 사유로 발생하는 취소 및 환불 금액에 대한 발송 및 이체 수수료는 고객이 부담하셔야 합니다.
→ 모바일 티켓 : 발송 및 취소 수수료 장당 1,000원 발생(예시 : 1,000원 X 5장 발송 = 5,000원)
→ 종이 티켓 : 폐문, 부재중, 주소 오류 등 고객 귀책 사유로 발송된 등기 반송 시 반송 비용은 고객이 부담하셔야 합니다. (반송 비용 6,000원)
→ 공통 : 환불 금액 입금 계좌가 하나은행이 아닌 타 은행인 경우 이체 수수료 500원이 발생합니다.",2026-09-30T04:40:22
319150,테마파크,테마파크,인사동,런닝맨 or 다이나믹메이즈,익사이팅 실내 어트랙션!,19000,15000,21,런닝맨 1시간 이용권(~10/31),3,"[{""option"": ""런닝맨 1시간 이용권(~10/31)"", ""detail_div"": ""대소공통"", ""week_div"": ""주중+주말"", ""list_price"": 19000, ""sale_price"": 15000, ""discount_pct"": 21, ""start_date"": ""2025-12-01"", ""end_date"": ""2026-10-31""}, {""option"": ""런닝맨 1시간30분 이용권(~10/31)"", ""detail_div"": ""대소공통"", ""week_div"": ""주중+주말"", ""list_price"": 25000, ""sale_price"": 20000, ""discount_pct"": 20, ""start_date"": ""2025-12-01"", ""end_date"": ""2026-10-31""}, {""option"": ""다이나믹메이즈 이용권(~10/31)"", ""detail_div"": ""대소공통"", ""week_div"": ""주중+주말"", ""list_price"": 16000, ""sale_price"": 13000, ""discount_pct"": 19, ""start_date"": ""2025-12-01"", ""end_date"": ""2026-10-31""}]",2025-12-01,2026-10-31,,2025-12-01 ~ 2026-10-31,모바일티켓;바로 사용가능,즉시발송,,LMS 문자,QR/바코드 제시 / 매표소 교환 / 바로 입장 | LMS 바코드 문자 이용권 현장 매표소 제시 후 이용 가능(재발송 가능 상품),100,"기한: 구매 후 7일 이내 | 수수료: 발송·취소 장당 1,000원 | 불가: 부분취소, 기간경과 | 접수: 유선",런닝맨&다이나믹메이즈 인사동점,서울 종로구 인사동길 12 대일빌딩 지하1층,02-2034-0600,http://www.running-man.co.kr/ ; http://www.dynamicmaze.com/,모바일티켓,바로 사용가능,사용안함,[유효 ~ 26/10/31],,"[필독!! 발송정보]
◇ 바로 발송 가능 상품 : `결제(입금) 완료` 건에 한해서 LMS 바코드 이용권 문자가 20분이내 휴대폰 번호로 발송
(미수신 시 휴대폰 차단 기능 확인!!)
◇ 수신 후 바로 사용 가능 : 모바일 이용권 수신 후 바로 사용 가능, 결제 내역으로는 이용 불가합니다.
※ 문자발송번호 : 02-536-0836
[필독!! 이용정보]
◆ 유효 기간 : ~ 2026년 10월 31일(토) 까지
◆ 이용 업체 : [인사동]런닝맨&다이나믹메이즈
◆ 운영 일정 : 이용업체 홈페이지 참조 필수
◆ 구매 수량 : 1인당 10매까지 구입 가능
◆ 이용 방법 : LMS 바코드 문자 이용권 현장 매표소 제시 후 이용 가능(재발송 가능 상품)
◆ 권종 구분 : 대인/소인/주중/주말ㆍ공휴일 구분없이 1인 1매
※ 패키지권은 판매하고 있지 않습니다.
★ 구매 전 옵션 별 상품정보를 확인하세요!
◆ 런닝맨
※ 13세 이하 어린이의 경우 보호자 동반입장 필수(성인 1명 당 어린이 5명까지 가능)
※ 키 110cm 미만 어린이는 안전문제로 이용이 어려울 수 있습니다.
※ 해당 시설은 역동적인 체험 특성 상 지병이 있거나 장애인, 노약자, 임산부 등의 경우 이용이 불가할 수 있습니다.
※ 체험 불가한 수준의 병력(허리디스크 등)을 숨김으로 발생하는 피해는 보상받으실 수 없습니다.
※ 중학생부터 학생증 및 증빙서류 확인 후 성인보호자 없이 단독 입장이 가능합니다.
◆ 다이나믹메이즈
※ 13세 이하 어린이의 경우 보호자 동반입장 필수(성인 1명 당 어린이 5명까지 가능)
※ 키 100cm 미만 어린이는 체험이 불가합니다.
※ 최소 2인 이상부터 체험이 가능합니다.
※ 중,고등학생 입장 시 '학생증'등 증빙서류 필수 지참
※ 해당 시설은 역동적인 체험 특성 상 지병이 있거나 장애인, 노약자, 임산부 등의 경우 이용이 불가할 수 있습니다.
※ 체험 불가한 수준의 병력(허리디스크 등)을 숨김으로 발생하는 피해는 보상받으실 수 없습니다.
◆ 추가 할인 : 해당 상품은 할인 가격으로 판매되는 상품으로 추가 할인을 받으실 수 없습니다.
◆ 안내 사항 : 주말 및 성수기 기간 인원 초과 시 입장이 제한될 수 있으며, 시설 이용 제한 사항은 업체 규정에 따릅니다.
◆ 이용 업체에 대한 전반적인 이용 정보(운영 사항, 유의 사항, 안전 점검, 편의 시설 등)는 꼭 방문 전 아래 홈페이지를 클릭하셔서 확인하시길 바랍니다.
★ 홈페이지 :
- (클릭☞ 런닝맨 홈페이지 바로가기)
- (클릭☞ 다이나믹메이즈 홈페이지 바로가기)
☎고객센터 연락처 : 02-536-0836
운영시간 [주중 및 주말 동일]
● 오전 10시 ~ 오후 4시
● 점심시간 : 12:00 ~13:00
※ 취소 및 환불문의
▷ 취소 및 환불 요청은 유선으로만 가능합니다.(취소 및 환불 요청 고객센터 ☎ 02-536-0836)
→ 토요일 및 일요일 그리고 공휴일은 제외","▷ 취소 및 환불 요청은 유선으로만 가능합니다.→ 토요일 및 일요일 그리고 공휴일은 제외(취소 및 환불 요청 고객센터 ☎ 02-536-0836)
→ 고객센터 운영시간[주중 및 주말 동일] : 오전 10시 ~ 오후 4시 / 점심시간 12:00~13:00
→ 고객센터 연락처 : 02-536-0836
▷ 취소 및 환불 규정은 `전자상거래등에서의 소비자보호에 관한 현행 법률`에 의거하여 작성되었습니다.
▷ 취소 및 환불은 구매일로부터 7일 이내에만 가능하며, 7일 경과시 기간에 따라 취소 수수료가 발생하거나 취소가 불가능할 수 있습니다.
▷ 해당 상품은 임직원 대상 특별 할인 가격으로 판매하는 프로모션 상품입니다.
▷ 해당 상품은 이용권에 별도 표기 된 유효(이용) 기간 내 꼭 이용하셔야 합니다.
▷ 유효(이용) 기간 경과 시 별도 연장이나 취소가 안 되는 `자동 폐기 상품`입니다. (★유효 기간 연장 불가 상품!!)
▷ 부분적인 결제 취소나 부분적인 이용이 불가능한 상품입니다.(예시 : 5명일 경우 4장+1장 결제 or 2장+3장 결제)
▷ 고객 귀책 사유로 발생하는 취소 및 환불 금액에 대한 발송 및 이체 수수료는 고객이 부담하셔야 합니다.
→ 모바일 티켓 : 발송 및 취소 수수료 장당 1,000원 발생(예시 : 1,000원 X 5장 발송 = 5,000원)
→ 종이 티켓 : 폐문, 부재중, 주소 오류 등 고객 귀책 사유로 발송된 등기 반송 시 반송 비용은 고객이 부담하셔야 합니다. (반송 비용 6,000원)
→ 공통 : 환불 금액 입금 계좌가 하나은행이 아닌 타 은행인 경우 이체 수수료 500원이 발생합니다.",2026-09-30T04:40:24
292620,테마파크,테마파크,화성,네이처스케이프 플러스,새로운 모험이 기다리는 곳,29500,19000,36,주중종일·주말4시간 이용권 네이처스케이프플러스,1,"[{""option"": ""주중종일·주말4시간 이용권 네이처스케이프플러스"", ""detail_div"": ""대소공통"", ""week_div"": ""주중+주말"", ""list_price"": 29500, ""sale_price"": 19000, ""discount_pct"": 36, ""start_date"": ""0"", ""end_date"": ""60""}]",구매일,,60,0 ~ 60,모바일티켓;바로 사용가능,즉시발송,,LMS 문자,QR/바코드 제시 / 매표소 교환 | LMS 바코드 문자 이용권 현장 매표소 제시 후 이용 가능(재발송 가능 상품),50,"기한: 수령 후 7일 이내 | 수수료: 발송·취소 장당 1,000원 | 불가: 부분취소, 기간경과 | 접수: 유선",네이처스케이프플러스,경기 화성시 동탄대로5길 21 라크몽 A동 4층~5층,031-1533-1245,https://www.instagram.com/naturescapeplus/,모바일티켓,바로 사용가능,사용안함,[유효 ~ 60일],,"[필독!! 발송정보]
◇ 바로 발송 가능 상품 : `결제(입금) 완료` 건에 한해서 LMS 바코드 이용권 문자가 20분이내 휴대폰 번호로 발송(미수신 시 휴대폰 차단 기능 확인!!)
※ 문자발송번호 : 02-536-0836
[필독!! 이용정보]
◆ 유효 기간 : 구매 후 60일
◆ 이용 업체 : 네이처스케이프 플러스
◆ 운영 일정 : 이용업체 홈페이지 참조 필수
◆ 구매 수량 : 1인당 10매까지 구입 가능
◆ 이용 방법 : LMS 바코드 문자 이용권 현장 매표소 제시 후 이용 가능(재발송 가능 상품)
◆ 권종 구분 : 대인/소인/주중/주말/공휴일 구분없이 1인 1매 (36개월 미만 아기는 보호자 신분증 및 확인서류 지참시에만 무료 이용 가능!!)
★ 주중 방문 시 : 종일 이용가능 / 주말 방문 시 : 4시간 이용가능
◆ 추가 할인 : 해당 상품은 할인 가격으로 판매되는 상품으로 추가 할인을 받으실 수 없습니다.
◆ 안내 사항 : 주말 및 성수기 기간 인원 초과 시 입장이 제한될 수 있으며, 시설 이용 제한 사항은 업체 규정에 따릅니다.
◆ 이용 업체에 대한 전반적인 이용 정보(운영 사항, 유의 사항, 안전 점검, 편의 시설 등)는 꼭 방문 전 아래 홈페이지를 클릭하셔서 확인하시길 바랍니다.
★ 홈페이지 : (클릭☞ 디스커버리 네이처스케이프 홈페이지 바로가기)
☎고객센터 연락처 : 02-536-0836
운영시간 [주중 및 주말 동일]
● 오전 10시 ~ 오후 4시
● 점심시간 : 12:00 ~13:00
※ 취소 및 환불문의
▷ 취소 및 환불 요청은 유선으로만 가능합니다.(취소 및 환불 요청 고객센터 ☎ 02-536-0836)
→ 토요일 및 일요일 그리고 공휴일은 제외","▷ 취소 및 환불 요청은 유선으로만 가능합니다.→ 토요일 및 일요일 그리고 공휴일은 제외(취소 및 환불 요청 고객센터 ☎ 02-536-0836)
→ 고객센터 운영시간[주중 및 주말 동일] : 오전 10시 ~ 오후 4시 / 점심시간 12:00~13:00
→ 고객센터 연락처 : 02-536-0836
▷ 취소 및 환불 규정은 `전자상거래등에서의 소비자보호에 관한 현행 법률`에 의거하여 작성되었습니다.
▷ 취소 및 환불은 수령하신 날로부터 7일 이내에만 가능합니다.
▷ 해당 상품은 임직원 대상 특별 할인 가격으로 판매하는 프로모션 상품입니다.
▷ 해당 상품은 이용권에 별도 표기 된 유효(이용) 기간 내 꼭 이용하셔야 합니다.
▷ 유효(이용) 기간 경과 시 별도 연장이나 취소가 안 되는 `자동 폐기 상품`입니다. (★유효 기간 연장 불가 상품!!)
▷ 부분적인 결제 취소나 부분적인 이용이 불가능한 상품입니다.(예시 : 5명일 경우 4장+1장 결제 or 2장+3장 결제)
▷ 고객 귀책 사유로 발생하는 취소 및 환불 금액에 대한 발송 및 이체 수수료는 고객이 부담하셔야 합니다.
→ 모바일 티켓 : 발송 및 취소 수수료 장당 1,000원 발생(예시 : 1,000원 X 5장 발송 = 5,000원)
→ 종이 티켓 : 폐문, 부재중, 주소 오류 등 고객 귀책 사유로 발송된 등기 반송 시 반송 비용은 고객이 부담하셔야 합니다. (반송 비용 6,000원)
→ 공통 : 환불 금액 입금 계좌가 하나은행이 아닌 타 은행인 경우 이체 수수료 500원이 발생합니다.",2026-09-30T04:40:27
327851,테마파크,테마파크,홍천,알파카월드,"세계 최초, 세계 유일의 알파카 테마파크!",18000,14500,19,1인 입장권 알파카월드(~11/30),1,"[{""option"": ""1인 입장권 알파카월드(~11/30)"", ""detail_div"": ""대인"", ""week_div"": ""주중+주말"", ""list_price"": 18000, ""sale_price"": 14500, ""discount_pct"": 19, ""start_date"": ""0"", ""end_date"": ""2026-11-30""}]",구매일,2026-11-30,,0 ~ 2026-11-30,모바일티켓;바로 사용가능,즉시발송,엘에스컴퍼니,알림톡,매표소 교환 / 바로 입장 | 모바일 이용권 현장 매표소 제시 후 이용 가능(재발송 가능 상품),20,"기한: 수령 후 7일 이내 | 수수료: 발송·취소 장당 1,000원 | 불가: 부분취소, 기간경과 | 접수: 유선(주중)",알파카월드,강원 홍천군 화촌면 덕밭재길 146-155,1899-2250,,모바일티켓,바로 사용가능,사용안함,[유효 ~ 26/11/30],,"[필독!! 발송정보]
◇ 바로 발송 가능 상품 : `결제(입금) 완료` 건에 한해서 모바일 이용권이 20분이내 휴대폰 번호로 발송(미수신 시 휴대폰 차단 기능 확인!!)
◇ 수신 후 바로 사용 가능 : 모바일 이용권 수신 후 바로 사용 가능, 결제 내역으로는 이용 불가합니다.
※ 카카오톡발송채널 : 엘에스컴퍼니
[필독!! 이용정보]
◆ 구매 전 상세이미지 내 안내사항을 꼭 확인해주세요.
◆ 유효 기간 : ~ 2026년 11월 30일 까지
◆ 이용 업체 : 알파카월드
◆ 운영 일정 : 이용업체 홈페이지 참조 필수
◆ 구매 수량 : 1인당 10매까지 구입 가능
◆ 이용 방법 : 모바일 이용권 현장 매표소 제시 후 이용 가능(재발송 가능 상품)
◆ 권종 구분 : 주중/주말·공휴일 구분없이 1인 1매
◆ 추가 할인 : 해당 상품은 할인 가격으로 판매되는 상품으로 추가 할인을 받으실 수 없습니다.
◆ 이용 업체에 대한 전반적인 이용 정보(운영 사항, 유의 사항, 안전 점검, 편의 시설 등)는 꼭 방문 홈페이지를 확인하시길 바랍니다.","▷ 취소 및 환불 요청은 주중에 유선으로만 가능합니다.(취소 및 환불 요청 고객센터 ☎ 02-536-0836)
→ 고객센터 운영시간 : 평일 10:00~16:00 운영 / 점심시간 12:00~13:00
▷ 취소 및 환불 규정은 `전자상거래등에서의 소비자보호에 관한 현행 법률`에 의거하여 작성되었습니다.
▷ 취소 및 환불은 수령하신 날로부터 7일 이내에만 가능합니다.
▷ 해당 상품은 임직원 대상 특별 할인 가격으로 판매하는 프로모션 상품입니다.
▷ 해당 상품은 이용권에 별도 표기 된 유효(이용) 기간 내 꼭 이용하셔야 합니다.
▷ 유효(이용) 기간 경과 시 별도 연장이나 취소가 안 되는 `자동 폐기 상품`입니다.(★유효 기간 연장 불가 상품!!)
▷ 부분적인 결제 취소나 부분적인 이용이 불가능한 상품입니다.(예시 : 5명일 경우 4장+1장 결제 or 2장+3장 결제)
▷ 고객 귀책 사유로 발생하는 취소 및 환불 금액에 대한 발송 및 이체 수수료는 고객이 부담하셔야 합니다.
→ 모바일 티켓 : 발송 및 취소 수수료 장당 1,000원 발생(예시 : 1,000원 X 5장 발송 = 5,000원)
→ 종이 티켓 : 폐문, 부재중, 주소 오류 등 고객 귀책 사유로 발송된 등기 반송 시 반송 비용은 고객이 부담하셔야 합니다.(반송 비용 7,500원)
→ 공통 : 환불 금액 입금 계좌가 하나은행이 아닌 타 은행인 경우 이체 수수료 500원이 발생합니다.",2026-09-30T04:40:29
322055,테마파크,테마파크,경기,허브아일랜드,365일 꺼지지 않는 불빛동화축제,8000,7000,13,1인 주중 소인 입장권 허브아일랜드(~12/31),4,"[{""option"": ""1인 주중 소인 입장권 허브아일랜드(~12/31)"", ""detail_div"": ""소인"", ""week_div"": ""주중"", ""list_price"": 8000, ""sale_price"": 7000, ""discount_pct"": 13, ""start_date"": ""0"", ""end_date"": ""2026-12-31""}, {""option"": ""1인 주말 소인 입장권 허브아일랜드(~12/31)"", ""detail_div"": ""소인"", ""week_div"": ""주중+주말"", ""list_price"": 10000, ""sale_price"": 9000, ""discount_pct"": 10, ""start_date"": ""0"", ""end_date"": ""2026-12-31""}, {""option"": ""1인 주중 대인 입장권 허브아일랜드(~12/31)"", ""detail_div"": ""대인"", ""week_div"": ""주중"", ""list_price"": 10000, ""sale_price"": 9000, ""discount_pct"": 10, ""start_date"": ""0"", ""end_date"": ""2026-12-31""}, {""option"": ""1인 주말 대인 입장권 허브아일랜드(~12/31)"", ""detail_div"": ""대인"", ""week_div"": ""주중+주말"", ""list_price"": 12000, ""sale_price"": 11000, ""discount_pct"": 8, ""start_date"": ""0"", ""end_date"": ""2026-12-31""}]",구매일,2026-12-31,,0 ~ 2026-12-31,모바일티켓;바로 사용가능,즉시발송,엘에스컴퍼니,알림톡,매표소 교환 / 바로 입장 | 모바일 이용권 현장 매표소 제시 후 이용 가능(재발송 가능 상품),20,"기한: 수령 후 7일 이내 | 수수료: 발송·취소 장당 1,000원 | 불가: 부분취소, 기간경과 | 접수: 유선(주중)",허브아일랜드,경기 포천시 신북면 청신로947번길 51 허브아일랜드,031-535-6494,,모바일티켓,바로 사용가능,사용안함,[유효 ~ 26/12/31],,"[필독!! 발송정보]
◇ 바로 발송 가능 상품 : `결제(입금) 완료` 건에 한해서 모바일 이용권이 20분이내 휴대폰 번호로 발송(미수신 시 휴대폰 차단 기능 확인!!)
◇ 수신 후 바로 사용 가능 : 모바일 이용권 수신 후 바로 사용 가능, 결제 내역으로는 이용 불가합니다.
※ 카카오톡발송채널 : 엘에스컴퍼니
[필독!! 이용정보]
◆ 구매 전 상세이미지 내 안내사항을 꼭 확인해주세요.
◆ 유효 기간 : ~ 2026년 12월 31일(목) 까지
◆ 이용 업체 : 허브아일랜드
◆ 운영 일정 : 이용업체 홈페이지 참조 필수
◆ 구매 수량 : 1인당 10매까지 구입 가능
◆ 이용 방법 : 모바일 이용권 현장 매표소 제시 후 이용 가능(재발송 가능 상품)
◆ 권종 구분 : 주중/주말·공휴일 구분없이 1인 1매
◆ 추가 할인 : 해당 상품은 할인 가격으로 판매되는 상품으로 추가 할인을 받으실 수 없습니다.
◆ 이용 업체에 대한 전반적인 이용 정보(운영 사항, 유의 사항, 안전 점검, 편의 시설 등)는 꼭 방문 홈페이지를 확인하시길 바랍니다.","▷ 취소 및 환불 요청은 주중에 유선으로만 가능합니다.(취소 및 환불 요청 고객센터 ☎ 02-536-0836)
→ 고객센터 운영시간 : 평일 10:00~16:00 운영 / 점심시간 12:00~13:00
▷ 취소 및 환불 규정은 `전자상거래등에서의 소비자보호에 관한 현행 법률`에 의거하여 작성되었습니다.
▷ 취소 및 환불은 수령하신 날로부터 7일 이내에만 가능합니다.
▷ 해당 상품은 임직원 대상 특별 할인 가격으로 판매하는 프로모션 상품입니다.
▷ 해당 상품은 이용권에 별도 표기 된 유효(이용) 기간 내 꼭 이용하셔야 합니다.
▷ 유효(이용) 기간 경과 시 별도 연장이나 취소가 안 되는 `자동 폐기 상품`입니다.(★유효 기간 연장 불가 상품!!)
▷ 부분적인 결제 취소나 부분적인 이용이 불가능한 상품입니다.(예시 : 5명일 경우 4장+1장 결제 or 2장+3장 결제)
▷ 고객 귀책 사유로 발생하는 취소 및 환불 금액에 대한 발송 및 이체 수수료는 고객이 부담하셔야 합니다.
→ 모바일 티켓 : 발송 및 취소 수수료 장당 1,000원 발생(예시 : 1,000원 X 5장 발송 = 5,000원)
→ 종이 티켓 : 폐문, 부재중, 주소 오류 등 고객 귀책 사유로 발송된 등기 반송 시 반송 비용은 고객이 부담하셔야 합니다.(반송 비용 7,500원)
→ 공통 : 환불 금액 입금 계좌가 하나은행이 아닌 타 은행인 경우 이체 수수료 500원이 발생합니다.",2026-09-30T04:40:31
327788,테마파크,테마파크,대구,드림닥터 대구점 의사직업체험,15만명이 선택한 슬기로운 의사체험!,8000,7200,10,보호자 이용권 대구 드림닥터(~10/31),3,"[{""option"": ""보호자 이용권 대구 드림닥터(~10/31)"", ""detail_div"": ""대인"", ""week_div"": ""주중+주말"", ""list_price"": 8000, ""sale_price"": 7200, ""discount_pct"": 10, ""start_date"": ""0"", ""end_date"": ""2026-10-31""}, {""option"": ""레지던트권 대구 드림닥터(~10/31)"", ""detail_div"": ""대소공통"", ""week_div"": ""주중+주말"", ""list_price"": 37000, ""sale_price"": 29600, ""discount_pct"": 20, ""start_date"": ""0"", ""end_date"": ""2026-10-31""}, {""option"": ""전문의권 대구 드림닥터(~10/31)"", ""detail_div"": ""대소공통"", ""week_div"": ""주중+주말"", ""list_price"": 46000, ""sale_price"": 36800, ""discount_pct"": 20, ""start_date"": ""0"", ""end_date"": ""2026-10-31""}]",구매일,2026-10-31,,0 ~ 2026-10-31,모바일티켓;바로 사용가능,즉시발송,엘에스컴퍼니,알림톡,매표소 교환 / 바로 입장 | 모바일 이용권 현장 매표소 제시 후 이용 가능(재발송 가능 상품),20,"기한: 수령 후 7일 이내 | 수수료: 발송·취소 장당 1,000원 | 불가: 부분취소, 기간경과 | 접수: 유선(주중)",드림닥터 대구점,대구 중구 공평로 36 동성로SK리더스뷰 3층,053-422-7999,,모바일티켓,바로 사용가능,사용안함,[유효 ~ 26/10/31],,"[필독!! 발송정보]
◇ 바로 발송 가능 상품 : `결제(입금) 완료` 건에 한해서 모바일 이용권이 20분이내 휴대폰 번호로 발송(미수신 시 휴대폰 차단 기능 확인!!)
◇ 수신 후 바로 사용 가능 : 모바일 이용권 수신 후 바로 사용 가능, 결제 내역으로는 이용 불가합니다.
※ 카카오톡발송채널 : 엘에스컴퍼니
[필독!! 이용정보]
◆ 구매 전 상세이미지 내 안내사항을 꼭 확인해주세요.
◆ 유효 기간 : ~ 2026년 10월 31일 까지
◆ 이용 업체 : 드림닥터 대구점
◆ 운영 일정 : 이용업체 홈페이지 참조 필수
◆ 구매 수량 : 1인당 10매까지 구입 가능
◆ 이용 방법 : 모바일 이용권 현장 매표소 제시 후 이용 가능(재발송 가능 상품)
◆ 권종 구분 : 주중/주말·공휴일 구분없이 1인 1매
◆ 추가 할인 : 해당 상품은 할인 가격으로 판매되는 상품으로 추가 할인을 받으실 수 없습니다.
◆ 이용 업체에 대한 전반적인 이용 정보(운영 사항, 유의 사항, 안전 점검, 편의 시설 등)는 꼭 방문 홈페이지를 확인하시길 바랍니다.","▷ 취소 및 환불 요청은 주중에 유선으로만 가능합니다.(취소 및 환불 요청 고객센터 ☎ 02-536-0836)
→ 고객센터 운영시간 : 평일 10:00~16:00 운영 / 점심시간 12:00~13:00
▷ 취소 및 환불 규정은 `전자상거래등에서의 소비자보호에 관한 현행 법률`에 의거하여 작성되었습니다.
▷ 취소 및 환불은 수령하신 날로부터 7일 이내에만 가능합니다.
▷ 해당 상품은 임직원 대상 특별 할인 가격으로 판매하는 프로모션 상품입니다.
▷ 해당 상품은 이용권에 별도 표기 된 유효(이용) 기간 내 꼭 이용하셔야 합니다.
▷ 유효(이용) 기간 경과 시 별도 연장이나 취소가 안 되는 `자동 폐기 상품`입니다.(★유효 기간 연장 불가 상품!!)
▷ 부분적인 결제 취소나 부분적인 이용이 불가능한 상품입니다.(예시 : 5명일 경우 4장+1장 결제 or 2장+3장 결제)
▷ 고객 귀책 사유로 발생하는 취소 및 환불 금액에 대한 발송 및 이체 수수료는 고객이 부담하셔야 합니다.
→ 모바일 티켓 : 발송 및 취소 수수료 장당 1,000원 발생(예시 : 1,000원 X 5장 발송 = 5,000원)
→ 종이 티켓 : 폐문, 부재중, 주소 오류 등 고객 귀책 사유로 발송된 등기 반송 시 반송 비용은 고객이 부담하셔야 합니다.(반송 비용 7,500원)
→ 공통 : 환불 금액 입금 계좌가 하나은행이 아닌 타 은행인 경우 이체 수수료 500원이 발생합니다.",2026-09-30T04:40:34
327725,테마파크,테마파크,대전,드림닥터 대전점 의사직업체험,15만명이 선택한 슬기로운 의사체험!,8000,6400,20,보호자권 대전 드림닥터(~10/31),4,"[{""option"": ""보호자권 대전 드림닥터(~10/31)"", ""detail_div"": ""대소공통"", ""week_div"": ""주중+주말"", ""list_price"": 8000, ""sale_price"": 6400, ""discount_pct"": 20, ""start_date"": ""0"", ""end_date"": ""2026-10-31""}, {""option"": ""2시간권 대전 드림닥터(~10/31)"", ""detail_div"": ""대소공통"", ""week_div"": ""주중+주말"", ""list_price"": 28000, ""sale_price"": 22400, ""discount_pct"": 20, ""start_date"": ""0"", ""end_date"": ""2026-10-31""}, {""option"": ""레지던트권 대전 드림닥터(~10/31)"", ""detail_div"": ""대소공통"", ""week_div"": ""주중+주말"", ""list_price"": 37000, ""sale_price"": 29600, ""discount_pct"": 20, ""start_date"": ""0"", ""end_date"": ""2026-10-31""}, {""option"": ""4시간권 대전 드림닥터(~10/31)"", ""detail_div"": ""대소공통"", ""week_div"": ""주중+주말"", ""list_price"": 37000, ""sale_price"": 29600, ""discount_pct"": 20, ""start_date"": ""0"", ""end_date"": ""2026-10-31""}]",구매일,2026-10-31,,0 ~ 2026-10-31,모바일티켓;바로 사용가능,즉시발송,엘에스컴퍼니,알림톡,매표소 교환 / 바로 입장 | 모바일 이용권 현장 매표소 제시 후 이용 가능(재발송 가능 상품),20,"기한: 수령 후 7일 이내 | 수수료: 발송·취소 장당 1,000원 | 불가: 부분취소, 기간경과 | 접수: 유선(주중)",드림닥터 대전점,대전 유성구 학하북로 75-21 1층,0507-1420-2025,,모바일티켓,바로 사용가능,사용안함,[유효 ~ 26/10/31],,"[필독!! 발송정보]
◇ 바로 발송 가능 상품 : `결제(입금) 완료` 건에 한해서 모바일 이용권이 20분이내 휴대폰 번호로 발송(미수신 시 휴대폰 차단 기능 확인!!)
◇ 수신 후 바로 사용 가능 : 모바일 이용권 수신 후 바로 사용 가능, 결제 내역으로는 이용 불가합니다.
※ 카카오톡발송채널 : 엘에스컴퍼니
[필독!! 이용정보]
◆ 구매 전 상세이미지 내 안내사항을 꼭 확인해주세요.
◆ 유효 기간 : ~ 2026년 10월 31일 까지
◆ 이용 업체 : 드림닥터 대전점
◆ 운영 일정 : 이용업체 홈페이지 참조 필수
◆ 구매 수량 : 1인당 10매까지 구입 가능
◆ 이용 방법 : 모바일 이용권 현장 매표소 제시 후 이용 가능(재발송 가능 상품)
◆ 권종 구분 : 주중/주말·공휴일 구분없이 1인 1매
◆ 추가 할인 : 해당 상품은 할인 가격으로 판매되는 상품으로 추가 할인을 받으실 수 없습니다.
◆ 이용 업체에 대한 전반적인 이용 정보(운영 사항, 유의 사항, 안전 점검, 편의 시설 등)는 꼭 방문 홈페이지를 확인하시길 바랍니다.","▷ 취소 및 환불 요청은 주중에 유선으로만 가능합니다.(취소 및 환불 요청 고객센터 ☎ 02-536-0836)
→ 고객센터 운영시간 : 평일 10:00~16:00 운영 / 점심시간 12:00~13:00
▷ 취소 및 환불 규정은 `전자상거래등에서의 소비자보호에 관한 현행 법률`에 의거하여 작성되었습니다.
▷ 취소 및 환불은 수령하신 날로부터 7일 이내에만 가능합니다.
▷ 해당 상품은 임직원 대상 특별 할인 가격으로 판매하는 프로모션 상품입니다.
▷ 해당 상품은 이용권에 별도 표기 된 유효(이용) 기간 내 꼭 이용하셔야 합니다.
▷ 유효(이용) 기간 경과 시 별도 연장이나 취소가 안 되는 `자동 폐기 상품`입니다.(★유효 기간 연장 불가 상품!!)
▷ 부분적인 결제 취소나 부분적인 이용이 불가능한 상품입니다.(예시 : 5명일 경우 4장+1장 결제 or 2장+3장 결제)
▷ 고객 귀책 사유로 발생하는 취소 및 환불 금액에 대한 발송 및 이체 수수료는 고객이 부담하셔야 합니다.
→ 모바일 티켓 : 발송 및 취소 수수료 장당 1,000원 발생(예시 : 1,000원 X 5장 발송 = 5,000원)
→ 종이 티켓 : 폐문, 부재중, 주소 오류 등 고객 귀책 사유로 발송된 등기 반송 시 반송 비용은 고객이 부담하셔야 합니다.(반송 비용 7,500원)
→ 공통 : 환불 금액 입금 계좌가 하나은행이 아닌 타 은행인 경우 이체 수수료 500원이 발생합니다.",2026-09-30T04:40:36
311557,테마파크,테마파크,과천,원더파크,오감을 만족시키는 체험형 미디어파크,19000,14500,24,소인이용권 원더파크,2,"[{""option"": ""소인이용권 원더파크"", ""detail_div"": ""소인"", ""week_div"": ""주중+주말"", ""list_price"": 19000, ""sale_price"": 14500, ""discount_pct"": 24, ""start_date"": ""0"", ""end_date"": ""60""}, {""option"": ""대인이용권 원더파크"", ""detail_div"": ""대인"", ""week_div"": ""주중+주말"", ""list_price"": 22000, ""sale_price"": 16500, ""discount_pct"": 25, ""start_date"": ""0"", ""end_date"": ""60""}]",구매일,,60,0 ~ 60,모바일티켓;바로 사용가능,즉시발송,,LMS 문자,매표소 교환 / 바로 입장 | 모바일 이용권 현장 매표소 제시 및 발권 후 이용 가능(재발송 가능 상품),20,"기한: 수령 후 7일 이내 | 수수료: 발송·취소 장당 1,000원 | 불가: 부분취소, 기간경과 | 접수: 유선",매직플로우 주식회사,"서울특별시 강남구 역삼로77길 13, 1층(대치동, 비채빌딩)",1555-5443,https://www.magicflow.co.kr/park,모바일티켓,바로 사용가능,사용안함,[유효 ~ 60일],,"[필독!! 발송정보]
7월15일(수) ~16일(목) 임시휴장
◇ 바로 발송 가능 상품 : `결제(입금) 완료` 건에 한해서 모바일 이용권이 20분이내 휴대폰 번호로 발송(미수신 시 휴대폰 차단 기능 확인!!)
◇ 수신 후 바로 사용 가능 : 모바일 이용권 수신 후 바로 사용 가능, 결제 내역으로는 이용 불가합니다.
※ 문자발송번호 : 02-536-0836
[필독!! 이용정보]
◆ 유효 기간 : 옵션 별 상이
◆ 이용 업체 : 과천 원더파크
◆ 운영 일정(입장마감 1시간 전 발권 마감)
- 주중 : 10:00 ~ 18:00
- 주말 : 09:00 ~ 19:00
◆ 구매 수량 : 1인당 10매까지 구입 가능
◆ 이용 방법 : 모바일 이용권 현장 매표소 제시 및 발권 후 이용 가능(재발송 가능 상품)
◆ 권종 구분 : 주중/주말ㆍ공휴일 구분없이 1인 1매 (36개월 미만 아기는 보호자 신분증 및 확인서류 지참시에만 무료 이용 가능!!)
★ 구매 전 옵션 별 상품정보를 확인하세요!(대인 또는 소인)
- 대인 : 중학생 이상 / 소인 : 36개월 ~ 초등학생
◆ 추가 할인 : 해당 상품은 할인 가격으로 판매되는 상품으로 추가 할인을 받으실 수 없습니다.
◆ 안내 사항 : 주말 및 성수기 기간 인원 초과 시 입장이 제한될 수 있으며, 시설 이용 제한 사항은 업체 규정에 따릅니다.
★ 홈페이지 : (클릭☞ 원더파크 홈페이지 바로가기)
☎고객센터 연락처 : 02-536-0836
운영시간 [주중 및 주말 동일]
● 오전 10시 ~ 오후 4시
● 점심시간 : 12:00 ~13:00
※ 취소 및 환불문의
▷ 취소 및 환불 요청은 유선으로만 가능합니다.(취소 및 환불 요청 고객센터 ☎ 02-536-0836)
→ 토요일 및 일요일 그리고 공휴일은 제외","▷ 취소 및 환불 요청은 유선으로만 가능합니다.→ 토요일 및 일요일 그리고 공휴일은 제외(취소 및 환불 요청 고객센터 ☎ 02-536-0836)
→ 고객센터 운영시간[주중 및 주말 동일] : 오전 10시 ~ 오후 4시 / 점심시간 12:00~13:00
→ 고객센터 연락처 : 02-536-0836
▷ 취소 및 환불 규정은 `전자상거래등에서의 소비자보호에 관한 현행 법률`에 의거하여 작성되었습니다.
▷ 취소 및 환불은 수령하신 날로부터 7일 이내에만 가능합니다.
▷ 해당 상품은 임직원 대상 특별 할인 가격으로 판매하는 프로모션 상품입니다.
▷ 해당 상품은 이용권에 별도 표기 된 유효(이용) 기간 내 꼭 이용하셔야 합니다.
▷ 유효(이용) 기간 경과 시 별도 연장이나 취소가 안 되는 `자동 폐기 상품`입니다.(★유효 기간 연장 불가 상품!!)
▷ 부분적인 결제 취소나 부분적인 이용이 불가능한 상품입니다.(예시 : 5명일 경우 4장+1장 결제 or 2장+3장 결제)
▷ 고객 귀책 사유로 발생하는 취소 및 환불 금액에 대한 발송 및 이체 수수료는 고객이 부담하셔야 합니다.
→ 모바일 티켓 : 발송 및 취소 수수료 장당 1,000원 발생(예시 : 1,000원 X 5장 발송 = 5,000원)
→ 종이 티켓 : 폐문, 부재중, 주소 오류 등 고객 귀책 사유로 발송된 등기 반송 시 반송 비용은 고객이 부담하셔야 합니다.(반송 비용 7,500원)
→ 공통 : 환불 금액 입금 계좌가 하나은행이 아닌 타 은행인 경우 이체 수수료 500원이 발생합니다.",2026-09-30T04:40:38
311746,테마파크,테마파크,경주/오산,버드파크,새와 사람과 자연의 이야기,23000,17800,23,대인이용권 오산버드파크,4,"[{""option"": ""대인이용권 오산버드파크"", ""detail_div"": ""대인"", ""week_div"": ""주중+주말"", ""list_price"": 23000, ""sale_price"": 17800, ""discount_pct"": 23, ""start_date"": ""0"", ""end_date"": ""60""}, {""option"": ""소인이용권 오산버드파크"", ""detail_div"": ""소인"", ""week_div"": ""주중+주말"", ""list_price"": 19000, ""sale_price"": 14800, ""discount_pct"": 22, ""start_date"": ""0"", ""end_date"": ""60""}, {""option"": ""대인이용권 경주버드파크"", ""detail_div"": ""대인"", ""week_div"": ""주중+주말"", ""list_price"": 20000, ""sale_price"": 16300, ""discount_pct"": 19, ""start_date"": ""0"", ""end_date"": ""60""}, {""option"": ""소인이용권 경주버드파크"", ""detail_div"": ""소인"", ""week_div"": ""주중+주말"", ""list_price"": 15000, ""sale_price"": 12300, ""discount_pct"": 18, ""start_date"": ""0"", ""end_date"": ""60""}]",구매일,,60,0 ~ 60,모바일티켓;바로 사용가능,즉시발송,,LMS 문자,매표소 교환 / 바로 입장 | 모바일 이용권 현장 매표소 제시 후 이용 가능(재발송 가능 상품),100,"기한: 수령 후 7일 이내 | 수수료: 발송·취소 장당 1,000원 | 불가: 부분취소, 기간경과 | 접수: 유선",경주버드파크,경북 경주시 보문로 74-14,054-777-7200,http://www.birdparks.co.kr/ ; https://www.instagram.com/osanbirdpark/,모바일티켓,바로 사용가능,사용안함,[유효 ~ 60일],,"[필독!! 발송정보]
◇ 바로 발송 가능 상품 : `결제(입금) 완료` 건에 한해서 모바일 이용권이 30분이내 휴대폰 번호로 발송(미수신 시 휴대폰 차단 기능 확인!!)
◇ 수신 후 바로 사용 가능 : 모바일 이용권 수신 후 바로 사용 가능, 결제 내역으로는 이용 불가합니다.
※ 문자발송번호 : 02-536-0836
[필독!! 이용정보]
◆ 유효 기간 : 구매 후 60일
◆ 이용 업체 : 경주 / 오산 버드파크
◆ 운영 일정 : 이용업체 홈페이지 참조 필수
◆ 구매 수량 : 1인당 10매까지 구입 가능
◆ 이용 방법 : 모바일 이용권 현장 매표소 제시 후 이용 가능(재발송 가능 상품)
◆ 권종 구분 : 주중/주말ㆍ공휴일 구분없이 1인 1매 (24개월 미만 아기는 보호자 신분증 및 확인서류 지참시에만 무료 이용 가능!!)
★ 구매 전 옵션 별 상품정보를 확인하세요!(대인 또는 소인)
※ 소인 : 24개월 ~ 초등학생 / 대인 : 중학생 이상
◆ 추가 할인 : 해당 상품은 할인 가격으로 판매되는 상품으로 추가 할인을 받으실 수 없습니다.
◆ 안내 사항 : 주말 및 성수기 기간 인원 초과 시 입장이 제한될 수 있으며, 시설 이용 제한 사항은 업체 규정에 따릅니다.
◆ 이용 업체에 대한 전반적인 이용 정보(운영 사항, 유의 사항, 안전 점검, 편의 시설 등)는 꼭 방문 전 아래 홈페이지를 클릭하셔서 확인하시길 바랍니다.
★ 홈페이지
- 경주버드파크 : (클릭☞ 경주버드파크 홈페이지 바로가기)
- 오산버드파크 : (클릭☞ 오산버드파크 인스타그램 바로가기)
☎고객센터 연락처 : 02-536-0836
운영시간 [주중 및 주말 동일]
● 오전 10시 ~ 오후 4시
● 점심시간 : 12:00 ~13:00
※ 취소 및 환불문의
▷ 취소 및 환불 요청은 유선으로만 가능합니다.(취소 및 환불 요청 고객센터 ☎ 02-536-0836)
→ 토요일 및 일요일 그리고 공휴일은 제외","▷ 취소 및 환불 요청은 유선으로만 가능합니다.→ 토요일 및 일요일 그리고 공휴일은 제외(취소 및 환불 요청 고객센터 ☎ 02-536-0836)
→ 고객센터 운영시간[주중 및 주말 동일] : 오전 10시 ~ 오후 4시 / 점심시간 12:00~13:00
→ 고객센터 연락처 : 02-536-0836
▷ 취소 및 환불 규정은 `전자상거래등에서의 소비자보호에 관한 현행 법률`에 의거하여 작성되었습니다.
▷ 취소 및 환불은 수령하신 날로부터 7일 이내에만 가능합니다.
▷ 해당 상품은 임직원 대상 특별 할인 가격으로 판매하는 프로모션 상품입니다.
▷ 해당 상품은 이용권에 별도 표기 된 유효(이용) 기간 내 꼭 이용하셔야 합니다.
▷ 유효(이용) 기간 경과 시 별도 연장이나 취소가 안 되는 `자동 폐기 상품`입니다.(★유효 기간 연장 불가 상품!!)
▷ 부분적인 결제 취소나 부분적인 이용이 불가능한 상품입니다.(예시 : 5명일 경우 4장+1장 결제 or 2장+3장 결제)
▷ 고객 귀책 사유로 발생하는 취소 및 환불 금액에 대한 발송 및 이체 수수료는 고객이 부담하셔야 합니다.
→ 모바일 티켓 : 발송 및 취소 수수료 장당 1,000원 발생(예시 : 1,000원 X 5장 발송 = 5,000원)
→ 종이 티켓 : 폐문, 부재중, 주소 오류 등 고객 귀책 사유로 발송된 등기 반송 시 반송 비용은 고객이 부담하셔야 합니다.(반송 비용 7,500원)
→ 공통 : 환불 금액 입금 계좌가 하나은행이 아닌 타 은행인 경우 이체 수수료 500원이 발생합니다.",2026-09-30T04:40:41
319024,테마파크,테마파크,여주,루덴시아,갤러리형 유럽 테마파크,27000,14500,46,주중 대인입장권 루덴시아(~9/30),4,"[{""option"": ""주중 대인입장권 루덴시아(~9/30)"", ""detail_div"": ""대인"", ""week_div"": ""주중"", ""list_price"": 27000, ""sale_price"": 14500, ""discount_pct"": 46, ""start_date"": ""2025-11-01"", ""end_date"": ""2026-09-30""}, {""option"": ""주중 소인입장권 루덴시아(~9/30)"", ""detail_div"": ""소인"", ""week_div"": ""주중"", ""list_price"": 17000, ""sale_price"": 10000, ""discount_pct"": 41, ""start_date"": ""2025-11-01"", ""end_date"": ""2026-09-30""}, {""option"": ""주말 대인입장권 루덴시아(~9/30)"", ""detail_div"": ""대인"", ""week_div"": ""주말"", ""list_price"": 27000, ""sale_price"": 18500, ""discount_pct"": 31, ""start_date"": ""2025-11-01"", ""end_date"": ""2026-09-30""}, {""option"": ""주말 소인입장권 루덴시아(~9/30)"", ""detail_div"": ""소인"", ""week_div"": ""주말"", ""list_price"": 17000, ""sale_price"": 11500, ""discount_pct"": 32, ""start_date"": ""2025-11-01"", ""end_date"": ""2026-09-30""}]",2025-11-01,2026-09-30,,2025-11-01 ~ 2026-09-30,모바일티켓;바로 사용가능,즉시발송,,LMS 문자,매표소 교환 / 바로 입장 | 모바일 이용권 현장 매표소 제시 후 이용 가능(재발송 가능 상품),20,"기한: 수령 후 7일 이내 | 수수료: 발송·취소 장당 1,000원 | 불가: 부분취소, 기간경과 | 접수: 유선",루덴시아,경기 여주시 산북면 금품1로 177 여주 루덴시아,0507-1359-1025,https://www.ludensia.com/,모바일티켓,바로 사용가능,사용안함,[유효 ~ 26/9/30],,"[필독!! 발송정보]
◇ 바로 발송 가능 상품 : `결제(입금) 완료` 건에 한해서 모바일 이용권이 20분이내 휴대폰 번호로 발송
(미수신 시 휴대폰 차단 기능 확인!!)
◇ 수신 후 바로 사용 가능 : 모바일 이용권 수신 후 바로 사용 가능, 결제 내역으로는 이용 불가합니다.
※ 문자발송번호 : 02-536-0836
[필독!! 이용정보]
※ 7월 17일(금) 제헌절은 공휴일로, 평일권(주중권) 이용이 불가합니다.
이용 시 주말권 구매 필수
꼭 참고 후 구매 바랍니다.
◆ 유효 기간 : ~ 2026년 9월 30일(수) 까지
◆ 이용 업체 : 루덴시아
◆ 운영 일정 : 이용업체 홈페이지 참조 필수
금·토 운영시간: 13:00 ~ 22:00
광복절 연휴(8/14~8/16): 13:00 ~ 22:00
8/17(월): 10:00 ~ 18:00
※ 입장 마감은 영업 종료 1시간 전까지 가능합니다.
◆ 구매 수량 : 1인당 10매까지 구입 가능
◆ 이용 방법 : 모바일 이용권 현장 매표소 제시 후 이용 가능(재발송 가능 상품)
◆ 권종 구분 : 주중/주말/대인/소인 구분하여 1인 1매 구매 (36개월 미만 아기는 보호자 신분증 및 확인서류 지참시에만 무료 이용 가능!!)
★ 구매 전 옵션 별 상품정보를 확인하세요!(주중 또는 주말(공휴일) / 대인 또는 소인)
※ 소인 : 36개월 ~ 초등학생 / 대인 : 중학생 이상
◆ 추가 할인 : 해당 상품은 할인 가격으로 판매되는 상품으로 추가 할인을 받으실 수 없습니다.
◆ 안내 사항 : 주말 및 성수기 기간 인원 초과 시 입장이 제한될 수 있으며, 시설 이용 제한 사항은 업체 규정에 따릅니다.
◆ 이용 업체에 대한 전반적인 이용 정보(운영 사항, 유의 사항, 안전 점검, 편의 시설 등)는 꼭 방문 전 아래 홈페이지를 클릭하셔서 확인하시길 바랍니다.
★ 홈페이지 : (클릭☞ 루덴시아 홈페이지 바로가기)
☎고객센터 연락처 : 02-536-0836
운영시간 [주중 및 주말 동일]
● 오전 10시 ~ 오후 4시
● 점심시간 : 12:00 ~13:00
※ 취소 및 환불문의
▷ 취소 및 환불 요청은 유선으로만 가능합니다.(취소 및 환불 요청 고객센터 ☎ 02-536-0836)
→ 토요일 및 일요일 그리고 공휴일은 제외","▷ 취소 및 환불 요청은 유선으로만 가능합니다.→ 토요일 및 일요일 그리고 공휴일은 제외(취소 및 환불 요청 고객센터 ☎ 02-536-0836)
→ 고객센터 운영시간[주중 및 주말 동일] : 오전 10시 ~ 오후 4시 / 점심시간 12:00~13:00
→ 고객센터 연락처 : 02-536-0836
▷ 취소 및 환불 규정은 `전자상거래등에서의 소비자보호에 관한 현행 법률`에 의거하여 작성되었습니다.
▷ 취소 및 환불은 수령하신 날로부터 7일 이내에만 가능합니다.
▷ 해당 상품은 임직원 대상 특별 할인 가격으로 판매하는 프로모션 상품입니다.
▷ 해당 상품은 이용권에 별도 표기 된 유효(이용) 기간 내 꼭 이용하셔야 합니다.
▷ 유효(이용) 기간 경과 시 별도 연장이나 취소가 안 되는 `자동 폐기 상품`입니다.(★유효 기간 연장 불가 상품!!)
▷ 부분적인 결제 취소나 부분적인 이용이 불가능한 상품입니다.(예시 : 5명일 경우 4장+1장 결제 or 2장+3장 결제)
▷ 고객 귀책 사유로 발생하는 취소 및 환불 금액에 대한 발송 및 이체 수수료는 고객이 부담하셔야 합니다.
→ 모바일 티켓 : 발송 및 취소 수수료 장당 1,000원 발생(예시 : 1,000원 X 5장 발송 = 5,000원)
→ 종이 티켓 : 폐문, 부재중, 주소 오류 등 고객 귀책 사유로 발송된 등기 반송 시 반송 비용은 고객이 부담하셔야 합니다.(반송 비용 7,500원)
→ 공통 : 환불 금액 입금 계좌가 하나은행이 아닌 타 은행인 경우 이체 수수료 500원이 발생합니다.",2026-09-30T04:40:44
327284,테마파크,테마파크,진주,타이거펀치 키즈랜드,진주에 오픈하는 1200평 규모의 대형 키즈랜드,7000,5000,29,주중 3시간 대인 입장권 타이거펀치(~10/31),4,"[{""option"": ""주중 3시간 대인 입장권 타이거펀치(~10/31)"", ""detail_div"": ""대인"", ""week_div"": ""주중"", ""list_price"": 7000, ""sale_price"": 5000, ""discount_pct"": 29, ""start_date"": ""2026-05-08"", ""end_date"": ""2026-10-31""}, {""option"": ""주중 3시간 소인 입장권 타이거펀치(~10/31)"", ""detail_div"": ""소인"", ""week_div"": ""주중"", ""list_price"": 23000, ""sale_price"": 16500, ""discount_pct"": 28, ""start_date"": ""2026-05-08"", ""end_date"": ""2026-10-31""}, {""option"": ""주말 2시간 대인 입장권 타이거펀치(~10/31)"", ""detail_div"": ""대인"", ""week_div"": ""주말"", ""list_price"": 7000, ""sale_price"": 5500, ""discount_pct"": 21, ""start_date"": ""2026-05-08"", ""end_date"": ""2026-10-31""}, {""option"": ""주말 2시간 소인 입장권 타이거펀치(~10/31)"", ""detail_div"": ""소인"", ""week_div"": ""주말"", ""list_price"": 25000, ""sale_price"": 20000, ""discount_pct"": 20, ""start_date"": ""2026-05-08"", ""end_date"": ""2026-10-31""}]",2026-05-08,2026-10-31,,2026-05-08 ~ 2026-10-31,모바일티켓;바로 사용가능,즉시발송,엘에스컴퍼니,알림톡,매표소 교환 / 바로 입장 | 모바일 이용권 현장 매표소 제시 후 이용 가능(재발송 가능 상품),20,"기한: 수령 후 7일 이내 | 수수료: 발송·취소 장당 1,000원 | 불가: 부분취소, 기간경과 | 접수: 유선(주중)",타이거펀치 키즈랜드,경남 진주시 명석면 진주대로 1982,055-763-3133,,모바일티켓,바로 사용가능,사용안함,[유효 ~ 26/10/31],,"[필독!! 발송정보]
◇ 바로 발송 가능 상품 : `결제(입금) 완료` 건에 한해서 모바일 이용권이 20분이내 휴대폰 번호로 발송(미수신 시 휴대폰 차단 기능 확인!!)
◇ 수신 후 바로 사용 가능 : 모바일 이용권 수신 후 바로 사용 가능, 결제 내역으로는 이용 불가합니다.
※ 카카오톡발송채널 : 엘에스컴퍼니
[필독!! 이용정보]
※ 당일 구매/사용 가능(방문 1시간 전 구매 필수)
※ 주중,주말 / 대인,소인 구분하여 구매 부탁드립니다.
◆ 유효 기간 : ~26/10/31 까지
◆ 이용 업체 : 타이거펀치 키즈랜드
◆ 운영 일정 : 이용업체 홈페이지 참조 필수
◆ 구매 수량 : 1인당 10매까지 구입 가능
◆ 이용 방법 : 모바일 이용권 현장 매표소 제시 후 이용 가능(재발송 가능 상품)
◆ 권종 구분 : 주중/주말, 대인/소인 구분하여 1인 1매
◆ 추가 할인 : 해당 상품은 할인 가격으로 판매되는 상품으로 추가 할인을 받으실 수 없습니다.
◆ 이용 업체에 대한 전반적인 이용 정보(운영 사항, 유의 사항, 안전 점검, 편의 시설 등)는 꼭 방문 전 홈페이지를 확인하시길 바랍니다.","▷ 취소 및 환불 요청은 주중에 유선으로만 가능합니다.(취소 및 환불 요청 고객센터 ☎ 02-536-0836)
→ 고객센터 운영시간 : 평일 10:00~16:00 운영 / 점심시간 12:00~13:00
▷ 취소 및 환불 규정은 `전자상거래등에서의 소비자보호에 관한 현행 법률`에 의거하여 작성되었습니다.
▷ 취소 및 환불은 수령하신 날로부터 7일 이내에만 가능합니다.
▷ 해당 상품은 임직원 대상 특별 할인 가격으로 판매하는 프로모션 상품입니다.
▷ 해당 상품은 이용권에 별도 표기 된 유효(이용) 기간 내 꼭 이용하셔야 합니다.
▷ 유효(이용) 기간 경과 시 별도 연장이나 취소가 안 되는 `자동 폐기 상품`입니다.(★유효 기간 연장 불가 상품!!)
▷ 부분적인 결제 취소나 부분적인 이용이 불가능한 상품입니다.(예시 : 5명일 경우 4장+1장 결제 or 2장+3장 결제)
▷ 고객 귀책 사유로 발생하는 취소 및 환불 금액에 대한 발송 및 이체 수수료는 고객이 부담하셔야 합니다.
→ 모바일 티켓 : 발송 및 취소 수수료 장당 1,000원 발생(예시 : 1,000원 X 5장 발송 = 5,000원)
→ 종이 티켓 : 폐문, 부재중, 주소 오류 등 고객 귀책 사유로 발송된 등기 반송 시 반송 비용은 고객이 부담하셔야 합니다.(반송 비용 7,500원)
→ 공통 : 환불 금액 입금 계좌가 하나은행이 아닌 타 은행인 경우 이체 수수료 500원이 발생합니다.",2026-09-30T04:40:46
328862,테마파크,테마파크,울산,캐니언파크,최대 규모의 애니멀 복합 테마파크 캐니언파크 울산점 오픈!,20000,10000,50,평일/주말 유아입장권+실내놀이동산PKG 캐니언파크(~12/31),5,"[{""option"": ""평일/주말 유아입장권+실내놀이동산PKG 캐니언파크(~12/31)"", ""detail_div"": ""소인"", ""week_div"": ""주중+주말"", ""list_price"": 20000, ""sale_price"": 10000, ""discount_pct"": 50, ""start_date"": ""0"", ""end_date"": ""2026-12-31""}, {""option"": ""평일 입장권 캐니언파크(~12/31)"", ""detail_div"": ""대소공통"", ""week_div"": ""주중"", ""list_price"": 22000, ""sale_price"": 11900, ""discount_pct"": 46, ""start_date"": ""0"", ""end_date"": ""2026-12-31""}, {""option"": ""주말/공휴일 입장권 캐니언파크(~12/31)"", ""detail_div"": ""대소공통"", ""week_div"": ""주중+주말"", ""list_price"": 25000, ""sale_price"": 13900, ""discount_pct"": 44, ""start_date"": ""0"", ""end_date"": ""2026-12-31""}, {""option"": ""평일 입장권+실내놀이동산PKG 캐니언파크(~12/31)"", ""detail_div"": ""대소공통"", ""week_div"": ""주중"", ""list_price"": 25000, ""sale_price"": 13900, ""discount_pct"": 44, ""start_date"": ""0"", ""end_date"": ""2026-12-31""}, {""option"": ""주말/공휴일 입장권+실내놀이동산PKG 캐니언파크(~12/31)"", ""detail_div"": ""대소공통"", ""week_div"": ""주중+주말"", ""list_price"": 25000, ""sale_price"": 15900, ""discount_pct"": 36, ""start_date"": ""0"", ""end_date"": ""2026-12-31""}]",구매일,2026-12-31,,0 ~ 2026-12-31,모바일티켓;바로 사용가능,즉시발송,엘에스컴퍼니,알림톡,매표소 교환 / 바로 입장 | 모바일 이용권 현장 매표소 제시 후 이용 가능(재발송 가능 상품),20,"기한: 수령 후 7일 이내 | 수수료: 발송·취소 장당 1,000원 | 불가: 부분취소, 기간경과 | 접수: 유선(주중)",캐니언파크,"울산 중구 만남의거리 15 3층, 4층",052-939-2100,,모바일티켓,바로 사용가능,사용안함,[유효 ~ 26/12/31],,"[필독!! 발송정보]
◇ 바로 발송 가능 상품 : `결제(입금) 완료` 건에 한해서 모바일 이용권이 20분이내 휴대폰 번호로 발송(미수신 시 휴대폰 차단 기능 확인!!)
◇ 수신 후 바로 사용 가능 : 모바일 이용권 수신 후 바로 사용 가능, 결제 내역으로는 이용 불가합니다.
※ 카카오톡발송채널 : 엘에스컴퍼니
[필독!! 이용정보]
◆ 구매 전 상세이미지 내 안내사항을 꼭 확인해주세요.
◆ 유효 기간 : ~ 2026년 12월 31일 까지
◆ 이용 업체 : 캐니언파크
◆ 운영 일정 : 이용업체 홈페이지 참조 필수
◆ 구매 수량 : 1인당 10매까지 구입 가능
◆ 이용 방법 : 모바일 이용권 현장 매표소 제시 후 이용 가능(재발송 가능 상품)
◆ 권종 구분 : 대인/소인, 주중/주말·공휴일 구분없이 1인 1매
◆ 추가 할인 : 해당 상품은 할인 가격으로 판매되는 상품으로 추가 할인을 받으실 수 없습니다.
◆ 이용 업체에 대한 전반적인 이용 정보(운영 사항, 유의 사항, 안전 점검, 편의 시설 등)는 꼭 방문 홈페이지를 확인하시길 바랍니다.","▷ 취소 및 환불 요청은 주중에 유선으로만 가능합니다.(취소 및 환불 요청 고객센터 ☎ 02-536-0836)
→ 고객센터 운영시간 : 평일 10:00~16:00 운영 / 점심시간 12:00~13:00
▷ 취소 및 환불 규정은 `전자상거래등에서의 소비자보호에 관한 현행 법률`에 의거하여 작성되었습니다.
▷ 취소 및 환불은 수령하신 날로부터 7일 이내에만 가능합니다.
▷ 해당 상품은 임직원 대상 특별 할인 가격으로 판매하는 프로모션 상품입니다.
▷ 해당 상품은 이용권에 별도 표기 된 유효(이용) 기간 내 꼭 이용하셔야 합니다.
▷ 유효(이용) 기간 경과 시 별도 연장이나 취소가 안 되는 `자동 폐기 상품`입니다.(★유효 기간 연장 불가 상품!!)
▷ 부분적인 결제 취소나 부분적인 이용이 불가능한 상품입니다.(예시 : 5명일 경우 4장+1장 결제 or 2장+3장 결제)
▷ 고객 귀책 사유로 발생하는 취소 및 환불 금액에 대한 발송 및 이체 수수료는 고객이 부담하셔야 합니다.
→ 모바일 티켓 : 발송 및 취소 수수료 장당 1,000원 발생(예시 : 1,000원 X 5장 발송 = 5,000원)
→ 종이 티켓 : 폐문, 부재중, 주소 오류 등 고객 귀책 사유로 발송된 등기 반송 시 반송 비용은 고객이 부담하셔야 합니다.(반송 비용 7,500원)
→ 공통 : 환불 금액 입금 계좌가 하나은행이 아닌 타 은행인 경우 이체 수수료 500원이 발생합니다.",2026-09-30T04:40:49
325394,테마파크,테마파크,경주,원더스페이스 보문점,원더스페이스에서 즐기는 복합 놀이 시설 테마파크!,50000,23000,54,통합이용권A 원더스페이스(~10/31),1,"[{""option"": ""통합이용권A 원더스페이스(~10/31)"", ""detail_div"": ""대소공통"", ""week_div"": ""주중+주말"", ""list_price"": 50000, ""sale_price"": 23000, ""discount_pct"": 54, ""start_date"": ""0"", ""end_date"": ""2026-10-31""}]",구매일,2026-10-31,,0 ~ 2026-10-31,모바일티켓;바로 사용가능,즉시발송,엘에스컴퍼니,알림톡,매표소 교환 / 바로 입장 | 모바일 이용권 현장 매표소 제시 후 이용 가능(재발송 가능 상품),20,"기한: 수령 후 7일 이내 | 수수료: 발송·취소 장당 1,000원 | 불가: 부분취소, 기간경과 | 접수: 유선(주중)",원더스페이스 보문점,경북 경주시 보문로 391 원더스페이스 보문점,054-749-8999,,모바일티켓,바로 사용가능,사용안함,[유효 ~ 26/10/31],,"[필독!! 발송정보]
◇ 바로 발송 가능 상품 : `결제(입금) 완료` 건에 한해서 모바일 이용권이 20분이내 휴대폰 번호로 발송(미수신 시 휴대폰 차단 기능 확인!!)
◇ 수신 후 바로 사용 가능 : 모바일 이용권 수신 후 바로 사용 가능, 결제 내역으로는 이용 불가합니다.
※ 카카오톡발송채널 : 엘에스컴퍼니
[필독!! 이용정보]
◆ 구매 전 상세이미지 내 안내사항을 꼭 확인해주세요.
◆ 유효 기간 : ~ 2026년 10월 31일(토) 까지
◆ 이용 업체 : 원더스페이스 보문점
◆ 운영 일정 : 이용업체 홈페이지 참조 필수
◆ 구매 수량 : 1인당 10매까지 구입 가능
◆ 이용 방법 : 모바일 이용권 현장 매표소 제시 후 이용 가능(재발송 가능 상품)
◆ 권종 구분 : 주중/주말·공휴일 구분없이 1인 1매
◆ 추가 할인 : 해당 상품은 할인 가격으로 판매되는 상품으로 추가 할인을 받으실 수 없습니다.
◆ 이용 업체에 대한 전반적인 이용 정보(운영 사항, 유의 사항, 안전 점검, 편의 시설 등)는 꼭 방문 홈페이지를 확인하시길 바랍니다.","▷ 취소 및 환불 요청은 주중에 유선으로만 가능합니다.(취소 및 환불 요청 고객센터 ☎ 02-536-0836)
→ 고객센터 운영시간 : 평일 10:00~16:00 운영 / 점심시간 12:00~13:00
▷ 취소 및 환불 규정은 `전자상거래등에서의 소비자보호에 관한 현행 법률`에 의거하여 작성되었습니다.
▷ 취소 및 환불은 수령하신 날로부터 7일 이내에만 가능합니다.
▷ 해당 상품은 임직원 대상 특별 할인 가격으로 판매하는 프로모션 상품입니다.
▷ 해당 상품은 이용권에 별도 표기 된 유효(이용) 기간 내 꼭 이용하셔야 합니다.
▷ 유효(이용) 기간 경과 시 별도 연장이나 취소가 안 되는 `자동 폐기 상품`입니다.(★유효 기간 연장 불가 상품!!)
▷ 부분적인 결제 취소나 부분적인 이용이 불가능한 상품입니다.(예시 : 5명일 경우 4장+1장 결제 or 2장+3장 결제)
▷ 고객 귀책 사유로 발생하는 취소 및 환불 금액에 대한 발송 및 이체 수수료는 고객이 부담하셔야 합니다.
→ 모바일 티켓 : 발송 및 취소 수수료 장당 1,000원 발생(예시 : 1,000원 X 5장 발송 = 5,000원)
→ 종이 티켓 : 폐문, 부재중, 주소 오류 등 고객 귀책 사유로 발송된 등기 반송 시 반송 비용은 고객이 부담하셔야 합니다.(반송 비용 7,500원)
→ 공통 : 환불 금액 입금 계좌가 하나은행이 아닌 타 은행인 경우 이체 수수료 500원이 발생합니다.",2026-09-30T04:40:51
326906,테마파크,테마파크,청도,프로방스,여름숲속 빛축제!,14900,8900,40,입장권 프로방스(~9/30),1,"[{""option"": ""입장권 프로방스(~9/30)"", ""detail_div"": ""대소공통"", ""week_div"": ""주중+주말"", ""list_price"": 14900, ""sale_price"": 8900, ""discount_pct"": 40, ""start_date"": ""0"", ""end_date"": ""2026-09-30""}]",구매일,2026-09-30,,0 ~ 2026-09-30,모바일티켓;바로 사용가능,즉시발송,엘에스컴퍼니,알림톡,매표소 교환 / 바로 입장 | 모바일 이용권 현장 매표소 제시 후 이용 가능(재발송 가능 상품),20,"기한: 수령 후 7일 이내 | 수수료: 발송·취소 장당 1,000원 | 불가: 부분취소, 기간경과 | 접수: 유선(주중)",청도 프로방스,경북 청도군 화양읍 이슬미로 272-23,054-372-5050,,모바일티켓,바로 사용가능,사용안함,[유효 ~ 26/09/30],,"[필독!! 발송정보]
◇ 바로 발송 가능 상품 : `결제(입금) 완료` 건에 한해서 모바일 이용권이 20분이내 휴대폰 번호로 발송(미수신 시 휴대폰 차단 기능 확인!!)
◇ 수신 후 바로 사용 가능 : 모바일 이용권 수신 후 바로 사용 가능, 결제 내역으로는 이용 불가합니다.
※ 카카오톡발송채널 : 엘에스컴퍼니
[필독!! 이용정보]
◆ 구매 전 상세이미지 내 안내사항을 꼭 확인해주세요.
◆ 유효 기간 : ~ 2026년 09월 30일(수) 까지
◆ 이용 업체 : 청도 프로방스
◆ 운영 일정 : 이용업체 홈페이지 참조 필수
◆ 구매 수량 : 1인당 10매까지 구입 가능
◆ 이용 방법 : 모바일 이용권 현장 매표소 제시 후 이용 가능(재발송 가능 상품)
◆ 권종 구분 : 주중/주말·공휴일 구분없이 1인 1매
◆ 추가 할인 : 해당 상품은 할인 가격으로 판매되는 상품으로 추가 할인을 받으실 수 없습니다.
◆ 이용 업체에 대한 전반적인 이용 정보(운영 사항, 유의 사항, 안전 점검, 편의 시설 등)는 꼭 방문 홈페이지를 확인하시길 바랍니다.","▷ 취소 및 환불 요청은 주중에 유선으로만 가능합니다.(취소 및 환불 요청 고객센터 ☎ 02-536-0836)
→ 고객센터 운영시간 : 평일 10:00~16:00 운영 / 점심시간 12:00~13:00
▷ 취소 및 환불 규정은 `전자상거래등에서의 소비자보호에 관한 현행 법률`에 의거하여 작성되었습니다.
▷ 취소 및 환불은 수령하신 날로부터 7일 이내에만 가능합니다.
▷ 해당 상품은 임직원 대상 특별 할인 가격으로 판매하는 프로모션 상품입니다.
▷ 해당 상품은 이용권에 별도 표기 된 유효(이용) 기간 내 꼭 이용하셔야 합니다.
▷ 유효(이용) 기간 경과 시 별도 연장이나 취소가 안 되는 `자동 폐기 상품`입니다.(★유효 기간 연장 불가 상품!!)
▷ 부분적인 결제 취소나 부분적인 이용이 불가능한 상품입니다.(예시 : 5명일 경우 4장+1장 결제 or 2장+3장 결제)
▷ 고객 귀책 사유로 발생하는 취소 및 환불 금액에 대한 발송 및 이체 수수료는 고객이 부담하셔야 합니다.
→ 모바일 티켓 : 발송 및 취소 수수료 장당 1,000원 발생(예시 : 1,000원 X 5장 발송 = 5,000원)
→ 종이 티켓 : 폐문, 부재중, 주소 오류 등 고객 귀책 사유로 발송된 등기 반송 시 반송 비용은 고객이 부담하셔야 합니다.(반송 비용 7,500원)
→ 공통 : 환불 금액 입금 계좌가 하나은행이 아닌 타 은행인 경우 이체 수수료 500원이 발생합니다.",2026-09-30T04:40:54
322370,테마파크,테마파크,대구,네이처파크,12만 평 부지의 식물원 내 초대형 글라스하우스 동물원!,20000,10000,50,1인 종일권 네이처파크(~9/30),2,"[{""option"": ""1인 종일권 네이처파크(~9/30)"", ""detail_div"": ""대소공통"", ""week_div"": ""주중+주말"", ""list_price"": 20000, ""sale_price"": 10000, ""discount_pct"": 50, ""start_date"": ""0"", ""end_date"": ""2026-09-30""}, {""option"": ""1인 종일권+교감키트 네이처파크(~9/30)"", ""detail_div"": ""대소공통"", ""week_div"": ""주중+주말"", ""list_price"": 25000, ""sale_price"": 13500, ""discount_pct"": 46, ""start_date"": ""0"", ""end_date"": ""2026-09-30""}]",구매일,2026-09-30,,0 ~ 2026-09-30,모바일티켓;바로 사용가능,즉시발송,엘에스컴퍼니,알림톡,매표소 교환 / 바로 입장 | 모바일 이용권 현장 매표소 제시 후 이용 가능(재발송 가능 상품),20,"기한: 수령 후 7일 이내 | 수수료: 발송·취소 장당 1,000원 | 불가: 부분취소, 기간경과 | 접수: 유선(주중)",네이처파크,대구 달성군 가창면 가창로 891,1688-8511,,모바일티켓,바로 사용가능,사용안함,[유효 ~ 26/09/30],,"[필독!! 발송정보]
◇ 바로 발송 가능 상품 : `결제(입금) 완료` 건에 한해서 모바일 이용권이 20분이내 휴대폰 번호로 발송(미수신 시 휴대폰 차단 기능 확인!!)
◇ 수신 후 바로 사용 가능 : 모바일 이용권 수신 후 바로 사용 가능, 결제 내역으로는 이용 불가합니다.
※ 카카오톡발송채널 : 엘에스컴퍼니
[필독!! 이용정보]
◆ 구매 전 상세이미지 내 안내사항을 꼭 확인해주세요.
◆ 유효 기간 : ~ 2026년 9월 30일(수) 까지
◆ 이용 업체 : 네이처파크
◆ 운영 일정 : 이용업체 홈페이지 참조 필수
◆ 구매 수량 : 1인당 10매까지 구입 가능
◆ 이용 방법 : 모바일 이용권 현장 매표소 제시 후 이용 가능(재발송 가능 상품)
◆ 권종 구분 : 대인/소인, 주중/주말·공휴일 구분없이 1인 1매
◆ 추가 할인 : 해당 상품은 할인 가격으로 판매되는 상품으로 추가 할인을 받으실 수 없습니다.
◆ 이용 업체에 대한 전반적인 이용 정보(운영 사항, 유의 사항, 안전 점검, 편의 시설 등)는 꼭 방문 홈페이지를 확인하시길 바랍니다.","▷ 취소 및 환불 요청은 주중에 유선으로만 가능합니다.(취소 및 환불 요청 고객센터 ☎ 02-536-0836)
→ 고객센터 운영시간 : 평일 10:00~16:00 운영 / 점심시간 12:00~13:00
▷ 취소 및 환불 규정은 `전자상거래등에서의 소비자보호에 관한 현행 법률`에 의거하여 작성되었습니다.
▷ 취소 및 환불은 수령하신 날로부터 7일 이내에만 가능합니다.
▷ 해당 상품은 임직원 대상 특별 할인 가격으로 판매하는 프로모션 상품입니다.
▷ 해당 상품은 이용권에 별도 표기 된 유효(이용) 기간 내 꼭 이용하셔야 합니다.
▷ 유효(이용) 기간 경과 시 별도 연장이나 취소가 안 되는 `자동 폐기 상품`입니다.(★유효 기간 연장 불가 상품!!)
▷ 부분적인 결제 취소나 부분적인 이용이 불가능한 상품입니다.(예시 : 5명일 경우 4장+1장 결제 or 2장+3장 결제)
▷ 고객 귀책 사유로 발생하는 취소 및 환불 금액에 대한 발송 및 이체 수수료는 고객이 부담하셔야 합니다.
→ 모바일 티켓 : 발송 및 취소 수수료 장당 1,000원 발생(예시 : 1,000원 X 5장 발송 = 5,000원)
→ 종이 티켓 : 폐문, 부재중, 주소 오류 등 고객 귀책 사유로 발송된 등기 반송 시 반송 비용은 고객이 부담하셔야 합니다.(반송 비용 7,500원)
→ 공통 : 환불 금액 입금 계좌가 하나은행이 아닌 타 은행인 경우 이체 수수료 500원이 발생합니다.",2026-09-30T04:40:57
325898,테마파크,테마파크,경주,엑스포대공원,365일 힐링파크!,14900,8100,46,소인 이용권 엑스포 대공원(~10/31),2,"[{""option"": ""소인 이용권 엑스포 대공원(~10/31)"", ""detail_div"": ""소인"", ""week_div"": ""주중+주말"", ""list_price"": 14900, ""sale_price"": 8100, ""discount_pct"": 46, ""start_date"": ""0"", ""end_date"": ""2026-10-31""}, {""option"": ""대인 이용권 엑스포 대공원(~10/31)"", ""detail_div"": ""대인"", ""week_div"": ""주중+주말"", ""list_price"": 14900, ""sale_price"": 8500, ""discount_pct"": 43, ""start_date"": ""0"", ""end_date"": ""2026-10-31""}]",구매일,2026-10-31,,0 ~ 2026-10-31,모바일티켓;바로 사용가능,즉시발송,엘에스컴퍼니,알림톡,매표소 교환 / 바로 입장 | 모바일 이용권 현장 매표소 제시 후 이용 가능(재발송 가능 상품),20,"기한: 수령 후 7일 이내 | 수수료: 발송·취소 장당 1,000원 | 불가: 부분취소, 기간경과 | 접수: 유선(주중)",[경주] 엑스포대공원,경북 경주시 경감로 614,054-748-3011,,모바일티켓,바로 사용가능,사용안함,[유효 ~ 26/10/31],,"[필독!! 발송정보]
◇ 바로 발송 가능 상품 : `결제(입금) 완료` 건에 한해서 모바일 이용권이 20분이내 휴대폰 번호로 발송(미수신 시 휴대폰 차단 기능 확인!!)
◇ 수신 후 바로 사용 가능 : 모바일 이용권 수신 후 바로 사용 가능, 결제 내역으로는 이용 불가합니다.
※ 카카오톡발송채널 : 엘에스컴퍼니
[필독!! 이용정보]
◆ 구매 전 상세이미지 내 안내사항을 꼭 확인해주세요.
◆ 유효 기간 : ~ 2026년 10월 31일(토) 까지
◆ 이용 업체 : [경주] 엑스포대공원
◆ 운영 일정 : 이용업체 홈페이지 참조 필수
◆ 구매 수량 : 1인당 10매까지 구입 가능
◆ 이용 방법 : 모바일 이용권 현장 매표소 제시 후 이용 가능(재발송 가능 상품)
◆ 권종 구분 : 주중/주말·공휴일 구분없이 1인 1매
◆ 추가 할인 : 해당 상품은 할인 가격으로 판매되는 상품으로 추가 할인을 받으실 수 없습니다.
◆ 이용 업체에 대한 전반적인 이용 정보(운영 사항, 유의 사항, 안전 점검, 편의 시설 등)는 꼭 방문 홈페이지를 확인하시길 바랍니다.","▷ 취소 및 환불 요청은 주중에 유선으로만 가능합니다.(취소 및 환불 요청 고객센터 ☎ 02-536-0836)
→ 고객센터 운영시간 : 평일 10:00~16:00 운영 / 점심시간 12:00~13:00
▷ 취소 및 환불 규정은 `전자상거래등에서의 소비자보호에 관한 현행 법률`에 의거하여 작성되었습니다.
▷ 취소 및 환불은 수령하신 날로부터 7일 이내에만 가능합니다.
▷ 해당 상품은 임직원 대상 특별 할인 가격으로 판매하는 프로모션 상품입니다.
▷ 해당 상품은 이용권에 별도 표기 된 유효(이용) 기간 내 꼭 이용하셔야 합니다.
▷ 유효(이용) 기간 경과 시 별도 연장이나 취소가 안 되는 `자동 폐기 상품`입니다.(★유효 기간 연장 불가 상품!!)
▷ 부분적인 결제 취소나 부분적인 이용이 불가능한 상품입니다.(예시 : 5명일 경우 4장+1장 결제 or 2장+3장 결제)
▷ 고객 귀책 사유로 발생하는 취소 및 환불 금액에 대한 발송 및 이체 수수료는 고객이 부담하셔야 합니다.
→ 모바일 티켓 : 발송 및 취소 수수료 장당 1,000원 발생(예시 : 1,000원 X 5장 발송 = 5,000원)
→ 종이 티켓 : 폐문, 부재중, 주소 오류 등 고객 귀책 사유로 발송된 등기 반송 시 반송 비용은 고객이 부담하셔야 합니다.(반송 비용 7,500원)
→ 공통 : 환불 금액 입금 계좌가 하나은행이 아닌 타 은행인 경우 이체 수수료 500원이 발생합니다.",2026-09-30T04:41:00
325142,워터파크,워터파크,하남/고양/안성,아쿠아필드,생각을 비우다. 여유를 채우다!,58000,32500,44,워터파크 6시간 이용권 아쿠아필드(3개 지점 중 택1)(8/18~10/26),3,"[{""option"": ""워터파크 6시간 이용권 아쿠아필드(3개 지점 중 택1)(8/18~10/26)"", ""detail_div"": ""대소공통"", ""week_div"": ""주중+주말"", ""list_price"": 58000, ""sale_price"": 32500, ""discount_pct"": 44, ""start_date"": ""2026-08-18"", ""end_date"": ""2026-10-26""}, {""option"": ""찜질스파 6시간 이용권 아쿠아필드(3개 지점 중 택1)(8/18~10/26)"", ""detail_div"": ""대소공통"", ""week_div"": ""주중+주말"", ""list_price"": 26000, ""sale_price"": 19200, ""discount_pct"": 26, ""start_date"": ""2026-08-18"", ""end_date"": ""2026-10-26""}, {""option"": ""멀티패스(워터파크+찜질스파) 9시간 이용권 아쿠아필드(3개 지점 중 택1)(8/18~10/26)"", ""detail_div"": ""대소공통"", ""week_div"": ""주중+주말"", ""list_price"": 68000, ""sale_price"": 38000, ""discount_pct"": 44, ""start_date"": ""2026-08-18"", ""end_date"": ""2026-10-26""}]",2026-08-18,2026-10-26,,2026-08-18 ~ 2026-10-26,모바일티켓;수령 후 사용 가능,수령후사용,,LMS 문자/순차 발송,QR/바코드 제시 / 매표소 교환 / 바로 입장 | LMS 바코드 문자 이용권 현장 매표소 제시 후 이용 가능(재발송 가능 상품),20,"기한: 수령 후 7일 이내 | 수수료: 발송·취소 장당 1,000원 | 불가: 부분취소, 기간경과 | 접수: 유선",아쿠아필드 하남/고양/안성,경기 하남시 미사대로 750 스타필드 하남 3층,031-8072-8800,,모바일티켓,수령 후 사용 가능,사용안함,[유효 ~ 26/10/26],,"※ 찜질스파 6시간 이용권 아쿠아필드(3개 지점 중 택1) 상품은 워터파크 이용이 불가합니다. ※
[필독!! 발송정보]
◇ 순차 발송 상품 : 매일 23:30까지 결제(가상계좌 입금) 완료 건에 한해서 결제 확인 후부터 익일 09:30까지 모바일 이용권이 결제완료순으로 발송됩니다.(미수신 시 휴대폰 차단 기능 확인!!)
◇ 수신 후 바로 사용 가능 : 모바일 이용권 수신 후 바로 사용 가능, 결제 내역으로는 이용 불가합니다.
※ 주문량에 따라 발송 소요시간이 달라질 수 있습니다.
※ 문자발송번호 : 02-2055-0455
[필독!! 이용정보]
▶ 주문건 발송시간안내 [주중 및 주말 동일]
※ 바로사용가능 外 티켓은 하단내용 참고
● 오전 10시부터 ~ 오후 4시이전 주문건 1시간내로 발송
● 오후 4시이후부터 ~ 다음날 오전 10시이전 주문건은 오전 10시이후부터 1시간내로 발송
→ 고객센터 운영시간[주중 및 주말 동일] : 오전 10시 ~ 오후 4시 / 점심시간 12:00~13:00
→ 고객센터 연락처 : 02-536-0836
◆ 유효 기간 : 옵션 별 상이
◆ 이용 업체 : 아쿠아필드 하남/고양/안성 중 택1
◆ 클린 데이 : 이용업체 홈페이지 참조 필수
◆ 구매 수량 : 1인당 10매까지 구입 가능
◆ 이용 방법 : LMS 바코드 문자 이용권 현장 매표소 제시 후 이용 가능(재발송 가능 상품)
◆ 권종 구분 : 대인/소인/주중/주말ㆍ공휴일 구분없이 1인 1매 (36개월 미만 아기는 보호자 신분증 및 확인서류 지참시에만 무료 이용 가능!!)
★ 구매 전 옵션 별 상품정보를 확인하세요!
※ 옵션 별 이용시간 제한상품입니다.(이용시간 초과 시, 1시간(1분~59분)당 추가요금 5,000원 현장 추가 결제)
◆ 추가 할인 : 해당 상품은 할인 가격으로 판매되는 상품으로 추가 할인을 받으실 수 없습니다.
◆ 안내 사항 : 주말 및 성수기 기간 인원 초과 시 입장이 제한될 수 있으며, 시설 이용 제한 사항은 업체 규정에 따릅니다.
◆ 이용 업체에 대한 전반적인 이용 정보(운영 사항, 유의 사항, 안전 점검, 편의 시설 등)는 꼭 방문 전 아래 홈페이지를 클릭하셔서 확인하시길 바랍니다.
★ 홈페이지 : (클릭☞ 아쿠아필드 홈페이지 바로가기)
[구매 시 필독]
☎고객센터 연락처 : 02-536-0836
운영시간 [주중 및 주말 동일]
● 오전 10시 ~ 오후 4시
● 점심시간 : 12:00 ~13:00
※ 취소 및 환불문의
▷ 취소 및 환불 요청은 주중에 유선으로만 가능합니다.(취소 및 환불 요청 고객센터 ☎ 02-536-0836)
→ 토요일 및 일요일 그리고 공휴일은 제외","▷ 취소 및 환불 요청은 유선으로만 가능합니다.→ 토요일 및 일요일 그리고 공휴일은 제외(취소 및 환불 요청 고객센터 ☎ 02-536-0836)
→ 고객센터 운영시간[주중 및 주말 동일] : 오전 10시 ~ 오후 4시 / 점심시간 12:00~13:00
→ 고객센터 연락처 : 02-536-0836
▷ 취소 및 환불 규정은 `전자상거래등에서의 소비자보호에 관한 현행 법률`에 의거하여 작성되었습니다.
▷ 취소 및 환불은 수령하신 날로부터 7일 이내에만 가능합니다.
▷ 해당 상품은 임직원 대상 특별 할인 가격으로 판매하는 프로모션 상품입니다.
▷ 해당 상품은 이용권에 별도 표기 된 유효(이용) 기간 내 꼭 이용하셔야 합니다.
▷ 유효(이용) 기간 경과 시 별도 연장이나 취소가 안 되는 `자동 폐기 상품`입니다.(★유효 기간 연장 불가 상품!!)
▷ 부분적인 결제 취소나 부분적인 이용이 불가능한 상품입니다.(예시 : 5명일 경우 4장+1장 결제 or 2장+3장 결제)
▷ 고객 귀책 사유로 발생하는 취소 및 환불 금액에 대한 발송 및 이체 수수료는 고객이 부담하셔야 합니다.
→ 모바일 티켓 : 발송 및 취소 수수료 장당 1,000원 발생(예시 : 1,000원 X 5장 발송 = 5,000원)
→ 종이 티켓 : 폐문, 부재중, 주소 오류 등 고객 귀책 사유로 발송된 등기 반송 시 반송 비용은 고객이 부담하셔야 합니다.(반송 비용 7,500원)
→ 공통 : 환불 금액 입금 계좌가 하나은행이 아닌 타 은행인 경우 이체 수수료 500원이 발생합니다.",2026-09-30T04:41:03
328355,워터파크,워터파크,여주,썬밸리 워터파크,전 세대가 즐길 수 있는 헬레니즘 워터파크,38000,20700,46,비수기 대인종일권 썬밸리(8/24~9/30),3,"[{""option"": ""비수기 대인종일권 썬밸리(8/24~9/30)"", ""detail_div"": ""대인"", ""week_div"": ""주중+주말"", ""list_price"": 38000, ""sale_price"": 20700, ""discount_pct"": 46, ""start_date"": ""2026-08-24"", ""end_date"": ""2026-09-30""}, {""option"": ""비수기 소인종일권 썬밸리(8/24~9/30)"", ""detail_div"": ""대인"", ""week_div"": ""주중+주말"", ""list_price"": 38000, ""sale_price"": 16000, ""discount_pct"": 58, ""start_date"": ""2026-08-24"", ""end_date"": ""2026-09-30""}, {""option"": ""3인PKG 대소공통 주말 및 공휴일 이용권 썬밸리(~11/29)"", ""detail_div"": ""대소공통"", ""week_div"": ""주말"", ""list_price"": 114000, ""sale_price"": 40000, ""discount_pct"": 65, ""start_date"": ""2026-09-08"", ""end_date"": ""2026-11-29""}]",2026-08-24,2026-11-29,,2026-08-24 ~ 2026-09-30,모바일티켓;바로 사용가능,즉시발송,,LMS 문자,매표소 교환 / 바로 입장 | 모바일 이용권 현장 매표소 제시 후 이용 가능(재발송 가능 상품),30,"기한: 수령 후 7일 이내 | 수수료: 발송·취소 장당 1,000원 | 불가: 부분취소, 기간경과 | 접수: 유선",썬밸리 워터파크,경기도 여주시 강변유원지길 45(연양동),"031-880-3871, 3876~8",https://www.sunvalley.co.kr/hotel/waterpark/intro,모바일티켓,바로 사용가능,사용안함,[유효 ~ 26/11/29],,"※ 호텔 상황에 따라 운영기간 및 시설이 변경될 수 있으니,
홈페이지의 운영일정을 참고해 주시기 바랍니다.
※ 주말,공휴일만 운영 및 실내 운영만 합니다.(실외운영X) 참고 후 구매 바랍니다.
(자세한 사항은 썬밸리 워터파크 홈페이지 참고 부탁드립니다.)
※ 패키지권은 분할사용 및 분할환불 절대 불가합니다.
[필독!! 발송정보]
◇ 바로 발송 가능 상품 : `결제(입금) 완료` 건에 한해서 모바일 이용권이 20분이내 휴대폰 번호로 발송(미수신 시 휴대폰 차단 기능 확인!!)
◇ 수신 후 바로 사용 가능 : 모바일 이용권 수신 후 바로 사용 가능, 결제 내역으로는 이용 불가합니다.
※ 문자발송번호 : 02-536-0836
[필독!! 이용정보]
◆ 유효 기간 : 옵션 별 상이합니다. 옵션명에 기재되어 있는 날짜 확인 후 구매 부탁드립니다.
ex)
(7/3~7/24) = 26년 7월 3일(금) ~ 26년 7월 24일(금) 까지 / 26년 7월 3일 부터 이용 가능한 티켓입니다.
◆ 이용 업체 : 썬밸리 워터파크
◆ 운영 일정 : 이용업체 홈페이지 참조 필수
◆ 이용 방법 : 모바일 이용권 현장 매표소 제시 후 이용 가능(재발송 가능 상품)
◆ 권종 구분 : 1인 1매 (36개월 미만 아기는 보호자 신분증 및 확인서류 지참시에만 무료 이용 가능!!)
★ 구매 전 옵션 별 상품정보를 확인하세요!(대인 또는 소인)
◆ 추가 할인 : 해당 상품은 할인 가격으로 판매되는 상품으로 추가 할인을 받으실 수 없습니다.
◆ 안내 사항 : 주말 및 성수기 기간 인원 초과 시 입장이 제한될 수 있으며, 시설 이용 제한 사항은 업체 규정에 따릅니다.
◆ 이용 업체에 대한 전반적인 이용 정보(운영 사항, 유의 사항, 안전 점검, 편의 시설 등)는 꼭 방문 전 아래 홈페이지를 클릭하셔서 확인하시길 바랍니다.
★ 홈페이지 : (클릭☞ 썬밸리 워터파크 홈페이지 바로가기)
☎고객센터 연락처 : 02-536-0836
운영시간 [주중 및 주말 동일]
● 오전 10시 ~ 오후 4시
● 점심시간 : 12:00 ~13:00
※ 취소 및 환불문의
▷ 취소 및 환불 요청은 주중에 유선으로만 가능합니다.(취소 및 환불 요청 고객센터 ☎ 02-536-0836)
→ 토요일 및 일요일 그리고 공휴일은 제외","▷ 취소 및 환불 요청은 유선으로만 가능합니다.→ 토요일 및 일요일 그리고 공휴일은 제외(취소 및 환불 요청 고객센터 ☎ 02-536-0836)
→ 고객센터 운영시간[주중 및 주말 동일] : 오전 10시 ~ 오후 4시 / 점심시간 12:00~13:00
→ 고객센터 연락처 : 02-536-0836
▷ 취소 및 환불 규정은 `전자상거래등에서의 소비자보호에 관한 현행 법률`에 의거하여 작성되었습니다.
▷ 취소 및 환불은 수령하신 날로부터 7일 이내에만 가능합니다.
▷ 해당 상품은 임직원 대상 특별 할인 가격으로 판매하는 프로모션 상품입니다.
▷ 해당 상품은 이용권에 별도 표기 된 유효(이용) 기간 내 꼭 이용하셔야 합니다.
▷ 유효(이용) 기간 경과 시 별도 연장이나 취소가 안 되는 `자동 폐기 상품`입니다. (★유효 기간 연장 불가 상품!!)
▷ 부분적인 결제 취소나 부분적인 이용이 불가능한 상품입니다.(예시 : 5명일 경우 4장+1장 결제 or 2장+3장 결제)
▷ 고객 귀책 사유로 발생하는 취소 및 환불 금액에 대한 발송 및 이체 수수료는 고객이 부담하셔야 합니다.
→ 모바일 티켓 : 발송 및 취소 수수료 장당 1,000원 발생(예시 : 1,000원 X 5장 발송 = 5,000원)
→ 종이 티켓 : 폐문, 부재중, 주소 오류 등 고객 귀책 사유로 발송된 등기 반송 시 반송 비용은 고객이 부담하셔야 합니다. (반송 비용 6,000원)
→ 공통 : 환불 금액 입금 계좌가 하나은행이 아닌 타 은행인 경우 이체 수수료 500원이 발생합니다.",2026-09-30T04:41:05
329497,워터파크,워터파크,부산,클럽디오아시스 스파&워터파크,부산 최초이자 유일한 도심형 온천 스파!,33000,17000,48,클럽디오아시스 나이트스파권(9/1~9/30),6,"[{""option"": ""클럽디오아시스 나이트스파권(9/1~9/30)"", ""detail_div"": ""대소공통"", ""week_div"": ""주중+주말"", ""list_price"": 33000, ""sale_price"": 17000, ""discount_pct"": 48, ""start_date"": ""2026-09-01"", ""end_date"": ""2026-09-30""}, {""option"": ""클럽디오아시스 스파권(4H)(9/1~9/30)"", ""detail_div"": ""대소공통"", ""week_div"": ""주중+주말"", ""list_price"": 33000, ""sale_price"": 20500, ""discount_pct"": 38, ""start_date"": ""2026-09-01"", ""end_date"": ""2026-09-30""}, {""option"": ""클럽디오아시스 스파권(6H)(9/1~9/30)"", ""detail_div"": ""대소공통"", ""week_div"": ""주중+주말"", ""list_price"": 33000, ""sale_price"": 24000, ""discount_pct"": 27, ""start_date"": ""2026-09-01"", ""end_date"": ""2026-09-30""}, {""option"": ""클럽디오아시스 워터파크+찜질 통합권(7H)(9/1~9/30)"", ""detail_div"": ""대소공통"", ""week_div"": ""주중+주말"", ""list_price"": 54000, ""sale_price"": 28900, ""discount_pct"": 46, ""start_date"": ""2026-09-01"", ""end_date"": ""2026-09-30""}, {""option"": ""클럽디오아시스 워터파크+찜질 통합권(10H)(9/1~9/30)"", ""detail_div"": ""대소공통"", ""week_div"": ""주중+주말"", ""list_price"": 54000, ""sale_price"": 31900, ""discount_pct"": 41, ""start_date"": ""2026-09-01"", ""end_date"": ""2026-09-30""}, {""option"": ""클럽디오아시스 통합권 10회권(~11/30)"", ""detail_div"": ""대소공통"", ""week_div"": ""주중+주말"", ""list_price"": 540000, ""sale_price"": 220000, ""discount_pct"": 59, ""start_date"": ""2026-09-01"", ""end_date"": ""2026-11-30""}]",2026-09-01,2026-11-30,,2026-09-01 ~ 2026-09-30,모바일티켓;바로 사용가능,즉시발송,,LMS 문자,매표소 교환 / 바로 입장 | 모바일 이용권 현장 매표소 제시 후 이용 가능(재발송 가능 상품),10,"기한: 수령 후 7일 이내 | 수수료: 발송·취소 장당 1,000원 | 불가: 부분취소, 기간경과 | 접수: 유선",클럽디오아시스,부산 해운대구 달맞이길 30 엘시티,1566-8007,https://www.clubdoasis.com/,모바일티켓,바로 사용가능,사용안함,[유효 ~ 26/11/30],,"[필독!! 발송정보]
◇ 바로 발송 가능 상품 : `결제(입금) 완료` 건에 한해서 모바일 이용권이 20분이내 휴대폰 번호로 발송(미수신 시 휴대폰 차단 기능 확인!!)
◇ 수신 후 바로 사용 가능 : 모바일 이용권 수신 후 바로 사용 가능, 결제 내역으로는 이용 불가합니다.
※ 문자발송번호 : 1522-2089
※ 옵션 별 유효기간 상이합니다.
- 옵션명에 기재되어있는 날짜 확인해주세요
[필독!! 이용정보]
- 문자로 티켓 수령 후 10분~15분내로 바코드 생성됩니다.
- 방문 1시간전 구매 필수
- 상품 상세이미지 내 기재되어있는 이용안내 필수 참고 후 구매 부탁드립니다.
- 매주 화요일 클린데이로 전체 운영 종료입니다. 참고 부탁드립니다.
◆ 유효 기간 : 옵션 별 상이
◆ 이용 업체 : 클럽디오아시스 부산점
◆ 운영 일정 : 이용업체 홈페이지 참조 필수
◆ 구매 수량 : 1인당 10매까지 구입 가능
◆ 이용 방법 : 모바일 이용권 현장 매표소 제시 후 이용 가능(재발송 가능 상품)
◆ 권종 구분 : 주중/주말·공휴일 구분없이 1인 1매 (36개월 미만 아기는 보호자 신분증 및 확인서류 지참시에만 무료 이용 가능!!)
◆ 추가 할인 : 해당 상품은 할인 가격으로 판매되는 상품으로 추가 할인을 받으실 수 없습니다.
◆ 안내 사항 : 주말 및 성수기 기간 인원 초과 시 입장이 제한될 수 있으며, 시설 이용 제한 사항은 업체 규정에 따릅니다.
◆ 이용 업체에 대한 전반적인 이용 정보(운영 사항, 유의 사항, 안전 점검, 편의 시설 등)는 꼭 방문 전 아래 홈페이지를 클릭하셔서 확인하시길 바랍니다.
★ 홈페이지 : (클릭☞ 홈페이지 바로가기)
☎고객센터 연락처 : 02-536-0836
운영시간 [주중 및 주말 동일]
● 오전 10시 ~ 오후 4시
● 점심시간 : 12:00 ~13:00
※ 취소 및 환불문의
▷ 취소 및 환불 요청은 주중에 유선으로만 가능합니다.(취소 및 환불 요청 고객센터 ☎ 02-536-0836)
→ 토요일 및 일요일 그리고 공휴일은 제외","▷ 취소 및 환불 요청은 유선으로만 가능합니다.→ 토요일 및 일요일 그리고 공휴일은 제외(취소 및 환불 요청 고객센터 ☎ 02-536-0836)
→ 고객센터 운영시간 : 평일 10:00~16:00 운영 / 점심시간 12:00~13:00
▷ 취소 및 환불 규정은 `전자상거래등에서의 소비자보호에 관한 현행 법률`에 의거하여 작성되었습니다.
▷ 취소 및 환불은 수령하신 날로부터 7일 이내에만 가능합니다.
▷ 해당 상품은 임직원 대상 특별 할인 가격으로 판매하는 프로모션 상품입니다.
▷ 해당 상품은 이용권에 별도 표기 된 유효(이용) 기간 내 꼭 이용하셔야 합니다.
▷ 유효(이용) 기간 경과 시 별도 연장이나 취소가 안 되는 `자동 폐기 상품`입니다.(★유효 기간 연장 불가 상품!!)
▷ 부분적인 결제 취소나 부분적인 이용이 불가능한 상품입니다.(예시 : 5명일 경우 4장+1장 결제 or 2장+3장 결제)
▷ 고객 귀책 사유로 발생하는 취소 및 환불 금액에 대한 발송 및 이체 수수료는 고객이 부담하셔야 합니다.
→ 모바일 티켓 : 발송 및 취소 수수료 장당 1,000원 발생(예시 : 1,000원 X 5장 발송 = 5,000원)
→ 종이 티켓 : 폐문, 부재중, 주소 오류 등 고객 귀책 사유로 발송된 등기 반송 시 반송 비용은 고객이 부담하셔야 합니다.(반송 비용 7,500원)
→ 공통 : 환불 금액 입금 계좌가 하나은행이 아닌 타 은행인 경우 이체 수수료 500원이 발생합니다.",2026-09-30T04:41:08
330190,테마파크,테마파크,고양,프렌디노 공룡 어린이키즈,도심 속 공룡 테마파크!,10000,7000,30,프렌디노 공룡 어린이키즈 대인종일권(~11/1),4,"[{""option"": ""프렌디노 공룡 어린이키즈 대인종일권(~11/1)"", ""detail_div"": ""대인"", ""week_div"": ""주중+주말"", ""list_price"": 10000, ""sale_price"": 7000, ""discount_pct"": 30, ""start_date"": ""2025-09-01"", ""end_date"": ""2026-11-01""}, {""option"": ""프렌디노 공룡 어린이키즈 소인_2시간권(~11/1)"", ""detail_div"": ""소인"", ""week_div"": ""주중+주말"", ""list_price"": 24000, ""sale_price"": 16000, ""discount_pct"": 33, ""start_date"": ""2025-09-01"", ""end_date"": ""2026-11-01""}, {""option"": ""프렌디노 공룡 어린이키즈 소인종일권(~11/1)"", ""detail_div"": ""소인"", ""week_div"": ""주중+주말"", ""list_price"": 30000, ""sale_price"": 22000, ""discount_pct"": 27, ""start_date"": ""2025-09-01"", ""end_date"": ""2026-11-01""}, {""option"": ""프렌디노 공룡 어린이키즈 주중 대인1(종일권)+주중 소인1(2시간권)(~11/1)"", ""detail_div"": ""성인1+어린이1"", ""week_div"": ""주중"", ""list_price"": 34000, ""sale_price"": 22000, ""discount_pct"": 35, ""start_date"": ""2025-09-01"", ""end_date"": ""2026-11-01""}]",2025-09-01,2026-11-01,,2025-09-01 ~ 2026-11-01,모바일티켓;바로 사용가능,즉시발송,,LMS 문자,매표소 교환 / 바로 입장,100,"기한: 수령 후 7일 이내 | 수수료: 발송·취소 장당 1,000원 | 불가: 부분취소, 기간경과 | 접수: 유선",프렌디노 공룡 키즈파크,경기 고양시 일산서구 한류월드로 300 3층 3001호,0507-1369-9756,https://www.instagram.com/friendino.official/,모바일티켓,바로 사용가능,사용안함,[유효 ~ 26/11/01],,"[필독!! 발송정보]
◇ 바로 발송 가능 상품 : `결제(입금) 완료` 건에 한해서 LMS 바코드 이용권 문자가 20분이내 휴대폰 번호로 발송(미수신 시 휴대폰 차단 기능 확인!!)
◇ 수신 후 바로 사용 가능 : 모바일 이용권 수신 후 바로 사용 가능, 결제 내역으로는 이용 불가합니다.
※ 문자발송번호 : 02-536-0836
[필독!! 이용정보]
◆ 유효 기간 : ~ 2026년 11월 1일(일) 까지
◆ 이용 업체 : 프렌디노 공룡키즈파크
◆ 운영 일정 : 이용업체 홈페이지 참조 필수
운영시간 : 주중 11:00~19:00, 주말/공휴일 10:00~20:00- 휴무일정 : 연중무휴
◆ 이용 방법
- 프렌디노 : 모바일 이용권 현장 매표소 제시 및 발권 후 이용 가능
※ 발권티켓은 재발행이 불가합니다. 분실에 유의해주시기 바랍니다.
◆ 주차여부 > 프렌디노 이용시 원마운트 주차장 3시간 무료
※ 고객 부주의로 인하여 타 건물 주차장에 주차하신 경우 주차할인 제공이 어렵습니다.
◆ 권종 구분 : ※ 주중대인종일권+주중소인_2시간권 PKG는 주중에만 이용가능합니다. / 주중·주말 : 대인종일권, 소인_2시간권, 소인종일권
★ 구매 전 옵션 별 상품정보를 확인하세요!(대인 또는 소인)
※ 대인 : 중학생 이상 / 소인 : 24개월 ~ 13세까지
> 12개월 미만 : 무료입장, 24개월 미만 현장 10,000원 결제※ 증빙서류 지참 필수이며 현장에서만 결제 가능합니다.
※ 운영정보는 현장 상황에 따라 변동될 수 있습니다.
◆ 추가 할인 : 해당 상품은 할인 가격으로 판매되는 상품으로 추가 할인을 받으실 수 없습니다.
◆ 안내 사항 : 주말 및 성수기 기간 인원 초과 시 입장이 제한될 수 있으며, 시설 이용 제한 사항은 업체 규정에 따릅니다.
◆ 이용 업체에 대한 전반적인 이용 정보(운영 사항, 유의 사항, 안전 점검, 편의 시설 등)는 꼭 방문 전 아래 홈페이지를 클릭하셔서 확인하시길 바랍니다.
★ 홈페이지
- (클릭☞ 프렌디노 홈페이지 바로가기)
☎고객센터 연락처 : 02-536-0836
운영시간 [주중 및 주말 동일]
● 오전 10시 ~ 오후 4시
● 점심시간 : 12:00 ~13:00
※ 취소 및 환불문의
▷ 취소 및 환불 요청은 주중에 유선으로만 가능합니다.(취소 및 환불 요청 고객센터 ☎ 02-536-0836)
→ 토요일 및 일요일 그리고 공휴일은 제외","▷ 취소 및 환불 요청은 유선으로만 가능합니다.→ 토요일 및 일요일 그리고 공휴일은 제외(취소 및 환불 요청 고객센터 ☎ 02-536-0836)
→ 고객센터 운영시간[주중 및 주말 동일] : 오전 10시 ~ 오후 4시 / 점심시간 12:00~13:00
→ 고객센터 연락처 : 02-536-0836
▷ 취소 및 환불 규정은 `전자상거래등에서의 소비자보호에 관한 현행 법률`에 의거하여 작성되었습니다.
▷ 취소 및 환불은 수령하신 날로부터 7일 이내에만 가능합니다.
▷ 해당 상품은 임직원 대상 특별 할인 가격으로 판매하는 프로모션 상품입니다.
▷ 해당 상품은 이용권에 별도 표기 된 유효(이용) 기간 내 꼭 이용하셔야 합니다.
▷ 유효(이용) 기간 경과 시 별도 연장이나 취소가 안 되는 `자동 폐기 상품`입니다.(★유효 기간 연장 불가 상품!!)
▷ 부분적인 결제 취소나 부분적인 이용이 불가능한 상품입니다.(예시 : 5명일 경우 4장+1장 결제 or 2장+3장 결제)
▷ 고객 귀책 사유로 발생하는 취소 및 환불 금액에 대한 발송 및 이체 수수료는 고객이 부담하셔야 합니다.
→ 모바일 티켓 : 발송 및 취소 수수료 장당 1,000원 발생(예시 : 1,000원 X 5장 발송 = 5,000원)
→ 종이 티켓 : 폐문, 부재중, 주소 오류 등 고객 귀책 사유로 발송된 등기 반송 시 반송 비용은 고객이 부담하셔야 합니다.(반송 비용 7,500원)
→ 공통 : 환불 금액 입금 계좌가 하나은행이 아닌 타 은행인 경우 이체 수수료 500원이 발생합니다.",2026-09-30T04:41:10
326780,테마파크,테마파크,남양주,프리미어 뽀로로테마파크 다산 위드트래블,"1,000평 규모에 인터랙티브 미디어 아트 테마파크",30000,15000,50,주중 대인 종일권 뽀로로파크(~9/30),4,"[{""option"": ""주중 대인 종일권 뽀로로파크(~9/30)"", ""detail_div"": ""대인"", ""week_div"": ""주중"", ""list_price"": 30000, ""sale_price"": 15000, ""discount_pct"": 50, ""start_date"": ""2026-06-01"", ""end_date"": ""2026-09-30""}, {""option"": ""주말 대인 종일권 뽀로로파크(~9/30)"", ""detail_div"": ""대인"", ""week_div"": ""주말"", ""list_price"": 30000, ""sale_price"": 18000, ""discount_pct"": 40, ""start_date"": ""2026-06-01"", ""end_date"": ""2026-09-30""}, {""option"": ""주중 소인 종일권 뽀로로파크(~9/30)"", ""detail_div"": ""소인"", ""week_div"": ""주중"", ""list_price"": 40000, ""sale_price"": 20000, ""discount_pct"": 50, ""start_date"": ""2026-06-01"", ""end_date"": ""2026-09-30""}, {""option"": ""주말 소인 종일권 뽀로로파크(~9/30)"", ""detail_div"": ""소인"", ""week_div"": ""주말"", ""list_price"": 40000, ""sale_price"": 24000, ""discount_pct"": 40, ""start_date"": ""2026-06-01"", ""end_date"": ""2026-09-30""}]",2026-06-01,2026-09-30,,2026-06-01 ~ 2026-09-30,모바일티켓;바로 사용가능,즉시발송,H2OKR,알림톡,QR/바코드 제시 / 바로 입장 | 알림톡 이용권 현장 키오스크 발권 후 이용 가능(재발송 가능 상품),10,"기한: 수령 후 7일 이내 | 수수료: 발송·취소 장당 1,000원 | 불가: 부분취소, 기간경과 | 접수: 유선",프리미어 뽀로로테마파크 다산 위드 트래블,경기 남양주시 다산지금로 202 현대테라타워DIMC 지하1층 RB1-0001호 외 4호,0507-1390-3624,http://www.pororopark.com/index.php,모바일티켓,바로 사용가능,사용안함,[유효 ~ 26/09/30],,"※ 상품구매 시 티켓 수령 1시간 후부터 사용 가능
→시설에 방문하시기 전에 티켓(바코드) 열람 여부를 확인해주세요!
[필독!! 발송정보]
◇ 바로 발송 가능 상품 : `결제(입금) 완료` 건에 한해서 모바일 이용권이 20분이내 휴대폰 번호로 발송(미수신 시 휴대폰 차단 기능 확인!!)
◇ 수신 후 바로 사용 가능 : 모바일 이용권 문자 수신 후 바로 사용 가능, 결제 내역으로는 이용 불가합니다.
※ 카카오톡 발송채널 : H2OKR
[필독!! 이용정보]
◆ 유효 기간 : ~ 2026년 9월 30일까지
◆ 이용 업체 : 프리미어 뽀로로테마파크 다산 위드 트래블
◆ 클린 데이 : 이용업체 홈페이지 참조 필수
◆ 구매 수량 : 1인당 10매까지 구입 가능
◆ 이용 방법 : 알림톡 이용권 현장 키오스크 발권 후 이용 가능(재발송 가능 상품)
◆ 권종 구분 : 대인/소인/주중/주말ㆍ공휴일 구분하여 1인 1매 (12개월 미만 아기는 보호자 신분증 및 확인서류 지참시에만 무료 이용 가능!!)
★ 대인 : 14세 이상 / 소인 : 12개월 ~ 13세
◆ 추가 할인 : 해당 상품은 할인 가격으로 판매되는 상품으로 추가 할인을 받으실 수 없습니다.
◆ 안내 사항 : 주말 및 성수기 기간 인원 초과 시 입장이 제한될 수 있으며, 시설 이용 제한 사항은 업체 규정에 따릅니다.
◆ 이용 업체에 대한 전반적인 이용 정보(운영 사항, 유의 사항, 안전 점검, 편의 시설 등)는 꼭 방문 전 아래 홈페이지를 클릭하셔서 확인하시길 바랍니다.
★ 홈페이지 : (클릭☞ 뽀로로파크 홈페이지 바로가기)
☎고객센터 연락처 : 02-536-0836
운영시간 [주중 및 주말 동일]
● 오전 10시 ~ 오후 4시
● 점심시간 : 12:00 ~13:00
※ 취소 및 환불문의
▷ 취소 및 환불 요청은 주중에 유선으로만 가능합니다.(취소 및 환불 요청 고객센터 ☎ 02-536-0836)
→ 토요일 및 일요일 그리고 공휴일은 제외","▷ 취소 및 환불 요청은 유선으로만 가능합니다.→ 토요일 및 일요일 그리고 공휴일은 제외(취소 및 환불 요청 고객센터 ☎ 02-536-0836)
→ 고객센터 운영시간[주중 및 주말 동일] : 오전 10시 ~ 오후 4시 / 점심시간 12:00~13:00
→ 고객센터 연락처 : 02-536-0836
▷ 취소 및 환불 규정은 `전자상거래등에서의 소비자보호에 관한 현행 법률`에 의거하여 작성되었습니다.
▷ 취소 및 환불은 수령하신 날로부터 7일 이내에만 가능합니다.
▷ 해당 상품은 임직원 대상 특별 할인 가격으로 판매하는 프로모션 상품입니다.
▷ 해당 상품은 이용권에 별도 표기 된 유효(이용) 기간 내 꼭 이용하셔야 합니다.
▷ 유효(이용) 기간 경과 시 별도 연장이나 취소가 안 되는 `자동 폐기 상품`입니다. (★유효 기간 연장 불가 상품!!)
▷ 부분적인 결제 취소나 부분적인 이용이 불가능한 상품입니다.(예시 : 5명일 경우 4장+1장 결제 or 2장+3장 결제)
▷ 고객 귀책 사유로 발생하는 취소 및 환불 금액에 대한 발송 및 이체 수수료는 고객이 부담하셔야 합니다.
→ 모바일 티켓 : 발송 및 취소 수수료 장당 1,000원 발생(예시 : 1,000원 X 5장 발송 = 5,000원)
→ 종이 티켓 : 폐문, 부재중, 주소 오류 등 고객 귀책 사유로 발송된 등기 반송 시 반송 비용은 고객이 부담하셔야 합니다. (반송 비용 6,000원)
→ 공통 : 환불 금액 입금 계좌가 하나은행이 아닌 타 은행인 경우 이체 수수료 500원이 발생합니다.",2026-09-30T04:41:13
330379,워터파크,워터파크,경북,경주 뽀로로아쿠아빌리지 워터파크,뽀로로와 함께 떠나는 두근두근 어드벤처~,50000,24900,50,주중권 뽀로로아쿠아빌리지(10/1~10/30),2,"[{""option"": ""주중권 뽀로로아쿠아빌리지(10/1~10/30)"", ""detail_div"": ""대소공통"", ""week_div"": ""주중"", ""list_price"": 50000, ""sale_price"": 24900, ""discount_pct"": 50, ""start_date"": ""2026-10-01"", ""end_date"": ""2026-10-30""}, {""option"": ""주말권 뽀로로아쿠아빌리지(10/3 ~10/31)"", ""detail_div"": ""대소공통"", ""week_div"": ""주말"", ""list_price"": 50000, ""sale_price"": 28900, ""discount_pct"": 42, ""start_date"": ""2026-10-03"", ""end_date"": ""2026-10-31""}]",2026-10-01,2026-10-31,,2026-10-01 ~ 2026-10-30,모바일티켓;바로 사용가능,즉시발송,놀이의발견,알림톡,매표소 교환 / 바로 입장 | 카카오톡 이용권 현장 매표소 제시 후 이용 가능(재발송 가능 상품),10,"기한: 수령 후 7일 이내 | 수수료: 발송·취소 장당 1,000원 | 불가: 부분취소, 기간경과 | 접수: 유선",경주 뽀로로아쿠아빌리지,경상북도 경주시 보문로 182-27,0507-1465-8309,,모바일티켓,바로 사용가능,사용안함,[유효 ~ 26/10/31],,"[필독!! 발송정보]
◇ 바로 발송 가능 상품 : `결제(입금) 완료` 건에 한해서 휴대폰 번호로 카카오톡 이용권이 20분내로 발송됩니다.(미수신 시 휴대폰 차단 기능 확인!!)
◇ 수신 후 바로 사용 가능 : 카카오톡 이용권 문자 수신 후 바로 사용 가능, 결제 내역으로는 절대 이용 불가입니다.
※ 카카오톡 발송채널 : 놀이의발견
[필독!! 이용정보]
◆ 유효기간 : 주중권, 주말권 옵션 별 상이합니다. 옵션명에 기재되어있는 날짜를 확인해주세요.
◆ 이용업체 : 경주 뽀로로아쿠아빌리지
◆ 휴장일정 : 이용업체 홈페이지 참조 필수
◆ 구매수량 : 1인당 10매까지 구입 가능
◆ 이용방법 : 카카오톡 이용권 현장 매표소 제시 후 이용 가능(재발송 가능 상품)
◆ 권종구분 : 1인 1매 구매(주중/주말 공통-36개월 미만 아기는 보호자 신분증 및 확인서류 지참시에만 무료 이용 가능!!)
- 대인 : 중학생 이상
- 소인 : 36개월 ~ 초등학생
◆ 추가할인 : 해당 상품은 할인 가격으로 판매되는 상품으로 추가 할인을 받으실 수 없습니다.
◆ 안내사항 : 주말 및 성수기 기간 인원 초과 시 입장이 제한될 수 있으며, 시설 이용 제한 사항은 업체 규정에 따릅니다.
◆ 이용 업체에 대한 전반적인 이용 정보(운영 사항, 유의 사항, 안전 점검, 편의 시설 등)는 꼭 방문 전 아래 홈페이지를 클릭하셔서 확인하시길 바랍니다.
★ 홈페이지 : (클릭☞ 경주 뽀로로아쿠아빌리지 홈페이지 바로가기)
☎고객센터 연락처 : 02-536-0836
운영시간 [주중 및 주말 동일]
● 오전 10시 ~ 오후 4시
● 점심시간 : 12:00 ~13:00
※ 취소 및 환불문의
▷ 취소 및 환불 요청은 주중에 유선으로만 가능합니다.(취소 및 환불 요청 고객센터 ☎ 02-536-0836)
→ 토요일 및 일요일 그리고 공휴일은 제외","▷ 취소 및 환불 요청은 유선으로만 가능합니다.→ 토요일 및 일요일 그리고 공휴일은 제외(취소 및 환불 요청 고객센터 ☎ 02-536-0836)
→ 고객센터 운영시간[주중 및 주말 동일] : 오전 10시 ~ 오후 4시 / 점심시간 12:00~13:00
→ 고객센터 연락처 : 02-536-0836
▷ 취소 및 환불 규정은 `전자상거래등에서의 소비자보호에 관한 현행 법률`에 의거하여 작성되었습니다.
▷ 취소 및 환불은 수령하신 날로부터 7일 이내에만 가능합니다.
▷ 해당 상품은 임직원 대상 특별 할인 가격으로 판매하는 프로모션 상품입니다.
▷ 해당 상품은 이용권에 별도 표기 된 유효(이용) 기간 내 꼭 이용하셔야 합니다.
▷ 유효(이용) 기간 경과 시 별도 연장이나 취소가 안 되는 `자동 폐기 상품`입니다. (★유효 기간 연장 불가 상품!!)
▷ 부분적인 결제 취소나 부분적인 이용이 불가능한 상품입니다.(예시 : 5명일 경우 4장+1장 결제 or 2장+3장 결제)
▷ 고객 귀책 사유로 발생하는 취소 및 환불 금액에 대한 발송 및 이체 수수료는 고객이 부담하셔야 합니다.
→ 모바일 티켓 : 발송 및 취소 수수료 장당 1,000원 발생(예시 : 1,000원 X 5장 발송 = 5,000원)
→ 종이 티켓 : 폐문, 부재중, 주소 오류 등 고객 귀책 사유로 발송된 등기 반송 시 반송 비용은 고객이 부담하셔야 합니다. (반송 비용 6,000원)
→ 공통 : 환불 금액 입금 계좌가 하나은행이 아닌 타 은행인 경우 이체 수수료 500원이 발생합니다.",2026-09-30T04:41:15
325268,워터파크,워터파크,화순,화순아쿠아나,남도 제일의 휴양 온천수!!,55000,18000,67,주중종일권 비수기 화순아쿠아나(8/31~12/31),2,"[{""option"": ""주중종일권 비수기 화순아쿠아나(8/31~12/31)"", ""detail_div"": ""대소공통"", ""week_div"": ""주중"", ""list_price"": 55000, ""sale_price"": 18000, ""discount_pct"": 67, ""start_date"": ""2026-08-31"", ""end_date"": ""2026-12-31""}, {""option"": ""주말종일권 비수기 화순아쿠아나(8/31~12/31)"", ""detail_div"": ""대소공통"", ""week_div"": ""주말"", ""list_price"": 55000, ""sale_price"": 21000, ""discount_pct"": 62, ""start_date"": ""2026-08-31"", ""end_date"": ""2026-12-31""}]",2026-08-31,2026-12-31,,2026-08-31 ~ 2026-12-31,모바일티켓;수령 후 사용 가능,수령후사용,,LMS 문자/순차 발송,QR/바코드 제시 / 매표소 교환 / 바로 입장 | LMS 바코드 문자 이용권 현장 매표소 제시 후 이용 가능(재발송 가능 상품),100,"기한: 수령 후 7일 이내 | 수수료: 발송·취소 장당 1,000원 | 불가: 부분취소, 기간경과 | 접수: 유선",화순 아쿠아나,전라남도 화순군 백아면 옥리길 14-21,061-370-5070,https://www.kumhoresort.co.kr/aquana/?khr=A1110,모바일티켓,수령 후 사용 가능,사용안함,[유효 ~ 26/12/31],,"[필독!! 발송정보]
※ 모바일권 수령후 다음날부터 이용가능한 티켓입니다.
업무시간에 구매필수이며, 구매가능시간 안내 : 오전 10시~오후 4시
◇ 순차 발송 상품 : 매일 23:30까지 결제(가상계좌 입금) 완료 건에 한해서 결제 확인 후부터 익일 09:30까지 모바일 이용권이 결제완료순으로 발송됩니다.(미수신 시 휴대폰 차단 기능 확인!!)
◇ 수신 후 다음날 사용 가능 : 모바일 이용권 수신일 다음날부터 사용 가능, 결제 내역으로는 이용 불가합니다.
※ 주문량에 따라 발송 소요시간이 달라질 수 있습니다.
※ 문자발송번호 : 02-2055-0455
[필독!! 이용정보]
▶ 주문건 발송시간안내 [주중 및 주말 동일]
※ 바로사용가능 外 티켓은 하단내용 참고
● 오전 10시부터 ~ 오후 4시이전 주문건 1시간내로 발송
● 오후 4시이후부터 ~ 다음날 오전 10시이전 주문건은 오전 10시이후부터 1시간내로 발송
→ 고객센터 운영시간[주중 및 주말 동일] : 오전 10시 ~ 오후 4시 / 점심시간 12:00~13:00
→ 고객센터 연락처 : 02-536-0836
◆ 유효 기간 : 옵션 별 상이
◆ 이용 업체 : 화순아쿠아나(워터파크 + 대온천탕)
◆ 클린 데이 : 이용업체 홈페이지 참조 필수
◆ 구매 수량 : 1인당 10매까지 구입 가능
◆ 이용 방법 : LMS 바코드 문자 이용권 현장 매표소 제시 후 이용 가능(재발송 가능 상품)
◆ 권종 구분 : 대인/소인/주중/주말ㆍ공휴일 구분없이 1인 1매 (36개월 미만 아기는 보호자 신분증 및 확인서류 지참시에만 무료 이용 가능!!)
◆ 추가 할인 : 해당 상품은 할인 가격으로 판매되는 상품으로 추가 할인을 받으실 수 없습니다.
◆ 안내 사항 : 주말 및 성수기 기간 인원 초과 시 입장이 제한될 수 있으며, 시설 이용 제한 사항은 업체 규정에 따릅니다.
◆ 이용 업체에 대한 전반적인 이용 정보(운영 사항, 유의 사항, 안전 점검, 편의 시설 등)는 꼭 방문 전 아래 홈페이지를 클릭하셔서 확인하시길 바랍니다.
★ 홈페이지 : (클릭☞ 화순아쿠아나 홈페이지 바로가기)
☎고객센터 연락처 : 02-536-0836
운영시간 [주중 및 주말 동일]
● 오전 10시 ~ 오후 4시
● 점심시간 : 12:00 ~13:00
※ 취소 및 환불문의
▷ 취소 및 환불 요청은 주중에 유선으로만 가능합니다.(취소 및 환불 요청 고객센터 ☎ 02-536-0836)
→ 토요일 및 일요일 그리고 공휴일은 제외","▷ 취소 및 환불 요청은 유선으로만 가능합니다.→ 토요일 및 일요일 그리고 공휴일은 제외(취소 및 환불 요청 고객센터 ☎ 02-536-0836)
→ 고객센터 운영시간[주중 및 주말 동일] : 오전 10시 ~ 오후 4시 / 점심시간 12:00~13:00
→ 고객센터 연락처 : 02-536-0836
▷ 취소 및 환불 규정은 `전자상거래등에서의 소비자보호에 관한 현행 법률`에 의거하여 작성되었습니다.
▷ 취소 및 환불은 수령하신 날로부터 7일 이내에만 가능합니다.
▷ 해당 상품은 임직원 대상 특별 할인 가격으로 판매하는 프로모션 상품입니다.
▷ 해당 상품은 이용권에 별도 표기 된 유효(이용) 기간 내 꼭 이용하셔야 합니다.
▷ 유효(이용) 기간 경과 시 별도 연장이나 취소가 안 되는 `자동 폐기 상품`입니다.(★유효 기간 연장 불가 상품!!)
▷ 부분적인 결제 취소나 부분적인 이용이 불가능한 상품입니다.(예시 : 5명일 경우 4장+1장 결제 or 2장+3장 결제)
▷ 고객 귀책 사유로 발생하는 취소 및 환불 금액에 대한 발송 및 이체 수수료는 고객이 부담하셔야 합니다.
→ 모바일 티켓 : 발송 및 취소 수수료 장당 1,000원 발생(예시 : 1,000원 X 5장 발송 = 5,000원)
→ 종이 티켓 : 폐문, 부재중, 주소 오류 등 고객 귀책 사유로 발송된 등기 반송 시 반송 비용은 고객이 부담하셔야 합니다.(반송 비용 7,500원)
→ 공통 : 환불 금액 입금 계좌가 하나은행이 아닌 타 은행인 경우 이체 수수료 500원이 발생합니다.",2026-09-30T04:41:17
326591,워터파크,워터파크,서울,씨랄라 워터파크,도심 속 사계절 물놀이 휴양공간,40000,24900,38,대소공통 종일권 씨랄라 워터파크(9/1~10/31),2,"[{""option"": ""대소공통 종일권 씨랄라 워터파크(9/1~10/31)"", ""detail_div"": ""대소공통"", ""week_div"": ""주말"", ""list_price"": 40000, ""sale_price"": 24900, ""discount_pct"": 38, ""start_date"": ""2026-09-01"", ""end_date"": ""2026-10-31""}, {""option"": ""대소공통 오후권(AFTER3) 씨랄라 워터파크(9/1~10/31)"", ""detail_div"": ""대소공통"", ""week_div"": ""주말"", ""list_price"": 40000, ""sale_price"": 18900, ""discount_pct"": 53, ""start_date"": ""2026-09-01"", ""end_date"": ""2026-10-31""}]",2026-09-01,2026-10-31,,2026-09-01 ~ 2026-10-31,모바일티켓;바로 사용가능,즉시발송,,LMS 문자,매표소 교환 / 바로 입장 | 모바일 이용권 현장 매표소 제시 후 이용 가능(재발송 가능 상품),100,"기한: 수령 후 7일 이내 | 수수료: 발송·취소 장당 1,000원 | 불가: 부분취소, 기간경과 | 접수: 유선",씨랄라 워터파크,서울 영등포구 문래로 164,1522-9661,http://www.sealala.com/,모바일티켓,바로 사용가능,사용안함,[유효 ~ 26/10/31],,"※ 운영요일 확인 및 운영일정 홈페이지 확인 필수
이용 가능 기간 및 요일에 따라 시설 운영일정이 다릅니다. 방문 전 홈페이지를 참조 해 주시기 바랍니다.
[필독!! 발송정보]
◇ 바로 발송 가능 상품 : `결제(입금) 완료` 건에 한해서 모바일 이용권이 20분이내 휴대폰 번호로 발송(미수신 시 휴대폰 차단 기능 확인!!)
◇ 수신 후 바로 사용 가능 : 모바일 이용권 수신 후 바로 사용 가능, 결제 내역으로는 이용 불가합니다.
※ 문자발송번호 : 02-536-0836
[필독!! 이용정보]
◆ 유효 기간 : 옵션 별 상이 (옵션명에 기재되어있는 날짜 확인해주세요.)
- 주말,공휴일만 운영합니다. 꼭 참고 후 구매 바랍니다.
- 오후권은 3시 부터 이용 가능합니다.
◆ 이용 업체 : 씨랄라(워터파크 + 찜질방)
단, 7월 20일 이후 구매자는 찜질방이용시 찜질복, 수건 대여료 1인당 5천원 현장추가결제
→ 토요일 및 일요일만 운영
◆ 이용 방법 : 모바일 이용권 현장 매표소 제시 후 이용 가능(재발송 가능 상품)
◆ 권종 구분 : 대인/소인 구분없이 1인 1매 (36개월 미만 아기는 보호자 신분증 및 확인서류 지참시에만 2명까지 무료 이용 가능!!)
◆ 추가 할인 : 해당 상품은 할인 가격으로 판매되는 상품으로 추가 할인을 받으실 수 없습니다.
◆ 안내 사항 : 주말 및 성수기 기간 인원 초과 시 입장이 제한될 수 있으며, 시설 이용 제한 사항은 업체 규정에 따릅니다.
◆ 이용 업체에 대한 전반적인 이용 정보(운영 사항, 유의 사항, 안전 점검, 편의 시설 등)는 꼭 방문 전 아래 홈페이지를 클릭하셔서 확인하시길 바랍니다.
★ 홈페이지 : (클릭☞ 씨랄라 홈페이지 바로가기)
☎고객센터 연락처 : 02-536-0836
운영시간 [주중 및 주말 동일]
● 오전 10시 ~ 오후 4시
● 점심시간 : 12:00 ~13:00
※ 취소 및 환불문의
▷ 취소 및 환불 요청은 주중에 유선으로만 가능합니다.(취소 및 환불 요청 고객센터 ☎ 02-536-0836)
→ 토요일 및 일요일 그리고 공휴일은 제외","▷ 취소 및 환불 요청은 유선으로만 가능합니다.→ 토요일 및 일요일 그리고 공휴일은 제외(취소 및 환불 요청 고객센터 ☎ 02-536-0836)
→ 고객센터 운영시간[주중 및 주말 동일] : 오전 10시 ~ 오후 4시 / 점심시간 12:00~13:00
→ 고객센터 연락처 : 02-536-0836
▷ 취소 및 환불 규정은 `전자상거래등에서의 소비자보호에 관한 현행 법률`에 의거하여 작성되었습니다.
▷ 취소 및 환불은 수령하신 날로부터 7일 이내에만 가능합니다.
▷ 해당 상품은 임직원 대상 특별 할인 가격으로 판매하는 프로모션 상품입니다.
▷ 해당 상품은 이용권에 별도 표기 된 유효(이용) 기간 내 꼭 이용하셔야 합니다.
▷ 유효(이용) 기간 경과 시 별도 연장이나 취소가 안 되는 `자동 폐기 상품`입니다. (★유효 기간 연장 불가 상품!!)
▷ 부분적인 결제 취소나 부분적인 이용이 불가능한 상품입니다.(예시 : 5명일 경우 4장+1장 결제 or 2장+3장 결제)
▷ 고객 귀책 사유로 발생하는 취소 및 환불 금액에 대한 발송 및 이체 수수료는 고객이 부담하셔야 합니다.
→ 모바일 티켓 : 발송 및 취소 수수료 장당 1,000원 발생(예시 : 1,000원 X 5장 발송 = 5,000원)
→ 종이 티켓 : 폐문, 부재중, 주소 오류 등 고객 귀책 사유로 발송된 등기 반송 시 반송 비용은 고객이 부담하셔야 합니다. (반송 비용 6,000원)
→ 공통 : 환불 금액 입금 계좌가 하나은행이 아닌 타 은행인 경우 이체 수수료 500원이 발생합니다.",2026-09-30T04:41:20
320284,테마파크,테마파크,동탄,아르티스 테마파크,국내 유일 실내 생태 체험 테마파크!,7000,6200,11,7종 먹이주기 체험 풀세트 아르티스 테마파크(~12/31),3,"[{""option"": ""7종 먹이주기 체험 풀세트 아르티스 테마파크(~12/31)"", ""detail_div"": ""대소공통"", ""week_div"": ""주중+주말"", ""list_price"": 7000, ""sale_price"": 6200, ""discount_pct"": 11, ""start_date"": ""0"", ""end_date"": ""2026-12-31""}, {""option"": ""대인 입장권 아르티스 테마파크(~12/31)"", ""detail_div"": ""대인"", ""week_div"": ""주중+주말"", ""list_price"": 35000, ""sale_price"": 15200, ""discount_pct"": 57, ""start_date"": ""0"", ""end_date"": ""2026-12-31""}, {""option"": ""소인 입장권 아르티스 테마파크(~12/31)"", ""detail_div"": ""소인"", ""week_div"": ""주중+주말"", ""list_price"": 32000, ""sale_price"": 17000, ""discount_pct"": 47, ""start_date"": ""0"", ""end_date"": ""2026-12-31""}]",구매일,2026-12-31,,0 ~ 2026-12-31,모바일티켓;바로 사용가능,즉시발송,엘에스컴퍼니,알림톡,매표소 교환 / 바로 입장 | 모바일 이용권 현장 매표소 제시 후 이용 가능(재발송 가능 상품),20,"기한: 수령 후 7일 이내 | 수수료: 발송·취소 장당 1,000원 | 불가: 부분취소, 기간경과 | 접수: 유선(주중)",아르티스 테마파크,경기 화성시 동탄구 동탄대로19길 10 신유메디프라자 9층,0507-1310-4028,https://www.artisthemepark.co.kr/,모바일티켓,바로 사용가능,사용안함,[유효 ~ 26/12/31],,"[필독!! 발송정보]
◇ 바로 발송 가능 상품 : `결제(입금) 완료` 건에 한해서 모바일 이용권이 20분이내 휴대폰 번호로 발송(미수신 시 휴대폰 차단 기능 확인!!)
◇ 수신 후 바로 사용 가능 : 모바일 이용권 수신 후 바로 사용 가능, 결제 내역으로는 이용 불가합니다.
※ 카카오톡발송채널 : 엘에스컴퍼니
[필독!! 이용정보]
◆ 구매 전 상세이미지 내 안내사항을 꼭 확인해주세요.
◆ 유효 기간 : ~ 2026년 12월 31일(목) 까지
◆ 이용 업체 : 아르티스 테마파크
◆ 운영 일정 : 이용업체 홈페이지 참조 필수
◆ 구매 수량 : 1인당 10매까지 구입 가능
◆ 이용 방법 : 모바일 이용권 현장 매표소 제시 후 이용 가능(재발송 가능 상품)
◆ 권종 구분 : 주중/주말·공휴일 구분없이 1인 1매
◆ 추가 할인 : 해당 상품은 할인 가격으로 판매되는 상품으로 추가 할인을 받으실 수 없습니다.
◆ 이용 업체에 대한 전반적인 이용 정보(운영 사항, 유의 사항, 안전 점검, 편의 시설 등)는 꼭 방문 전 아래 홈페이지를 클릭하셔서 확인하시길 바랍니다.
★ 홈페이지 : (클릭☞ 홈페이지 바로가기)","▷ 취소 및 환불 요청은 주중에 유선으로만 가능합니다.(취소 및 환불 요청 고객센터 ☎ 02-536-0836)
→ 고객센터 운영시간 : 평일 10:00~16:00 운영 / 점심시간 12:00~13:00
▷ 취소 및 환불 규정은 `전자상거래등에서의 소비자보호에 관한 현행 법률`에 의거하여 작성되었습니다.
▷ 취소 및 환불은 수령하신 날로부터 7일 이내에만 가능합니다.
▷ 해당 상품은 임직원 대상 특별 할인 가격으로 판매하는 프로모션 상품입니다.
▷ 해당 상품은 이용권에 별도 표기 된 유효(이용) 기간 내 꼭 이용하셔야 합니다.
▷ 유효(이용) 기간 경과 시 별도 연장이나 취소가 안 되는 `자동 폐기 상품`입니다.(★유효 기간 연장 불가 상품!!)
▷ 부분적인 결제 취소나 부분적인 이용이 불가능한 상품입니다.(예시 : 5명일 경우 4장+1장 결제 or 2장+3장 결제)
▷ 고객 귀책 사유로 발생하는 취소 및 환불 금액에 대한 발송 및 이체 수수료는 고객이 부담하셔야 합니다.
→ 모바일 티켓 : 발송 및 취소 수수료 장당 1,000원 발생(예시 : 1,000원 X 5장 발송 = 5,000원)
→ 종이 티켓 : 폐문, 부재중, 주소 오류 등 고객 귀책 사유로 발송된 등기 반송 시 반송 비용은 고객이 부담하셔야 합니다.(반송 비용 7,500원)
→ 공통 : 환불 금액 입금 계좌가 하나은행이 아닌 타 은행인 경우 이체 수수료 500원이 발생합니다.",2026-09-30T04:41:22
309658,테마파크,테마파크,가평,베고니아 새정원,"꽃, 새, 정원이 있는 스마일링 힐링 파크!!",18000,15000,17,대인입장권 베고니아 새정원(~12/31),2,"[{""option"": ""대인입장권 베고니아 새정원(~12/31)"", ""detail_div"": ""대인"", ""week_div"": ""주중+주말"", ""list_price"": 18000, ""sale_price"": 15000, ""discount_pct"": 17, ""start_date"": ""2026-03-24"", ""end_date"": ""2026-12-31""}, {""option"": ""소인입장권 베고니아 새정원(~12/31)"", ""detail_div"": ""소인"", ""week_div"": ""주중+주말"", ""list_price"": 12500, ""sale_price"": 10500, ""discount_pct"": 16, ""start_date"": ""2026-03-24"", ""end_date"": ""2026-12-31""}]",2026-03-24,2026-12-31,,2026-03-24 ~ 2026-12-31,모바일티켓;바로 사용가능,즉시발송,엘에스컴퍼니,알림톡,매표소 교환 / 바로 입장 | 모바일 이용권 현장 매표소 제시 후 이용 가능(재발송 가능 상품),20,"기한: 수령 후 7일 이내 | 수수료: 발송·취소 장당 1,000원 | 불가: 부분취소, 기간경과 | 접수: 유선(주중)",가평 베고니아 새정원,경기 가평군 설악면 미사리로270번길 28 가평베고니아새정원,031-584-4477,https://www.begoniabirdpark.com/,모바일티켓,바로 사용가능,사용안함,[유효 ~ 26/12/31],,"[필독!! 발송정보]
◇ 바로 발송 가능 상품 : `결제(입금) 완료` 건에 한해서 모바일 이용권이 20분이내 휴대폰 번호로 발송(미수신 시 휴대폰 차단 기능 확인!!)
◇ 수신 후 바로 사용 가능 : 모바일 이용권 수신 후 바로 사용 가능, 결제 내역으로는 이용 불가합니다.
※ 카카오톡발송채널 : 엘에스컴퍼니
[필독!! 이용정보]
◆ 유효 기간 : ~ 2026년 12월 31일(목) 까지
◆ 이용 업체 : 가평 베고니아 새정원
◆ 운영 일정 : 이용업체 홈페이지 참조 필수
◆ 구매 수량 : 1인당 10매까지 구입 가능
◆ 이용 방법 : 모바일 이용권 현장 매표소 제시 후 이용 가능(재발송 가능 상품)
◆ 권종 구분 : 36개월부터 티켓구입이며, 주중/주말, 구분없이 1인 1매
◆ 추가 할인 : 해당 상품은 할인 가격으로 판매되는 상품으로 추가 할인을 받으실 수 없습니다.
◆ 이용 업체에 대한 전반적인 이용 정보(운영 사항, 유의 사항, 안전 점검, 편의 시설 등)는 꼭 방문 전 아래 홈페이지를 클릭하셔서 확인하시길 바랍니다.
★ 홈페이지 : (클릭☞ 홈페이지 바로가기)","▷ 취소 및 환불 요청은 주중에 유선으로만 가능합니다.(취소 및 환불 요청 고객센터 ☎ 02-536-0836)
→ 고객센터 운영시간 : 평일 09:30~18:00 운영 / 점심시간 12:00~13:00
▷ 취소 및 환불 규정은 `전자상거래등에서의 소비자보호에 관한 현행 법률`에 의거하여 작성되었습니다.
▷ 취소 및 환불은 수령하신 날로부터 7일 이내에만 가능합니다.
▷ 해당 상품은 임직원 대상 특별 할인 가격으로 판매하는 프로모션 상품입니다.
▷ 해당 상품은 이용권에 별도 표기 된 유효(이용) 기간 내 꼭 이용하셔야 합니다.
▷ 유효(이용) 기간 경과 시 별도 연장이나 취소가 안 되는 `자동 폐기 상품`입니다.(★유효 기간 연장 불가 상품!!)
▷ 부분적인 결제 취소나 부분적인 이용이 불가능한 상품입니다.(예시 : 5명일 경우 4장+1장 결제 or 2장+3장 결제)
▷ 고객 귀책 사유로 발생하는 취소 및 환불 금액에 대한 발송 및 이체 수수료는 고객이 부담하셔야 합니다.
→ 모바일 티켓 : 발송 및 취소 수수료 장당 1,000원 발생(예시 : 1,000원 X 5장 발송 = 5,000원)
→ 종이 티켓 : 폐문, 부재중, 주소 오류 등 고객 귀책 사유로 발송된 등기 반송 시 반송 비용은 고객이 부담하셔야 합니다.(반송 비용 7,500원)
→ 공통 : 환불 금액 입금 계좌가 하나은행이 아닌 타 은행인 경우 이체 수수료 500원이 발생합니다.",2026-09-30T04:41:25
328229,공연,콘서트,홍대,쇼츠 -SHOWS -세계최초 액션 퍼포먼스펍-,태권도를 활용한 액션 퍼포먼스와 맛있는 음식을 즐길 수 있는 이색 공연장!,40000,19000,53,[홍대] 쇼츠 공연관람권 (토요일 19:30),1,"[{""option"": ""[홍대] 쇼츠 공연관람권 (토요일 19:30)"", ""detail_div"": ""대소공통"", ""week_div"": ""주중+주말"", ""list_price"": 40000, ""sale_price"": 19000, ""discount_pct"": 53, ""start_date"": ""0"", ""end_date"": ""30""}]",구매일,,30,0 ~ 30,모바일티켓;예약필수,예약필수,,,전화 예약,100,"수수료: D-7 50%, D-3 20% | 불가: 예약확정 후 | 접수: 유선(주중)",홍대 쇼츠,서울 마포구 홍익로5길 25 3층,010-2607-9274,https://naver.me/xgN36YCy,모바일티켓,예약필수,사용안함,[유효 ~ 30일],,"[필독!! 이용방법]
◆ 입장후 2인 1메뉴, 1인 1음료 주문 필수입니다.
◆ 관람 3일전 필수 예약 후 방문하여야 하며, 예약시 관람날짜 및 관람시간을 말씀해주셔야합니다.
◆ 예약처 번호 : 010-2607-9274 / 평일 및 주말공통 응대시간 : 10:00 ~ 20:00)
단, 공연 중일 경우 상담이 지연될 가능성이 있음
※ 매장 사정 상 토요일 저녁 7시 30분 공연만 관람 가능합니다. 참고 후 구매 바랍니다.
[필독!! 안내사항]
※ 관람전 3일내 필수 예약이며 좌석은 현장배정
※ 공연시간 : 90분
※ 전체관람가
※ 예약 시 공연 시간대를 확인하고 예약해주세요.
※ 입장은 예약 시간에 맞춰 입장이 가능합니다.
※ 반려동물 동반은 불가합니다.
※ 테이블 간 간격이 가까우니 다른 손님에게 불편이 가지 않도록 배려해주세요.
※ 외부 음식은 반입이 불가합니다.
※ 공연은 총 1부,2부로 나누어져 있습니다.
■ 환불 규정 안내
※ 4~7일 전 취소 시 50%, 3일 전~당일 취소 20%, 노쇼 0% 환불 됩니다.
※ 공연 시작 후에는 입장불가
◆ 추가 할인 : 해당 상품은 할인 가격으로 판매되는 상품으로 추가 할인을 받으실 수 없습니다.
◆ 이용 업체에 전반적인 이용 정보(운영 사항, 유의 사항, 안전 점검, 편의 시설 등)는 꼭 방문 전 아래 홈페이지를 클릭 하셔서 확인 하시길 바랍니다.
★ 홈페이지 : (클릭☞ 쇼츠 홈페이지 바로가기)
☎고객센터 연락처 : 02-536-0836
운영시간 [주중 및 주말 동일]
● 오전 10시 ~ 오후 4시
● 점심시간 : 12:00 ~13:00
※ 취소 및 환불문의
▷ 취소 및 환불 요청은 주중에 유선으로만 가능합니다.(취소 및 환불 요청 고객센터 ☎ 02-536-0836)
→ 토요일 및 일요일 그리고 공휴일은 제외","※ 공연상품 특성 상 예약 확정 이후에는 취소 · 환불이 불가합니다.
※ 4 ~ 7일 전 취소 시 50%, 3일 전 ~ 당일 취소 20%, 노쇼 0% 환불 됩니다.
▷ ▷ 취소 및 환불 요청은 주중에 유선으로만 가능합니다.(취소 및 환불 요청 고객센터 ☎ 02-536-0836)
→ 토요일 및 일요일 그리고 공휴일은 제외
→ 고객센터 운영시간[주중 및 주말 동일] : 오전 10시 ~ 오후 4시 / 점심시간 12:00~13:00",2026-09-30T04:41:27
330253,테마파크,아쿠아리움,부산,씨라이프 부산아쿠아리움,놀라운 바닷속 탐험!,31000,23500,24,입장권 부산아쿠아리움(~11/30),2,"[{""option"": ""입장권 부산아쿠아리움(~11/30)"", ""detail_div"": ""대소공통"", ""week_div"": ""주중+주말"", ""list_price"": 31000, ""sale_price"": 23500, ""discount_pct"": 24, ""start_date"": ""2026-01-20"", ""end_date"": ""2026-11-30""}, {""option"": ""브릭맨원더월드+부산아쿠아리움 PKG(~11/30)"", ""detail_div"": ""대소공통"", ""week_div"": ""주중+주말"", ""list_price"": 39500, ""sale_price"": 30000, ""discount_pct"": 24, ""start_date"": ""2026-01-20"", ""end_date"": ""2026-11-30""}]",2026-01-20,2026-11-30,,2026-01-20 ~ 2026-11-30,모바일티켓;수령 후 사용 가능,수령후사용,,LMS 문자,QR/바코드 제시 / 매표소 교환 / 바로 입장 | LMS 바코드 문자 이용권 현장 매표소 제시 후 이용 가능(재발송 가능 상품),20,"기한: 수령 후 7일 이내 | 수수료: 발송·취소 장당 1,000원 | 불가: 부분취소, 기간경과 | 접수: 유선",씨라이프부산아쿠아리움,부산 해운대구 해운대해변로 266,051-740-1700,https://www.visitsealife.com/busan/,모바일티켓,수령 후 사용 가능,사용안함,[유효 ~ 26/11/30],,"[필독!! 발송정보]
◇ 수신 후 바로 사용 가능 : LMS 바코드 이용권 문자 수신 후 바로 사용 가능, 결제 내역으로는 이용 불가합니다.
※ 문자발송번호 : 02-2055-0455
[필독!! 이용정보]
▶ 주문건 발송시간안내 [주중 및 주말 동일]
※ 바로사용가능 外 티켓은 하단내용 참고
● 오전 10시부터 ~ 오후 4시이전 주문건 1시간내로 발송
● 오후 4시이후부터 ~ 다음날 오전 10시이전 주문건은 오전 10시이후부터 1시간내로 발송
→ 고객센터 운영시간[주중 및 주말 동일] : 오전 10시 ~ 오후 4시 / 점심시간 12:00~13:00
→ 고객센터 연락처 : 02-536-0836
◆ 유효 기간 : ~ 2026년 11월 30일(월) 까지
◆ 이용 업체 : 부산아쿠아리움
◆ 영업 일정 : 이용업체 홈페이지 참조 필수
◆ 구매 수량 : 1인당 10매까지 구입 가능
◆ 이용 방법 : LMS 바코드 문자 이용권 현장 매표소 제시 후 이용 가능(재발송 가능 상품)
◆ 권종 구분 : 대인/소인/주중/주말/공휴일 구분없이 1인 1매 (36개월 미만 아기는 보호자 신분증 및 확인서류 지참시에만 무료 이용 가능!!)
◆ 추가 할인 : 해당 상품은 할인 가격으로 판매되는 상품으로 추가 할인을 받으실 수 없습니다.
◆ 안내 사항 : 주말 및 성수기 기간 인원 초과 시 입장이 제한될 수 있으며, 시설 이용 제한 사항은 업체 규정에 따릅니다.
◆ 이용 업체에 대한 전반적인 이용 정보(운영 사항, 유의 사항, 안전 점검, 편의 시설 등)는 꼭 방문 전 아래 홈페이지를 클릭하셔서 확인하시길 바랍니다.
★ 홈페이지 : (클릭☞ 부산아쿠아리움 홈페이지 바로가기)
☎고객센터 연락처 : 02-536-0836
운영시간 [주중 및 주말 동일]
● 오전 10시 ~ 오후 4시
● 점심시간 : 12:00 ~13:00
※ 취소 및 환불문의
▷ 취소 및 환불 요청은 주중에 유선으로만 가능합니다.(취소 및 환불 요청 고객센터 ☎ 02-536-0836)
→ 토요일 및 일요일 그리고 공휴일은 제외","▷ 취소 및 환불 요청은 유선으로만 가능합니다.→ 토요일 및 일요일 그리고 공휴일은 제외(취소 및 환불 요청 고객센터 ☎ 02-536-0836)
→ 고객센터 운영시간[주중 및 주말 동일] : 오전 10시 ~ 오후 4시 / 점심시간 12:00~13:00
→ 고객센터 연락처 : 02-536-0836
▷ 취소 및 환불 규정은 `전자상거래등에서의 소비자보호에 관한 현행 법률`에 의거하여 작성되었습니다.
▷ 취소 및 환불은 수령하신 날로부터 7일 이내에만 가능합니다.
▷ 해당 상품은 임직원 대상 특별 할인 가격으로 판매하는 프로모션 상품입니다.
▷ 해당 상품은 이용권에 별도 표기 된 유효(이용) 기간 내 꼭 이용하셔야 합니다.
▷ 유효(이용) 기간 경과 시 별도 연장이나 취소가 안 되는 `자동 폐기 상품`입니다. (★유효 기간 연장 불가 상품!!)
▷ 부분적인 결제 취소나 부분적인 이용이 불가능한 상품입니다.(예시 : 5명일 경우 4장+1장 결제 or 2장+3장 결제)
▷ 고객 귀책 사유로 발생하는 취소 및 환불 금액에 대한 발송 및 이체 수수료는 고객이 부담하셔야 합니다.
→ 모바일 티켓 : 발송 및 취소 수수료 장당 1,000원 발생(예시 : 1,000원 X 5장 발송 = 5,000원)
→ 종이 티켓 : 폐문, 부재중, 주소 오류 등 고객 귀책 사유로 발송된 등기 반송 시 반송 비용은 고객이 부담하셔야 합니다. (반송 비용 6,000원)
→ 공통 : 환불 금액 입금 계좌가 하나은행이 아닌 타 은행인 경우 이체 수수료 500원이 발생합니다.",2026-09-30T04:41:30
327095,테마파크,아쿠아리움,일산,일산아쿠아플라넷,도심 속에서 즐기는 해저여행과 정글탐험,31000,22500,27,입장권 일산아쿠아플라넷,1,"[{""option"": ""입장권 일산아쿠아플라넷"", ""detail_div"": ""대소공통"", ""week_div"": ""주중+주말"", ""list_price"": 31000, ""sale_price"": 22500, ""discount_pct"": 27, ""start_date"": ""0"", ""end_date"": ""60""}]",구매일,,60,0 ~ 60,모바일티켓;바로 사용가능,즉시발송,,LMS 문자,QR/바코드 제시 / 매표소 교환 / 바로 입장 | LMS 바코드 문자 이용권 현장 매표소 제시 후 이용 가능(재발송 가능 상품),100,"기한: 수령 후 7일 이내 | 수수료: 발송·취소 장당 1,000원 | 불가: 부분취소, 기간경과 | 접수: 유선",아쿠아플라넷 일산,경기 고양시 일산서구 한류월드로 282 아쿠아플라넷 일산,1833-7001,https://www.aquaplanet.co.kr/ilsan/index.do,모바일티켓,바로 사용가능,사용안함,[유효 ~ 60일],,"[필독!! 발송정보]
◇ 바로 발송 가능 상품 : `결제(입금) 완료` 건에 한해서 모바일 이용권이 20분이내 휴대폰 번호로 발송
(미수신 시 휴대폰 차단 기능 확인!!)
◇ 수신 후 바로 사용 가능 : 모바일 이용권 수신 후 바로 사용 가능, 결제 내역으로는 이용 불가합니다.
※ 문자발송번호 : 02-536-0836
[필독!! 이용정보]
※ 다흑 곤충/파충류 특별 전시는 8월 31일까지 운영 예정이며
이후 관람 불가합니다.
꼭 참고 후 구매 바랍니다.
◆ 상품 구성 : 더 아쿠아 + 더 정글 + 다흑 특별 전시회
- 투명보트 체험은 현장에서 결제 후 이용 하실 수 있는 선착순 유료 체험입니다.
◆ 유효 기간 : 구매 후 ~ 60일 이내
◆ 이용 업체 : 일산아쿠아플라넷
◆ 운영 일정 : 이용업체 홈페이지 참조 필수
◆ 구매 수량 : 1인당 10매까지 구입 가능
◆ 이용 방법 : LMS 바코드 문자 이용권 현장 매표소 제시 후 이용 가능(재발송 가능 상품)
◆ 권종 구분 : 대인/소인/주중/주말ㆍ공휴일 구분없이 1인 1매 (36개월 미만 아기는 보호자 신분증 및 확인서류 지참시에만 무료 이용 가능!!)
★ 구매 전 옵션 별 상품정보를 확인하세요!
◆ 추가 할인 : 해당 상품은 할인 가격으로 판매되는 상품으로 추가 할인을 받으실 수 없습니다.
◆ 안내 사항 : 주말 및 성수기 기간 인원 초과 시 입장이 제한될 수 있으며, 시설 이용 제한 사항은 업체 규정에 따릅니다.
◆ 이용 업체에 대한 전반적인 이용 정보(운영 사항, 유의 사항, 안전 점검, 편의 시설 등)는 꼭 방문 전 아래 홈페이지를 클릭하셔서 확인하시길 바랍니다.
★ 홈페이지 : (클릭☞ 일산아쿠아플라넷 홈페이지 바로가기)
☎고객센터 연락처 : 02-536-0836
운영시간 [주중 및 주말 동일]
● 오전 10시 ~ 오후 4시
● 점심시간 : 12:00 ~13:00
※ 취소 및 환불문의
▷ 취소 및 환불 요청은 주중에 유선으로만 가능합니다.(취소 및 환불 요청 고객센터 ☎ 02-536-0836)
→ 토요일 및 일요일 그리고 공휴일은 제외","▷ 취소 및 환불 요청은 유선으로만 가능합니다.→ 토요일 및 일요일 그리고 공휴일은 제외(취소 및 환불 요청 고객센터 ☎ 02-536-0836)
→ 고객센터 운영시간[주중 및 주말 동일] : 오전 10시 ~ 오후 4시 / 점심시간 12:00~13:00
→ 고객센터 연락처 : 02-536-0836
▷ 취소 및 환불 규정은 `전자상거래등에서의 소비자보호에 관한 현행 법률`에 의거하여 작성되었습니다.
▷ 취소 및 환불은 수령하신 날로부터 7일 이내에만 가능합니다.
▷ 해당 상품은 임직원 대상 특별 할인 가격으로 판매하는 프로모션 상품입니다.
▷ 해당 상품은 이용권에 별도 표기 된 유효(이용) 기간 내 꼭 이용하셔야 합니다.
▷ 유효(이용) 기간 경과 시 별도 연장이나 취소가 안 되는 `자동 폐기 상품`입니다. (★유효 기간 연장 불가 상품!!)
▷ 부분적인 결제 취소나 부분적인 이용이 불가능한 상품입니다.(예시 : 5명일 경우 4장+1장 결제 or 2장+3장 결제)
▷ 고객 귀책 사유로 발생하는 취소 및 환불 금액에 대한 발송 및 이체 수수료는 고객이 부담하셔야 합니다.
→ 모바일 티켓 : 발송 및 취소 수수료 장당 1,000원 발생(예시 : 1,000원 X 5장 발송 = 5,000원)
→ 종이 티켓 : 폐문, 부재중, 주소 오류 등 고객 귀책 사유로 발송된 등기 반송 시 반송 비용은 고객이 부담하셔야 합니다. (반송 비용 6,000원)
→ 공통 : 환불 금액 입금 계좌가 하나은행이 아닌 타 은행인 경우 이체 수수료 500원이 발생합니다.",2026-09-30T04:41:33
279057,테마파크,아쿠아리움,제주,제주아쿠아플라넷,제주의 바다를 그대로 담은 국내 최대 아쿠아리움,43700,34300,22,이용권 제주아쿠아플라넷,1,"[{""option"": ""이용권 제주아쿠아플라넷"", ""detail_div"": ""대소공통"", ""week_div"": ""주중+주말"", ""list_price"": 43700, ""sale_price"": 34300, ""discount_pct"": 22, ""start_date"": ""0"", ""end_date"": ""60""}]",구매일,,60,0 ~ 60,모바일티켓;바로 사용가능,즉시발송,,LMS 문자,매표소 교환 / 바로 입장 | 모바일 이용권 현장 매표소 제시 후 이용 가능(재발송 가능 상품),100,"기한: 수령 후 7일 이내 | 수수료: 발송·취소 장당 1,000원 | 불가: 부분취소, 기간경과 | 접수: 유선",아쿠아플라넷 제주,제주특별자치도서귀포시 성산읍 섭지,064-780-0900,https://www.aquaplanet.co.kr/jeju/index.do,모바일티켓,바로 사용가능,사용안함,[유효 ~ 60일],,"[필독!! 발송정보]
◇ 바로 발송 가능 상품 : `결제(입금) 완료` 건에 한해서 모바일 이용권이 20분이내 휴대폰 번호로 발송(미수신 시 휴대폰 차단 기능 확인!!)
◇ 수신 후 바로 사용 가능 : 모바일 이용권 수신 후 바로 사용 가능, 결제 내역으로는 이용 불가합니다.
※ 문자발송번호 : 02-536-0836
[필독!! 이용정보]
◆ 유효 기간 : 옵션 별 상이
◆ 이용 업체 : 제주아쿠아플라넷
◆ 운영 일정 : 이용업체 홈페이지 참조 필수
◆ 구매 수량 : 1인당 10매까지 구입 가능
◆ 이용 방법 : 모바일 이용권 현장 매표소 제시 후 이용 가능(재발송 가능 상품)
◆ 권종 구분 : 대인/소인/주중/주말ㆍ공휴일 구분없이 1인 1매 (36개월 미만 아기는 보호자 신분증 및 확인서류 지참시에만 무료 이용 가능!!)
◆ 추가 할인 : 해당 상품은 할인 가격으로 판매되는 상품으로 추가 할인을 받으실 수 없습니다.
◆ 안내 사항 : 주말 및 성수기 기간 인원 초과 시 입장이 제한될 수 있으며, 시설 이용 제한 사항은 업체 규정에 따릅니다.
◆ 이용 업체에 대한 전반적인 이용 정보(운영 사항, 유의 사항, 안전 점검, 편의 시설 등)는 꼭 방문 전 아래 홈페이지를 클릭하셔서 확인하시길 바랍니다.
★ 홈페이지 : (클릭☞ 제주아쿠아플라넷 홈페이지 바로가기)
☎고객센터 연락처 : 02-536-0836
운영시간 [주중 및 주말 동일]
● 오전 10시 ~ 오후 4시
● 점심시간 : 12:00 ~13:00
※ 취소 및 환불문의
▷ 취소 및 환불 요청은 주중에 유선으로만 가능합니다.(취소 및 환불 요청 고객센터 ☎ 02-536-0836)
→ 토요일 및 일요일 그리고 공휴일은 제외","▷ 취소 및 환불 요청은 유선으로만 가능합니다.→ 토요일 및 일요일 그리고 공휴일은 제외(취소 및 환불 요청 고객센터 ☎ 02-536-0836)
→ 고객센터 운영시간[주중 및 주말 동일] : 오전 10시 ~ 오후 4시 / 점심시간 12:00~13:00
→ 고객센터 연락처 : 02-536-0836
▷ 취소 및 환불 규정은 `전자상거래등에서의 소비자보호에 관한 현행 법률`에 의거하여 작성되었습니다.
▷ 취소 및 환불은 수령하신 날로부터 7일 이내에만 가능합니다.
▷ 해당 상품은 임직원 대상 특별 할인 가격으로 판매하는 프로모션 상품입니다.
▷ 해당 상품은 이용권에 별도 표기 된 유효(이용) 기간 내 꼭 이용하셔야 합니다.
▷ 유효(이용) 기간 경과 시 별도 연장이나 취소가 안 되는 `자동 폐기 상품`입니다. (★유효 기간 연장 불가 상품!!)
▷ 부분적인 결제 취소나 부분적인 이용이 불가능한 상품입니다.(예시 : 5명일 경우 4장+1장 결제 or 2장+3장 결제)
▷ 고객 귀책 사유로 발생하는 취소 및 환불 금액에 대한 발송 및 이체 수수료는 고객이 부담하셔야 합니다.
→ 모바일 티켓 : 발송 및 취소 수수료 장당 1,000원 발생(예시 : 1,000원 X 5장 발송 = 5,000원)
→ 종이 티켓 : 폐문, 부재중, 주소 오류 등 고객 귀책 사유로 발송된 등기 반송 시 반송 비용은 고객이 부담하셔야 합니다. (반송 비용 6,000원)
→ 공통 : 환불 금액 입금 계좌가 하나은행이 아닌 타 은행인 경우 이체 수수료 500원이 발생합니다.",2026-09-30T04:41:35
330316,워터파크,워터파크,제주,제주아쿠아나,남쪽의 최고 여행지 제주도!!,35000,18000,49,이용권 제주아쿠아나(~11/30),1,"[{""option"": ""이용권 제주아쿠아나(~11/30)"", ""detail_div"": ""대소공통"", ""week_div"": ""주중+주말"", ""list_price"": 35000, ""sale_price"": 18000, ""discount_pct"": 49, ""start_date"": ""2026-06-29"", ""end_date"": ""2026-11-30""}]",2026-06-29,2026-11-30,,2026-06-29 ~ 2026-11-30,모바일티켓;수령 후 사용 가능,수령후사용,,LMS 문자/순차 발송,QR/바코드 제시 / 매표소 교환 / 바로 입장 | LMS 바코드 문자 이용권 현장 매표소 제시 후 이용 가능(재발송 가능 상품),20,"기한: 수령 후 7일 이내 | 수수료: 발송·취소 장당 1,000원 | 불가: 부분취소, 기간경과 | 접수: 유선",제주아쿠아나,제주특별자치도 서귀포시 남원읍 태위로 522-12,064-766-8000,https://www.kumhoresort.co.kr/aquana/?khr=B1110,모바일티켓,수령 후 사용 가능,사용안함,[유효 ~ 26/11/30],,"[필독!! 발송정보]
◇ 순차 발송 상품 : 매일 23:30까지 결제(가상계좌 입금) 완료 건에 한해서 결제 확인 후부터 익일 09:30까지 모바일 이용권이 결제완료순으로 발송됩니다.(미수신 시 휴대폰 차단 기능 확인!!)
◇ 수신 후 바로 사용 가능 : LMS 바코드 이용권 문자 수신 후 바로 사용 가능, 결제 내역으로는 이용 불가합니다.
※ 주문량에 따라 발송 소요시간이 달라질 수 있습니다.
※ 문자발송번호 : 02-2055-0455
[필독!! 이용정보]
▶ 주문건 발송시간안내 [주중 및 주말 동일]
※ 바로사용가능 外 티켓은 하단내용 참고
● 오전 10시부터 ~ 오후 4시이전 주문건 1시간내로 발송
● 오후 4시이후부터 ~ 다음날 오전 10시이전 주문건은 오전 10시이후부터 1시간내로 발송
→ 고객센터 운영시간[주중 및 주말 동일] : 오전 10시 ~ 오후 4시 / 점심시간 12:00~13:00
→ 고객센터 연락처 : 02-536-0836
◆ 유효 기간 : ~ 2026년 11월 30일(월) 까지
※ 상품권종에 기재된 유효기간을 확인해주세요
◆ 이용 업체 : 제주아쿠아나
◆ 클린 데이 : 이용업체 홈페이지 참조 필수
◆ 구매 수량 : 1인당 10매까지 구입 가능
◆ 이용 방법 : LMS 바코드 문자 이용권 현장 매표소 제시 후 이용 가능(재발송 가능 상품)
◆ 권종 구분 : 대인/소인/주중/주말ㆍ공휴일 구분없이 1인 1매 (36개월 미만 아기는 보호자 신분증 및 확인서류 지참시에만 무료 이용 가능!!)
★ 구매 전 옵션 별 상품정보를 확인하세요!
◆ 추가 할인 : 해당 상품은 할인 가격으로 판매되는 상품으로 추가 할인을 받으실 수 없습니다.
◆ 안내 사항 : 주말 및 성수기 기간 인원 초과 시 입장이 제한될 수 있으며, 시설 이용 제한 사항은 업체 규정에 따릅니다.
◆ 이용 업체에 대한 전반적인 이용 정보(운영 사항, 유의 사항, 안전 점검, 편의 시설 등)는 꼭 방문 전 아래 홈페이지를 클릭하셔서 확인하시길 바랍니다.
★ 홈페이지 : (클릭☞ 제주아쿠아나 홈페이지 바로가기)
☎고객센터 연락처 : 02-536-0836
운영시간 [주중 및 주말 동일]
● 오전 10시 ~ 오후 4시
● 점심시간 : 12:00 ~13:00
※ 취소 및 환불문의
▷ 취소 및 환불 요청은 주중에 유선으로만 가능합니다.(취소 및 환불 요청 고객센터 ☎ 02-536-0836)
→ 토요일 및 일요일 그리고 공휴일은 제외","▷ 취소 및 환불 요청은 유선으로만 가능합니다.→ 토요일 및 일요일 그리고 공휴일은 제외(취소 및 환불 요청 고객센터 ☎ 02-536-0836)
→ 고객센터 운영시간[주중 및 주말 동일] : 오전 10시 ~ 오후 4시 / 점심시간 12:00~13:00
→ 고객센터 연락처 : 02-536-0836
▷ 취소 및 환불 규정은 `전자상거래등에서의 소비자보호에 관한 현행 법률`에 의거하여 작성되었습니다.
▷ 취소 및 환불은 수령하신 날로부터 7일 이내에만 가능합니다.
▷ 해당 상품은 임직원 대상 특별 할인 가격으로 판매하는 프로모션 상품입니다.
▷ 해당 상품은 이용권에 별도 표기 된 유효(이용) 기간 내 꼭 이용하셔야 합니다.
▷ 유효(이용) 기간 경과 시 별도 연장이나 취소가 안 되는 `자동 폐기 상품`입니다. (★유효 기간 연장 불가 상품!!)
▷ 부분적인 결제 취소나 부분적인 이용이 불가능한 상품입니다.(예시 : 5명일 경우 4장+1장 결제 or 2장+3장 결제)
▷ 고객 귀책 사유로 발생하는 취소 및 환불 금액에 대한 발송 및 이체 수수료는 고객이 부담하셔야 합니다.
→ 모바일 티켓 : 발송 및 취소 수수료 장당 1,000원 발생(예시 : 1,000원 X 5장 발송 = 5,000원)
→ 종이 티켓 : 폐문, 부재중, 주소 오류 등 고객 귀책 사유로 발송된 등기 반송 시 반송 비용은 고객이 부담하셔야 합니다. (반송 비용 6,000원)
→ 공통 : 환불 금액 입금 계좌가 하나은행이 아닌 타 은행인 경우 이체 수수료 500원이 발생합니다.",2026-09-30T04:41:38
328292,워터파크,워터파크,부산,센텀 스파랜드,품격 있는 힐링공간에서 즐기는 다양한 스파,26000,20500,21,4시간이용권 센텀스파랜드(~10/29),1,"[{""option"": ""4시간이용권 센텀스파랜드(~10/29)"", ""detail_div"": ""대소공통"", ""week_div"": ""주중+주말"", ""list_price"": 26000, ""sale_price"": 20500, ""discount_pct"": 21, ""start_date"": ""2026-07-01"", ""end_date"": ""2026-10-29""}]",2026-07-01,2026-10-29,,2026-07-01 ~ 2026-10-29,모바일티켓;수령 후 사용 가능,수령후사용,,LMS 문자/순차 발송,매표소 교환 / 바로 입장 | 모바일 이용권 현장 매표소 제시 후 이용 가능(재발송 가능 상품),20,"기한: 수령 후 7일 이내 | 수수료: 발송·취소 장당 1,000원 | 불가: 부분취소, 기간경과 | 접수: 유선",센텀 스파랜드,부산 해운대구 센텀남대로 35 신세계백화점센텀시티점,1668-2850,https://www.shinsegae.com/store/entertainment/centum-spaland.do?storeCd=SC00008,모바일티켓,수령 후 사용 가능,사용안함,[유효 ~ 26/10/29],,"[필독!! 발송정보]
◇ 순차 발송 상품 : 매일 23:30까지 결제(가상계좌 입금) 완료 건에 한해서 결제 확인 후부터 익일 09:30까지 모바일 이용권이 결제완료순으로 발송됩니다.(미수신 시 휴대폰 차단 기능 확인!!)
◇ 수신 후 바로 사용 가능 : 모바일 이용권 수신 후 바로 사용 가능, 결제 내역으로는 이용 불가합니다.
※ 주문량에 따라 발송 소요시간이 달라질 수 있습니다.
※ 문자발송번호 : 02-2055-0455
[필독!! 이용정보]
▶ 주문건 발송시간안내 [주중 및 주말 동일]
※ 바로사용가능 外 티켓은 하단내용 참고
● 오전 10시부터 ~ 오후 4시이전 주문건 1시간내로 발송
● 오후 4시이후부터 ~ 다음날 오전 10시이전 주문건은 오전 10시이후부터 1시간내로 발송
→ 고객센터 운영시간[주중 및 주말 동일] : 오전 10시 ~ 오후 4시 / 점심시간 12:00~13:00
→ 고객센터 연락처 : 02-536-0836
◆ 유효 기간 : ~ 2026년 10월 29일(목) 까지
◆ 이용 업체 : 센텀 스파랜드
◆ 운영 일정 : 이용업체 홈페이지 참조 필수
◆ 구매 수량 : 1인당 10매까지 구입 가능
◆ 이용 방법 : 모바일 이용권 현장 매표소 제시 후 이용 가능(재발송 가능 상품)
◆ 권종 구분 : 대인/소인/주중/주말ㆍ공휴일 구분없이 1인 1매
※ 만 8세 미만 입장 불가
◆ 추가 할인 : 해당 상품은 할인 가격으로 판매되는 상품으로 추가 할인을 받으실 수 없습니다.
◆ 안내 사항 : 주말 및 성수기 기간 인원 초과 시 입장이 제한될 수 있으며, 시설 이용 제한 사항은 업체 규정에 따릅니다.
◆ 이용 업체에 대한 전반적인 이용 정보(운영 사항, 유의 사항, 안전 점검, 편의 시설 등)는 꼭 방문 전 아래 홈페이지를 클릭하셔서 확인하시길 바랍니다.
★ 홈페이지 : (클릭☞ 센텀 스파랜드 홈페이지 바로가기)
☎고객센터 연락처 : 02-536-0836
운영시간 [주중 및 주말 동일]
● 오전 10시 ~ 오후 4시
● 점심시간 : 12:00 ~13:00
※ 취소 및 환불문의
▷ 취소 및 환불 요청은 주중에 유선으로만 가능합니다.(취소 및 환불 요청 고객센터 ☎ 02-536-0836)
→ 토요일 및 일요일 그리고 공휴일은 제외","▷ 취소 및 환불 요청은 유선으로만 가능합니다.→ 토요일 및 일요일 그리고 공휴일은 제외(취소 및 환불 요청 고객센터 ☎ 02-536-0836)
→ 고객센터 운영시간[주중 및 주말 동일] : 오전 10시 ~ 오후 4시 / 점심시간 12:00~13:00
→ 고객센터 연락처 : 02-536-0836
▷ 취소 및 환불 규정은 `전자상거래등에서의 소비자보호에 관한 현행 법률`에 의거하여 작성되었습니다.
▷ 취소 및 환불은 수령하신 날로부터 7일 이내에만 가능합니다.
▷ 해당 상품은 임직원 대상 특별 할인 가격으로 판매하는 프로모션 상품입니다.
▷ 해당 상품은 이용권에 별도 표기 된 유효(이용) 기간 내 꼭 이용하셔야 합니다.
▷ 유효(이용) 기간 경과 시 별도 연장이나 취소가 안 되는 `자동 폐기 상품`입니다.(★유효 기간 연장 불가 상품!!)
▷ 부분적인 결제 취소나 부분적인 이용이 불가능한 상품입니다.(예시 : 5명일 경우 4장+1장 결제 or 2장+3장 결제)
▷ 고객 귀책 사유로 발생하는 취소 및 환불 금액에 대한 발송 및 이체 수수료는 고객이 부담하셔야 합니다.
→ 모바일 티켓 : 발송 및 취소 수수료 장당 1,000원 발생(예시 : 1,000원 X 5장 발송 = 5,000원)
→ 종이 티켓 : 폐문, 부재중, 주소 오류 등 고객 귀책 사유로 발송된 등기 반송 시 반송 비용은 고객이 부담하셔야 합니다.(반송 비용 7,500원)
→ 공통 : 환불 금액 입금 계좌가 하나은행이 아닌 타 은행인 경우 이체 수수료 500원이 발생합니다.",2026-09-30T04:41:40
328481,숙박,숙박,아산,파라다이스 스파도고 캐빈파크,"낭만이 가득한 캠핑, 캐빈파크에서의 하룻밤!",160000,156000,3,디럭스 주중 하반기 로우시즌 ROOM ONLY 파라다이스스파도고캐빈파크,8,"[{""option"": ""디럭스 주중 하반기 로우시즌 ROOM ONLY 파라다이스스파도고캐빈파크"", ""detail_div"": """", ""week_div"": ""주중"", ""list_price"": 160000, ""sale_price"": 156000, ""discount_pct"": 3, ""start_date"": ""0"", ""end_date"": ""2026-10-31""}, {""option"": ""하이브로우 주중 하반기 로우시즌 ROOM ONLY 파라다이스스파도고캐빈파크"", ""detail_div"": """", ""week_div"": ""주중"", ""list_price"": 170000, ""sale_price"": 165000, ""discount_pct"": 3, ""start_date"": ""0"", ""end_date"": ""2026-10-31""}, {""option"": ""디럭스 주중 하반기 로우시즌 파라다이스스파도고캐빈파크"", ""detail_div"": """", ""week_div"": ""주중"", ""list_price"": 210000, ""sale_price"": 200000, ""discount_pct"": 5, ""start_date"": ""0"", ""end_date"": ""2026-10-31""}, {""option"": ""하이브로우 주중 하반기 로우시즌 파라다이스스파도고캐빈파크"", ""detail_div"": """", ""week_div"": ""주중"", ""list_price"": 220000, ""sale_price"": 209000, ""discount_pct"": 5, ""start_date"": ""0"", ""end_date"": ""2026-10-31""}, {""option"": ""디럭스 주말 하반기 로우시즌 ROOM ONLY 파라다이스스파도고캐빈파크"", ""detail_div"": """", ""week_div"": ""주말"", ""list_price"": 235500, ""sale_price"": 228000, ""discount_pct"": 3, ""start_date"": ""0"", ""end_date"": ""2026-10-31""}, {""option"": ""하이브로우 주말 하반기 로우시즌 ROOM ONLY 파라다이스스파도고캐빈파크"", ""detail_div"": """", ""week_div"": ""주말"", ""list_price"": 244000, ""sale_price"": 234000, ""discount_pct"": 4, ""start_date"": ""0"", ""end_date"": ""2026-10-31""}, {""option"": ""디럭스 주말 하반기 로우시즌 파라다이스스파도고캐빈파크"", ""detail_div"": """", ""week_div"": ""주말"", ""list_price"": 310000, ""sale_price"": 293000, ""discount_pct"": 5, ""start_date"": ""0"", ""end_date"": ""2026-10-31""}, {""option"": ""하이브로우 주말 하반기 로우시즌 파라다이스스파도고캐빈파크"", ""detail_div"": """", ""week_div"": ""주말"", ""list_price"": 320000, ""sale_price"": 302000, ""discount_pct"": 6, ""start_date"": ""0"", ""end_date"": ""2026-10-31""}]",구매일,2026-10-31,,0 ~ 2026-10-31,모바일티켓;예약필수,예약대기,,LMS 문자,전화 예약 | 사전예약 후 방문,100,"수수료: D-3 기본수수료, D-2 10%, D-1 50% | 불가: 당일·노쇼 | 접수: 유선",파라다이스 스파도고,충청남도 아산시 도고면 도고온천로 176,041-537-7100,http://www.paradisespa.co.kr/,모바일티켓,예약필수,예약,[유효 ~ 26/10/31],,"[필독!! 예약대기 안내]
◆ 해당 상품에 대한 결제완료는 ""예약대기 접수 상태""이며, 예약 확정 상태가 아닙니다.
※ 예약대기 접수 상태 : 고객이 예약 요청한 객실에 대해 예약 진행을 할수 있는 상태
[필독!! 예약진행 안내]
1. 객실 및 체크인 일자 선택 후 결제까지 진행
※ 캐빈파크 전용 주차장을 이용하실 분은 메모란에 차량번호를 기재해주세요.(객실 당 1대만 가능합니다.)
예시) 123가1234
2. 결제완료된 예약 요청 건 예약 담당자가 확인 후 예약 가능 여부 회신
3. 예약 진행 안내
▷예약 가능 시 → 예약 확정완료 문자 발송
▷예약 불가 시 → 유선으로 안내 후 환불 접수
※ 예약 요청 정보 및 고객 정보(성함, 연락처)는 정확하게 기입 해 주셔야 합니다. (구매자의 정보 오류에 대한 책임은 구매자 귀책 사유입니다.)
[필독!! 이용정보]
※ROOM ONLY의 경우
- 스파 이용 불가
- 입실/퇴실 사우나만 이용 가능
- 입실 날 이용 원할 시 정상가 기준 30% 할인 금액으로 스파권 구매 가능합니다.
※보호자 없이 미성년자만 투숙 불가능합니다. 꼭 참고 후 구매 바랍니다.
※시즌 별 금액 상이합니다. 참고 바랍니다.
◆ 유효 기간 : ~ 2026년 10월 31일(토) 까지
◆ 이용 업체 : 파라다이스 스파도고 캐빈파크
◆ 클린 데이 : 이용업체 홈페이지 참조 필수
◆ 이용 방법 : 사전예약 후 방문
◆ 권종 구분
- 디럭스 카라반(기준인원 2인 및 최대 4인 추가 가능)
★ 구매 전 옵션 별 상품정보를 확인하세요!
※ 주중 : 월요일 ~ 목요일 / 주말 : 금요일 ~ 일요일, 공휴일 전일 및 공휴일
※ 인원추가 시, 1인 당 20,000원 현장 추가 결제(숙박 인원추가 시, 추가 인원 또한 무료로 스파 이용이 가능합니다.)
※ 캐빈파크 투숙 시[ROOM ONLY제외], 체크인 이후 스파시설, 체크아웃 당일 온천사우나만 이용 가능(체크인 이전 스파 이용불가 및 체크인 당일 온천대욕장 이용 불가. 단, 화요일 휴장으로 월요일 숙박객의 경우 당일 스파시설과 온천대욕장 이용 가능)
◆ 추가 할인 : 해당 상품은 할인 가격으로 판매되는 상품으로 추가 할인을 받으실 수 없습니다.
◆ 안내 사항 : 주말 및 성수기 기간 인원 초과 시 입장이 제한될 수 있으며, 시설 이용 제한 사항은 업체 규정에 따릅니다.
◆ 이용 업체에 대한 전반적인 이용 정보(운영 사항, 유의 사항, 안전 점검, 편의 시설 등)는 꼭 방문 전 아래 홈페이지를 클릭하셔서 확인하시길 바랍니다.
★ 홈페이지 : (클릭☞ 파라다이스 스파도고 홈페이지 바로가기)","[ 예약 후 취소 · 환불 안내 ]
▶ 예약일 기준 3일 전까지 기본 수수료(예약 전 발생하는 발송 취소 수수료) 발생.
▶ 예약일 기준 2일 전까지 10% 수수료 발생.
▶ 예약일 기준 1일 전까지 50% 수수료 발생.
▶ 예약일 당일 및 NO show 환불 불가.
▷ 취소 및 환불 요청은 유선으로만 가능합니다.(취소 및 환불 요청 고객센터 ☎ 02-536-0836)
→ 고객센터 운영시간[주중 및 주말 동일] : 오전 10시 ~ 오후 4시 / 점심시간 12:00~13:00
→ 고객센터 연락처 : 02-536-0836
→상담시간 외 문의 시 다음날 문의로 간주됩니다.",2026-09-30T04:41:43
328799,테마파크,테마파크,세종,세종공룡월드,시간 제한도 외출 제한도 없는 무제한 공룡 테마파크,18000,14400,20,주중종일권 세종공룡월드(~10/11),2,"[{""option"": ""주중종일권 세종공룡월드(~10/11)"", ""detail_div"": ""대소공통"", ""week_div"": ""주중"", ""list_price"": 18000, ""sale_price"": 14400, ""discount_pct"": 20, ""start_date"": ""0"", ""end_date"": ""2026-10-11""}, {""option"": ""주말/공휴일 종일권 세종공룡월드(~10/11)"", ""detail_div"": ""대소공통"", ""week_div"": ""주말"", ""list_price"": 20000, ""sale_price"": 16200, ""discount_pct"": 19, ""start_date"": ""0"", ""end_date"": ""2026-10-11""}]",구매일,2026-10-11,,0 ~ 2026-10-11,모바일티켓;바로 사용가능,즉시발송,엘에스컴퍼니,알림톡,매표소 교환 / 바로 입장 | 모바일 이용권 현장 매표소 제시 후 이용 가능(재발송 가능 상품),20,"기한: 수령 후 7일 이내 | 수수료: 발송·취소 장당 1,000원 | 불가: 부분취소, 기간경과 | 접수: 유선(주중)",세종 공룡월드,세종 국세청로 32 마크원에비뉴 A501호,044-864-0935,https://www.instagram.com/sejong_dino/=,모바일티켓,바로 사용가능,사용안함,[유효 ~ 26/10/11],,"[필독!! 발송정보]
◇ 바로 발송 가능 상품 : `결제(입금) 완료` 건에 한해서 모바일 이용권이 20분이내 휴대폰 번호로 발송(미수신 시 휴대폰 차단 기능 확인!!)
◇ 수신 후 바로 사용 가능 : 모바일 이용권 수신 후 바로 사용 가능, 결제 내역으로는 이용 불가합니다.
※ 카카오톡발송채널 : 엘에스컴퍼니
[필독!! 이용정보]
- 공휴일은 주말 요금으로 적용됩니다.
※ 당일 구매/사용 가능(방문 1시간 전 구매 필수)
- 휴무일정 : 매주 화요일 휴무(공휴일인 경우 주말 요금으로 정상 운영)
◆ 유효 기간 : ~26-10-11 까지
◆ 이용 업체 : 세종공룡월드
◆ 운영 일정 : 이용업체 홈페이지 참조 필수(매주 화요일 휴무)
◆ 구매 수량 : 1인당 10매까지 구입 가능
◆ 이용 방법 : 모바일 이용권 현장 매표소 제시 후 이용 가능(재발송 가능 상품)
◆ 권종 구분 : 대인/소인 구분없이 1인 1매 (12개월 미만 아기는 보호자 신분증 및 확인서류 지참시에만 무료 이용 가능!!)
★ 구매 전 옵션 별 상품정보를 확인하세요!(주중 또는 주말)
◆ 추가 할인 : 해당 상품은 할인 가격으로 판매되는 상품으로 추가 할인을 받으실 수 없습니다.
◆ 안내 사항 : 주말 및 성수기 기간 인원 초과 시 입장이 제한될 수 있으며, 시설 이용 제한 사항은 업체 규정에 따릅니다.
◆ 이용 업체에 대한 전반적인 이용 정보(운영 사항, 유의 사항, 안전 점검, 편의 시설 등)는 꼭 방문 전 아래 홈페이지를 클릭하셔서 확인하시길 바랍니다.
★ 홈페이지 : (클릭☞ 홈페이지 바로가기)","▷ 취소 및 환불 요청은 주중에 유선으로만 가능합니다.(취소 및 환불 요청 고객센터 ☎ 02-536-0836)
→ 고객센터 운영시간 : 평일 10:00~16:00 운영 / 점심시간 12:00~13:00
▷ 취소 및 환불 규정은 `전자상거래등에서의 소비자보호에 관한 현행 법률`에 의거하여 작성되었습니다.
▷ 취소 및 환불은 수령하신 날로부터 7일 이내에만 가능합니다.
▷ 해당 상품은 임직원 대상 특별 할인 가격으로 판매하는 프로모션 상품입니다.
▷ 해당 상품은 이용권에 별도 표기 된 유효(이용) 기간 내 꼭 이용하셔야 합니다.
▷ 유효(이용) 기간 경과 시 별도 연장이나 취소가 안 되는 `자동 폐기 상품`입니다.(★유효 기간 연장 불가 상품!!)
▷ 부분적인 결제 취소나 부분적인 이용이 불가능한 상품입니다.(예시 : 5명일 경우 4장+1장 결제 or 2장+3장 결제)
▷ 고객 귀책 사유로 발생하는 취소 및 환불 금액에 대한 발송 및 이체 수수료는 고객이 부담하셔야 합니다.
→ 모바일 티켓 : 발송 및 취소 수수료 장당 1,000원 발생(예시 : 1,000원 X 5장 발송 = 5,000원)
→ 종이 티켓 : 폐문, 부재중, 주소 오류 등 고객 귀책 사유로 발송된 등기 반송 시 반송 비용은 고객이 부담하셔야 합니다.(반송 비용 7,500원)
→ 공통 : 환불 금액 입금 계좌가 하나은행이 아닌 타 은행인 경우 이체 수수료 500원이 발생합니다.",2026-09-30T04:41:45
329686,테마파크,테마파크,시흥,시흥공룡월드,"시흥 공룡월드&키즈카페에서 볼거리, 즐길거리 가득 !",25000,19800,21,주중 종일권 시흥공룡월드(~12/31),2,"[{""option"": ""주중 종일권 시흥공룡월드(~12/31)"", ""detail_div"": ""대소공통"", ""week_div"": ""주중"", ""list_price"": 25000, ""sale_price"": 19800, ""discount_pct"": 21, ""start_date"": ""0"", ""end_date"": ""2026-12-31""}, {""option"": ""주말/공휴일 종일권 시흥공룡월드(~12/31)"", ""detail_div"": ""대소공통"", ""week_div"": ""주말"", ""list_price"": 28000, ""sale_price"": 22500, ""discount_pct"": 20, ""start_date"": ""0"", ""end_date"": ""2026-12-31""}]",구매일,2026-12-31,,0 ~ 2026-12-31,모바일티켓;바로 사용가능,즉시발송,엘에스컴퍼니,알림톡,매표소 교환 / 바로 입장 | 모바일 이용권 현장 매표소 제시 후 이용 가능(재발송 가능 상품),20,"기한: 수령 후 7일 이내 | 수수료: 발송·취소 장당 1,000원 | 불가: 부분취소, 기간경과 | 접수: 유선(주중)",시흥공룡월드,"경기 시흥시 은계호수로 49 지하1층 비077-1호,비077-2호",031-314-0101,https://www.instagram.com/siheung_dinoworld/?igsh=cm4zeWprMjNqaG9u&utm_source=qr/,모바일티켓,바로 사용가능,사용안함,[유효 ~ 26/12/31],,"[필독!! 발송정보]
◇ 바로 발송 가능 상품 : `결제(입금) 완료` 건에 한해서 모바일 이용권이 20분이내 휴대폰 번호로 발송(미수신 시 휴대폰 차단 기능 확인!!)
◇ 수신 후 바로 사용 가능 : 모바일 이용권 수신 후 바로 사용 가능, 결제 내역으로는 이용 불가합니다.
※ 카카오톡발송채널 : 엘에스컴퍼니
[필독!! 이용정보]
- 공휴일은 주말 요금으로 적용됩니다.
- 매주 화요일은 공연 진행없이 전시관 관람, 키즈카페, 체험장 등 이용 가능합니다.
- 방문 1시간전 구매 필수
◆ 유효 기간 : 2026-12-31 까지
◆ 이용 업체 : 시흥공룡월드
◆ 운영 일정 : 이용업체 홈페이지 참조 필수
◆ 구매 수량 : 1인당 10매까지 구입 가능
◆ 이용 방법 : 모바일 이용권 현장 매표소 제시 후 이용 가능(재발송 가능 상품)
◆ 권종 구분 : 대인/소인/주중/주말·공휴일 구분없이 1인 1매 (12개월 미만 아기는 보호자 신분증 및 확인서류 지참시에만 무료 이용 가능!!)
◆ 추가 할인 : 해당 상품은 할인 가격으로 판매되는 상품으로 추가 할인을 받으실 수 없습니다.
◆ 안내 사항 : 주말 및 성수기 기간 인원 초과 시 입장이 제한될 수 있으며, 시설 이용 제한 사항은 업체 규정에 따릅니다.
◆ 이용 업체에 대한 전반적인 이용 정보(운영 사항, 유의 사항, 안전 점검, 편의 시설 등)는 꼭 방문 전 아래 홈페이지를 클릭하셔서 확인하시길 바랍니다.
★ 홈페이지 : (클릭☞ 홈페이지 바로가기)","▷ 취소 및 환불 요청은 주중에 유선으로만 가능합니다.(취소 및 환불 요청 고객센터 ☎ 02-536-0836)
→ 고객센터 운영시간 : 평일 10:00~16:00 운영 / 점심시간 12:00~13:00
▷ 취소 및 환불 규정은 `전자상거래등에서의 소비자보호에 관한 현행 법률`에 의거하여 작성되었습니다.
▷ 취소 및 환불은 수령하신 날로부터 7일 이내에만 가능합니다.
▷ 해당 상품은 임직원 대상 특별 할인 가격으로 판매하는 프로모션 상품입니다.
▷ 해당 상품은 이용권에 별도 표기 된 유효(이용) 기간 내 꼭 이용하셔야 합니다.
▷ 유효(이용) 기간 경과 시 별도 연장이나 취소가 안 되는 `자동 폐기 상품`입니다.(★유효 기간 연장 불가 상품!!)
▷ 부분적인 결제 취소나 부분적인 이용이 불가능한 상품입니다.(예시 : 5명일 경우 4장+1장 결제 or 2장+3장 결제)
▷ 고객 귀책 사유로 발생하는 취소 및 환불 금액에 대한 발송 및 이체 수수료는 고객이 부담하셔야 합니다.
→ 모바일 티켓 : 발송 및 취소 수수료 장당 1,000원 발생(예시 : 1,000원 X 5장 발송 = 5,000원)
→ 종이 티켓 : 폐문, 부재중, 주소 오류 등 고객 귀책 사유로 발송된 등기 반송 시 반송 비용은 고객이 부담하셔야 합니다.(반송 비용 7,500원)
→ 공통 : 환불 금액 입금 계좌가 하나은행이 아닌 타 은행인 경우 이체 수수료 500원이 발생합니다.",2026-09-30T04:41:48
329749,테마파크,테마파크,아산,아산공룡월드,다양한 쇼와 공룡을 함께 즐기는 아산 공룡월드!,20000,16200,19,주중·주말공통 종일권 아산공룡월드(~12/31),1,"[{""option"": ""주중·주말공통 종일권 아산공룡월드(~12/31)"", ""detail_div"": ""대소공통"", ""week_div"": ""주중+주말"", ""list_price"": 20000, ""sale_price"": 16200, ""discount_pct"": 19, ""start_date"": ""0"", ""end_date"": ""2026-12-31""}]",구매일,2026-12-31,,0 ~ 2026-12-31,모바일티켓;바로 사용가능,즉시발송,엘에스컴퍼니,알림톡,매표소 교환 / 바로 입장 | 모바일 이용권 현장 매표소 제시 후 이용 가능(재발송 가능 상품),20,"기한: 수령 후 7일 이내 | 수수료: 발송·취소 장당 1,000원 | 불가: 부분취소, 기간경과 | 접수: 유선(주중)",아산 공룡월드,충남 아산시 둔포면 해위안길 127,041-536-0635,http://www.1stvillage.com/web/asanworld/,모바일티켓,바로 사용가능,사용안함,[유효 ~ 26/12/31],,"[필독!! 발송정보]
◇ 바로 발송 가능 상품 : `결제(입금) 완료` 건에 한해서 모바일 이용권이 20분이내 휴대폰 번호로 발송(미수신 시 휴대폰 차단 기능 확인!!)
◇ 수신 후 바로 사용 가능 : 모바일 이용권 수신 후 바로 사용 가능, 결제 내역으로는 이용 불가합니다.
※ 카카오톡발송채널 : 엘에스컴퍼니
[필독!! 이용정보]
※ 당일구매/당일사용 가능 (방문 1시간 전 구매 필수)
- 공연은 매주 화요일 휴무이나 백악기월드 관람 가능
◆ 유효 기간 : 2026-12-31 까지
◆ 이용 업체 : 아산공룡월드
◆ 운영 일정 : 이용업체 홈페이지 참조 필수
◆ 구매 수량 : 1인당 10매까지 구입 가능
◆ 이용 방법 : 모바일 이용권 현장 매표소 제시 후 이용 가능(재발송 가능 상품)
◆ 권종 구분 : 대인/소인/주중/주말·공휴일 구분없이 1인 1매 (12개월 미만 아기는 보호자 신분증 및 확인서류 지참시에만 무료 이용 가능!!)
◆ 추가 할인 : 해당 상품은 할인 가격으로 판매되는 상품으로 추가 할인을 받으실 수 없습니다.
◆ 안내 사항 : 주말 및 성수기 기간 인원 초과 시 입장이 제한될 수 있으며, 시설 이용 제한 사항은 업체 규정에 따릅니다.
◆ 이용 업체에 대한 전반적인 이용 정보(운영 사항, 유의 사항, 안전 점검, 편의 시설 등)는 꼭 방문 전 아래 홈페이지를 클릭하셔서 확인하시길 바랍니다.
★ 홈페이지 : (클릭☞ 홈페이지 바로가기)","▷ 취소 및 환불 요청은 주중에 유선으로만 가능합니다.(취소 및 환불 요청 고객센터 ☎ 02-536-0836)
→ 고객센터 운영시간 : 평일 10:00~16:00 운영 / 점심시간 12:00~13:00
▷ 취소 및 환불 규정은 `전자상거래등에서의 소비자보호에 관한 현행 법률`에 의거하여 작성되었습니다.
▷ 취소 및 환불은 수령하신 날로부터 7일 이내에만 가능합니다.
▷ 해당 상품은 임직원 대상 특별 할인 가격으로 판매하는 프로모션 상품입니다.
▷ 해당 상품은 이용권에 별도 표기 된 유효(이용) 기간 내 꼭 이용하셔야 합니다.
▷ 유효(이용) 기간 경과 시 별도 연장이나 취소가 안 되는 `자동 폐기 상품`입니다.(★유효 기간 연장 불가 상품!!)
▷ 부분적인 결제 취소나 부분적인 이용이 불가능한 상품입니다.(예시 : 5명일 경우 4장+1장 결제 or 2장+3장 결제)
▷ 고객 귀책 사유로 발생하는 취소 및 환불 금액에 대한 발송 및 이체 수수료는 고객이 부담하셔야 합니다.
→ 모바일 티켓 : 발송 및 취소 수수료 장당 1,000원 발생(예시 : 1,000원 X 5장 발송 = 5,000원)
→ 종이 티켓 : 폐문, 부재중, 주소 오류 등 고객 귀책 사유로 발송된 등기 반송 시 반송 비용은 고객이 부담하셔야 합니다.(반송 비용 7,500원)
→ 공통 : 환불 금액 입금 계좌가 하나은행이 아닌 타 은행인 경우 이체 수수료 500원이 발생합니다.",2026-09-30T04:41:50
330064,테마파크,테마파크,용인,용인공룡월드,꿈과 상상력을 만드는 용인 대형 키즈카페!,22000,18000,18,주중종일권 용인공룡월드(~12/31),2,"[{""option"": ""주중종일권 용인공룡월드(~12/31)"", ""detail_div"": ""대소공통"", ""week_div"": ""주중"", ""list_price"": 22000, ""sale_price"": 18000, ""discount_pct"": 18, ""start_date"": ""0"", ""end_date"": ""2026-12-31""}, {""option"": ""주말/공휴일 종일권 용인공룡월드(~12/31)"", ""detail_div"": ""대소공통"", ""week_div"": ""주말"", ""list_price"": 25000, ""sale_price"": 20700, ""discount_pct"": 17, ""start_date"": ""0"", ""end_date"": ""2026-12-31""}]",구매일,2026-12-31,,0 ~ 2026-12-31,모바일티켓;바로 사용가능,즉시발송,엘에스컴퍼니,알림톡,매표소 교환 / 바로 입장 | 모바일 이용권 현장 매표소 제시 후 이용 가능(재발송 가능 상품),20,"기한: 수령 후 7일 이내 | 수수료: 발송·취소 장당 1,000원 | 불가: 부분취소, 기간경과 | 접수: 유선(주중)",용인 공룡월드,경기 용인시 처인구 중부대로 1294 4층호,031-338-3100,https://www.instagram.com/yongin_dinoworld/,모바일티켓,바로 사용가능,사용안함,[유효 ~ 26/12/31],,"[필독!! 발송정보]
◇ 바로 발송 가능 상품 : `결제(입금) 완료` 건에 한해서 모바일 이용권이 20분이내 휴대폰 번호로 발송(미수신 시 휴대폰 차단 기능 확인!!)
◇ 수신 후 바로 사용 가능 : 모바일 이용권 수신 후 바로 사용 가능, 결제 내역으로는 이용 불가합니다.
※ 카카오톡발송채널 : 엘에스컴퍼니
[필독!! 이용정보]
- 공휴일은 주말 요금으로 적용됩니다.
- 매주 화요일은 현장 발권만 가능합니다.
※ 당일 구매/사용 가능(방문 1시간 전 구매 필수)
◆ 유효 기간 : ~ 2026-12-31 까지
◆ 이용 업체 : 용인공룡월드
◆ 운영 일정 : 이용업체 홈페이지 참조 필수
◆ 구매 수량 : 1인당 10매까지 구입 가능
◆ 이용 방법 : 모바일 이용권 현장 매표소 제시 후 이용 가능(재발송 가능 상품)
◆ 권종 구분 : 대인/소인 구분없이 1인 1매 (12개월 미만 아기는 보호자 신분증 및 확인서류 지참시에만 무료 이용 가능!!)
★ 구매 전 옵션 별 상품정보를 확인하세요!(주중 또는 주말)
◆ 추가 할인 : 해당 상품은 할인 가격으로 판매되는 상품으로 추가 할인을 받으실 수 없습니다.
◆ 안내 사항 : 주말 및 성수기 기간 인원 초과 시 입장이 제한될 수 있으며, 시설 이용 제한 사항은 업체 규정에 따릅니다.
◆ 이용 업체에 대한 전반적인 이용 정보(운영 사항, 유의 사항, 안전 점검, 편의 시설 등)는 꼭 방문 전 아래 홈페이지를 클릭하셔서 확인하시길 바랍니다.
★ 홈페이지 : (클릭☞ 홈페이지 바로가기)","▷ 취소 및 환불 요청은 주중에 유선으로만 가능합니다.(취소 및 환불 요청 고객센터 ☎ 02-536-0836)
→ 고객센터 운영시간 : 평일 10:00~16:00 운영 / 점심시간 12:00~13:00
▷ 취소 및 환불 규정은 `전자상거래등에서의 소비자보호에 관한 현행 법률`에 의거하여 작성되었습니다.
▷ 취소 및 환불은 수령하신 날로부터 7일 이내에만 가능합니다.
▷ 해당 상품은 임직원 대상 특별 할인 가격으로 판매하는 프로모션 상품입니다.
▷ 해당 상품은 이용권에 별도 표기 된 유효(이용) 기간 내 꼭 이용하셔야 합니다.
▷ 유효(이용) 기간 경과 시 별도 연장이나 취소가 안 되는 `자동 폐기 상품`입니다.(★유효 기간 연장 불가 상품!!)
▷ 부분적인 결제 취소나 부분적인 이용이 불가능한 상품입니다.(예시 : 5명일 경우 4장+1장 결제 or 2장+3장 결제)
▷ 고객 귀책 사유로 발생하는 취소 및 환불 금액에 대한 발송 및 이체 수수료는 고객이 부담하셔야 합니다.
→ 모바일 티켓 : 발송 및 취소 수수료 장당 1,000원 발생(예시 : 1,000원 X 5장 발송 = 5,000원)
→ 종이 티켓 : 폐문, 부재중, 주소 오류 등 고객 귀책 사유로 발송된 등기 반송 시 반송 비용은 고객이 부담하셔야 합니다.(반송 비용 7,500원)
→ 공통 : 환불 금액 입금 계좌가 하나은행이 아닌 타 은행인 경우 이체 수수료 500원이 발생합니다.",2026-09-30T04:41:53
329875,테마파크,테마파크,동탄,동탄공룡월드,"동탄공룡월드 볼거리, 즐길거리 가득 ! 꿈과 상상력을 만드는곳!",12000,8700,28,주중 종일대인권 동탄공룡월드(~12/31),4,"[{""option"": ""주중 종일대인권 동탄공룡월드(~12/31)"", ""detail_div"": ""대인"", ""week_div"": ""주중"", ""list_price"": 12000, ""sale_price"": 8700, ""discount_pct"": 28, ""start_date"": ""0"", ""end_date"": ""2026-12-31""}, {""option"": ""주말/공휴일 종일대인권 동탄공룡월드(~12/31)"", ""detail_div"": ""대인"", ""week_div"": ""주말"", ""list_price"": 15000, ""sale_price"": 10800, ""discount_pct"": 28, ""start_date"": ""0"", ""end_date"": ""2026-12-31""}, {""option"": ""주중 종일소인권 동탄공룡월드(~12/31)"", ""detail_div"": ""소인"", ""week_div"": ""주중"", ""list_price"": 20000, ""sale_price"": 14400, ""discount_pct"": 28, ""start_date"": ""0"", ""end_date"": ""2026-12-31""}, {""option"": ""주말/공휴일 종일소인권 동탄공룡월드(~12/31)"", ""detail_div"": ""소인"", ""week_div"": ""주말"", ""list_price"": 22000, ""sale_price"": 15900, ""discount_pct"": 28, ""start_date"": ""0"", ""end_date"": ""2026-12-31""}]",구매일,2026-12-31,,0 ~ 2026-12-31,모바일티켓;바로 사용가능,즉시발송,엘에스컴퍼니,알림톡,매표소 교환 / 바로 입장 | 모바일 이용권 현장 매표소 제시 후 이용 가능(재발송 가능 상품),20,"기한: 수령 후 7일 이내 | 수수료: 발송·취소 장당 1,000원 | 불가: 부분취소, 기간경과 | 접수: 유선(주중)",동탄 공룡월드,경기 화성시 동탄순환대로27길 30 가동 2층,031-377-3123,https://map.naver.com/p/search/%EA%B3%B5%EB%A3%A1%EC%9B%94%EB%93%9C/place/2057427221?placePath=/home?entry=pll&from=map&fromNxList=true&fromPanelNum=2&timestamp=202511061155&locale=ko&svcName=map_pcv5&searchText=%EA%B3%B5%EB%A3%A1%EC%9B%94%EB%93%9C&searchType=place/,모바일티켓,바로 사용가능,사용안함,[유효 ~ 26/12/31],,"[필독!! 발송정보]
◇ 바로 발송 가능 상품 : `결제(입금) 완료` 건에 한해서 모바일 이용권이 20분이내 휴대폰 번호로 발송(미수신 시 휴대폰 차단 기능 확인!!)
◇ 수신 후 바로 사용 가능 : 모바일 이용권 수신 후 바로 사용 가능, 결제 내역으로는 이용 불가합니다.
※ 카카오톡발송채널 : 엘에스컴퍼니
[필독!! 이용정보]
- 공휴일은 주말 요금으로 적용됩니다.
- 매주 화요일은 공연 진행없이 전시관 관람, 키즈카페 등 이용 가능합니다.
- 방문 1시간전 구매 필수
◆ 유효 기간 : ~ 2026-12-31 까지
◆ 이용 업체 : 동탄공룡월드
◆ 운영 일정 : 이용업체 홈페이지 참조 필수
◆ 구매 수량 : 1인당 10매까지 구입 가능
◆ 이용 방법 : 모바일 이용권 현장 매표소 제시 후 이용 가능(재발송 가능 상품)
◆ 권종 구분 : 대인/소인/주중/주말·공휴일 구분없이 1인 1매 (12개월 미만 아기는 보호자 신분증 및 확인서류 지참시에만 무료 이용 가능!!)
◆ 추가 할인 : 해당 상품은 할인 가격으로 판매되는 상품으로 추가 할인을 받으실 수 없습니다.
◆ 안내 사항 : 주말 및 성수기 기간 인원 초과 시 입장이 제한될 수 있으며, 시설 이용 제한 사항은 업체 규정에 따릅니다.
◆ 이용 업체에 대한 전반적인 이용 정보(운영 사항, 유의 사항, 안전 점검, 편의 시설 등)는 꼭 방문 전 아래 홈페이지를 클릭하셔서 확인하시길 바랍니다.
★ 홈페이지 : (클릭☞ 홈페이지 바로가기)","▷ 취소 및 환불 요청은 주중에 유선으로만 가능합니다.(취소 및 환불 요청 고객센터 ☎ 02-536-0836)
→ 고객센터 운영시간 : 평일 10:00~16:00 운영 / 점심시간 12:00~13:00
▷ 취소 및 환불 규정은 `전자상거래등에서의 소비자보호에 관한 현행 법률`에 의거하여 작성되었습니다.
▷ 취소 및 환불은 수령하신 날로부터 7일 이내에만 가능합니다.
▷ 해당 상품은 임직원 대상 특별 할인 가격으로 판매하는 프로모션 상품입니다.
▷ 해당 상품은 이용권에 별도 표기 된 유효(이용) 기간 내 꼭 이용하셔야 합니다.
▷ 유효(이용) 기간 경과 시 별도 연장이나 취소가 안 되는 `자동 폐기 상품`입니다.(★유효 기간 연장 불가 상품!!)
▷ 부분적인 결제 취소나 부분적인 이용이 불가능한 상품입니다.(예시 : 5명일 경우 4장+1장 결제 or 2장+3장 결제)
▷ 고객 귀책 사유로 발생하는 취소 및 환불 금액에 대한 발송 및 이체 수수료는 고객이 부담하셔야 합니다.
→ 모바일 티켓 : 발송 및 취소 수수료 장당 1,000원 발생(예시 : 1,000원 X 5장 발송 = 5,000원)
→ 종이 티켓 : 폐문, 부재중, 주소 오류 등 고객 귀책 사유로 발송된 등기 반송 시 반송 비용은 고객이 부담하셔야 합니다.(반송 비용 7,500원)
→ 공통 : 환불 금액 입금 계좌가 하나은행이 아닌 타 은행인 경우 이체 수수료 500원이 발생합니다.",2026-09-30T04:41:55
329812,테마파크,테마파크,인천,인천공룡월드,아이와 함께 가볼만한 곳으로 입소문이 자자한 인천대형키즈카페!,22000,18000,18,주중종일권 인천공룡월드(~12/31),2,"[{""option"": ""주중종일권 인천공룡월드(~12/31)"", ""detail_div"": ""대소공통"", ""week_div"": ""주중"", ""list_price"": 22000, ""sale_price"": 18000, ""discount_pct"": 18, ""start_date"": ""0"", ""end_date"": ""2026-12-31""}, {""option"": ""주말/공휴일 종일권 인천공룡월드(~12/31)"", ""detail_div"": ""대소공통"", ""week_div"": ""주말"", ""list_price"": 25000, ""sale_price"": 20700, ""discount_pct"": 17, ""start_date"": ""0"", ""end_date"": ""2026-12-31""}]",구매일,2026-12-31,,0 ~ 2026-12-31,모바일티켓;바로 사용가능,즉시발송,엘에스컴퍼니,알림톡,매표소 교환 / 바로 입장 | 모바일 이용권 현장 매표소 제시 후 이용 가능(재발송 가능 상품),20,"기한: 수령 후 7일 이내 | 수수료: 발송·취소 장당 1,000원 | 불가: 부분취소, 기간경과 | 접수: 유선(주중)",인천 공룡월드,인천 연수구 첨단대로 104 연구동 3층,032-811-2200,https://www.instagram.com/incheon_dinoworld/,모바일티켓,바로 사용가능,사용안함,[유효 ~ 26/12/31],,"[필독!! 발송정보]
◇ 바로 발송 가능 상품 : `결제(입금) 완료` 건에 한해서 모바일 이용권이 20분이내 휴대폰 번호로 발송(미수신 시 휴대폰 차단 기능 확인!!)
◇ 수신 후 바로 사용 가능 : 모바일 이용권 수신 후 바로 사용 가능, 결제 내역으로는 이용 불가합니다.
※ 카카오톡발송채널 : 엘에스컴퍼니
[필독!! 이용정보]
- 공휴일은 주말 요금으로 적용됩니다.
※ 당일구매/당일사용 가능 (방문 1시간 전 구매 필수)
-매주 화요일은 현장 발권만 가능합니다.
◆ 유효 기간 : ~2026-12-31 까지
◆ 이용 업체 : 인천공룡월드
◆ 운영 일정 : 이용업체 홈페이지 참조 필수
◆ 구매 수량 : 1인당 10매까지 구입 가능
◆ 이용 방법 : 모바일 이용권 현장 매표소 제시 후 이용 가능(재발송 가능 상품)
◆ 권종 구분 : 대인/소인 구분없이 1인 1매 (12개월 미만 아기는 보호자 신분증 및 확인서류 지참시에만 무료 이용 가능!!)
★ 구매 전 옵션 별 상품정보를 확인하세요!(주중 또는 주말)
◆ 추가 할인 : 해당 상품은 할인 가격으로 판매되는 상품으로 추가 할인을 받으실 수 없습니다.
◆ 안내 사항 : 주말 및 성수기 기간 인원 초과 시 입장이 제한될 수 있으며, 시설 이용 제한 사항은 업체 규정에 따릅니다.
◆ 이용 업체에 대한 전반적인 이용 정보(운영 사항, 유의 사항, 안전 점검, 편의 시설 등)는 꼭 방문 전 아래 홈페이지를 클릭하셔서 확인하시길 바랍니다.
★ 홈페이지 : (클릭☞ 홈페이지 바로가기)","▷ 취소 및 환불 요청은 주중에 유선으로만 가능합니다.(취소 및 환불 요청 고객센터 ☎ 02-536-0836)
→ 고객센터 운영시간 : 평일 10:00~16:00 운영 / 점심시간 12:00~13:00
▷ 취소 및 환불 규정은 `전자상거래등에서의 소비자보호에 관한 현행 법률`에 의거하여 작성되었습니다.
▷ 취소 및 환불은 수령하신 날로부터 7일 이내에만 가능합니다.
▷ 해당 상품은 임직원 대상 특별 할인 가격으로 판매하는 프로모션 상품입니다.
▷ 해당 상품은 이용권에 별도 표기 된 유효(이용) 기간 내 꼭 이용하셔야 합니다.
▷ 유효(이용) 기간 경과 시 별도 연장이나 취소가 안 되는 `자동 폐기 상품`입니다.(★유효 기간 연장 불가 상품!!)
▷ 부분적인 결제 취소나 부분적인 이용이 불가능한 상품입니다.(예시 : 5명일 경우 4장+1장 결제 or 2장+3장 결제)
▷ 고객 귀책 사유로 발생하는 취소 및 환불 금액에 대한 발송 및 이체 수수료는 고객이 부담하셔야 합니다.
→ 모바일 티켓 : 발송 및 취소 수수료 장당 1,000원 발생(예시 : 1,000원 X 5장 발송 = 5,000원)
→ 종이 티켓 : 폐문, 부재중, 주소 오류 등 고객 귀책 사유로 발송된 등기 반송 시 반송 비용은 고객이 부담하셔야 합니다.(반송 비용 7,500원)
→ 공통 : 환불 금액 입금 계좌가 하나은행이 아닌 타 은행인 경우 이체 수수료 500원이 발생합니다.",2026-09-30T04:41:58
327662,테마파크,테마파크,천안,천안 공룡월드&키즈카페,천안 아이와 함께 가볼만한곳!,23000,17900,22,주중 종일권 천안공룡월드(~10/31),2,"[{""option"": ""주중 종일권 천안공룡월드(~10/31)"", ""detail_div"": ""대소공통"", ""week_div"": ""주중"", ""list_price"": 23000, ""sale_price"": 17900, ""discount_pct"": 22, ""start_date"": ""0"", ""end_date"": ""2026-10-31""}, {""option"": ""주말 종일권 천안공룡월드(~10/31)"", ""detail_div"": ""대소공통"", ""week_div"": ""주말"", ""list_price"": 25000, ""sale_price"": 19900, ""discount_pct"": 20, ""start_date"": ""0"", ""end_date"": ""2026-10-31""}]",구매일,2026-10-31,,0 ~ 2026-10-31,모바일티켓;바로 사용가능,즉시발송,엘에스컴퍼니,알림톡,매표소 교환 / 바로 입장 | 모바일 이용권 현장 매표소 제시 후 이용 가능(재발송 가능 상품),20,"기한: 수령 후 7일 이내 | 수수료: 발송·취소 장당 1,000원 | 불가: 부분취소, 기간경과 | 접수: 유선(주중)",천안 공룡월드,충남 천안시 동남구 청수11로 35 9층,041-522-7890,,모바일티켓,바로 사용가능,사용안함,[유효 ~ 26/10/31],,"[필독!! 발송정보]
◇ 바로 발송 가능 상품 : `결제(입금) 완료` 건에 한해서 모바일 이용권이 20분이내 휴대폰 번호로 발송(미수신 시 휴대폰 차단 기능 확인!!)
◇ 수신 후 바로 사용 가능 : 모바일 이용권 수신 후 바로 사용 가능, 결제 내역으로는 이용 불가합니다.
※ 카카오톡발송채널 : 엘에스컴퍼니
[필독!! 이용정보]
- 공휴일은 주말 요금으로 적용됩니다.
※ 당일구매/당일사용 가능 (방문 1시간 전 구매 필수)
◆ 유효 기간 : ~26/10/31 까지
◆ 이용 업체 : 천안공룡월드
◆ 운영 일정 : 이용업체 홈페이지 참조 필수
◆ 구매 수량 : 1인당 10매까지 구입 가능
◆ 이용 방법 : 모바일 이용권 현장 매표소 제시 후 이용 가능(재발송 가능 상품)
◆ 권종 구분 : 대인/소인 구분없이 1인 1매
◆ 추가 할인 : 해당 상품은 할인 가격으로 판매되는 상품으로 추가 할인을 받으실 수 없습니다.
◆ 안내 사항 : 주말 및 성수기 기간 인원 초과 시 입장이 제한될 수 있으며, 시설 이용 제한 사항은 업체 규정에 따릅니다.
◆ 이용 업체에 대한 전반적인 이용 정보(운영 사항, 유의 사항, 안전 점검, 편의 시설 등)는 꼭 방문 전 홈페이지를 확인하시길 바랍니다.","▷ 취소 및 환불 요청은 주중에 유선으로만 가능합니다.(취소 및 환불 요청 고객센터 ☎ 02-536-0836)
→ 고객센터 운영시간 : 평일 10:00~16:00 운영 / 점심시간 12:00~13:00
▷ 취소 및 환불 규정은 `전자상거래등에서의 소비자보호에 관한 현행 법률`에 의거하여 작성되었습니다.
▷ 취소 및 환불은 수령하신 날로부터 7일 이내에만 가능합니다.
▷ 해당 상품은 임직원 대상 특별 할인 가격으로 판매하는 프로모션 상품입니다.
▷ 해당 상품은 이용권에 별도 표기 된 유효(이용) 기간 내 꼭 이용하셔야 합니다.
▷ 유효(이용) 기간 경과 시 별도 연장이나 취소가 안 되는 `자동 폐기 상품`입니다.(★유효 기간 연장 불가 상품!!)
▷ 부분적인 결제 취소나 부분적인 이용이 불가능한 상품입니다.(예시 : 5명일 경우 4장+1장 결제 or 2장+3장 결제)
▷ 고객 귀책 사유로 발생하는 취소 및 환불 금액에 대한 발송 및 이체 수수료는 고객이 부담하셔야 합니다.
→ 모바일 티켓 : 발송 및 취소 수수료 장당 1,000원 발생(예시 : 1,000원 X 5장 발송 = 5,000원)
→ 종이 티켓 : 폐문, 부재중, 주소 오류 등 고객 귀책 사유로 발송된 등기 반송 시 반송 비용은 고객이 부담하셔야 합니다.(반송 비용 7,500원)
→ 공통 : 환불 금액 입금 계좌가 하나은행이 아닌 타 은행인 경우 이체 수수료 500원이 발생합니다.",2026-09-30T04:42:00
329623,테마파크,테마파크,전국,히어로 플레이파크,"국내 최초 가족형 실내 놀이공원,미국식 초대형 테마파크!",30000,21600,28,대구점 반일 소인권 히어로플레이파크(5시간)(~10/31),20,"[{""option"": ""대구점 반일 소인권 히어로플레이파크(5시간)(~10/31)"", ""detail_div"": ""소인"", ""week_div"": ""주중+주말"", ""list_price"": 30000, ""sale_price"": 21600, ""discount_pct"": 28, ""start_date"": ""0"", ""end_date"": ""2026-10-31""}, {""option"": ""대구점 보호자 입장권 히어로플레이파크(~10/31)"", ""detail_div"": ""대인"", ""week_div"": ""주중+주말"", ""list_price"": 10000, ""sale_price"": 6300, ""discount_pct"": 37, ""start_date"": ""0"", ""end_date"": ""2026-10-31""}, {""option"": ""부산정관점 반일 소인권 히어로플레이파크(5시간)(~10/31)"", ""detail_div"": ""소인"", ""week_div"": ""주중+주말"", ""list_price"": 30000, ""sale_price"": 21600, ""discount_pct"": 28, ""start_date"": ""0"", ""end_date"": ""2026-10-31""}, {""option"": ""부산정관점 보호자 입장권 히어로플레이파크(~10/31)"", ""detail_div"": ""대인"", ""week_div"": ""주중+주말"", ""list_price"": 10000, ""sale_price"": 6300, ""discount_pct"": 37, ""start_date"": ""0"", ""end_date"": ""2026-10-31""}, {""option"": ""김해점 반일 소인권 히어로플레이파크(5시간)(~10/31)"", ""detail_div"": ""소인"", ""week_div"": ""주중+주말"", ""list_price"": 30000, ""sale_price"": 21600, ""discount_pct"": 28, ""start_date"": ""0"", ""end_date"": ""2026-10-31""}, {""option"": ""김해점 보호자 입장권 히어로플레이파크(~10/31)"", ""detail_div"": ""대인"", ""week_div"": ""주중+주말"", ""list_price"": 10000, ""sale_price"": 6300, ""discount_pct"": 37, ""start_date"": ""0"", ""end_date"": ""2026-10-31""}, {""option"": ""의정부점 반일 소인권 히어로플레이파크(5시간)(~10/31)"", ""detail_div"": ""소인"", ""week_div"": ""주중+주말"", ""list_price"": 30000, ""sale_price"": 13900, ""discount_pct"": 54, ""start_date"": ""0"", ""end_date"": ""2026-10-31""}, {""option"": ""의정부점 보호자 입장권 히어로플레이파크(5시간)(~10/31)"", ""detail_div"": ""대인"", ""week_div"": ""주중+주말"", ""list_price"": 30000, ""sale_price"": 6300, ""discount_pct"": 79, ""start_date"": ""0"", ""end_date"": ""2026-10-31""}, {""option"": ""창원마산점 반일 소인권 히어로플레이파크(5시간)(~10/31)"", ""detail_div"": ""소인"", ""week_div"": ""주중+주말"", ""list_price"": 30000, ""sale_price"": 21600, ""discount_pct"": 28, ""start_date"": ""0"", ""end_date"": ""2026-10-31""}, {""option"": ""창원마산점 보호자 입장권 히어로플레이파크(~10/31)"", ""detail_div"": ""대인"", ""week_div"": ""주중+주말"", ""list_price"": 10000, ""sale_price"": 8900, ""discount_pct"": 11, ""start_date"": ""0"", ""end_date"": ""2026-10-31""}, {""option"": ""경주점 반일 소인권 히어로플레이파크(5시간)(~10/31)"", ""detail_div"": ""소인"", ""week_div"": ""주중+주말"", ""list_price"": 30000, ""sale_price"": 21600, ""discount_pct"": 28, ""start_date"": ""0"", ""end_date"": ""2026-10-31""}, {""option"": ""경주점 보호자 입장권 히어로플레이파크(5시간)(~10/31)"", ""detail_div"": ""대인"", ""week_div"": ""주중+주말"", ""list_price"": 30000, ""sale_price"": 8900, ""discount_pct"": 70, ""start_date"": ""0"", ""end_date"": ""2026-10-31""}, {""option"": ""제주점 반일 소인권 히어로플레이파크(5시간)(~10/31)"", ""detail_div"": ""소인"", ""week_div"": ""주중+주말"", ""list_price"": 30000, ""sale_price"": 21600, ""discount_pct"": 28, ""start_date"": ""0"", ""end_date"": ""2026-10-31""}, {""option"": ""제주점 보호자 입장권 히어로플레이파크(~10/31)"", ""detail_div"": ""대인"", ""week_div"": ""주중+주말"", ""list_price"": 10000, ""sale_price"": 8900, ""discount_pct"": 11, ""start_date"": ""0"", ""end_date"": ""2026-10-31""}, {""option"": ""대구침산점 반일 소인권 히어로플레이파크(5시간)(~10/31)"", ""detail_div"": ""소인"", ""week_div"": ""주중+주말"", ""list_price"": 30000, ""sale_price"": 21600, ""discount_pct"": 28, ""start_date"": ""0"", ""end_date"": ""2026-10-31""}, {""option"": ""대구침산점 보호자 입장권 히어로플레이파크(~10/31)"", ""detail_div"": ""대인"", ""week_div"": ""주중+주말"", ""list_price"": 10000, ""sale_price"": 8900, ""discount_pct"": 11, ""start_date"": ""0"", ""end_date"": ""2026-10-31""}, {""option"": ""광주점 반일 소인권 히어로플레이파크(5시간)(~10/31)"", ""detail_div"": ""소인"", ""week_div"": ""주중+주말"", ""list_price"": 30000, ""sale_price"": 21600, ""discount_pct"": 28, ""start_date"": ""0"", ""end_date"": ""2026-10-31""}, {""option"": ""광주점 보호자 입장권 히어로플레이파크(~10/31)"", ""detail_div"": ""대인"", ""week_div"": ""주중+주말"", ""list_price"": 10000, ""sale_price"": 6300, ""discount_pct"": 37, ""start_date"": ""0"", ""end_date"": ""2026-10-31""}, {""option"": ""진주점 반일 소인권 히어로플레이파크(5시간)(~10/31)"", ""detail_div"": ""소인"", ""week_div"": ""주중+주말"", ""list_price"": 30000, ""sale_price"": 21600, ""discount_pct"": 28, ""start_date"": ""0"", ""end_date"": ""2026-10-31""}, {""option"": ""진주점 보호자 입장권 히어로플레이파크(~10/31)"", ""detail_div"": ""대인"", ""week_div"": ""주중+주말"", ""list_price"": 10000, ""sale_price"": 8900, ""discount_pct"": 11, ""start_date"": ""0"", ""end_date"": ""2026-10-31""}]",구매일,2026-10-31,,0 ~ 2026-10-31,모바일티켓;바로 사용가능,즉시발송,엘에스컴퍼니,알림톡,매표소 교환 / 바로 입장 | 모바일 이용권 현장 매표소 제시 후 이용 가능(재발송 가능 상품),10,"기한: 수령 후 7일 이내 | 수수료: 발송·취소 장당 1,000원 | 불가: 부분취소, 기간경과 | 접수: 유선",히어로 플레이파크,지점별 상이,지점별 상이,http://www.herokidspark.co.kr/#main/,모바일티켓,바로 사용가능,사용안함,[유효 ~ 26/10/31],,"[필독!! 발송정보]
◇ 바로 발송 가능 상품 : `결제(입금) 완료` 건에 한해서 모바일 이용권이 20분이내 휴대폰 번호로 발송(미수신 시 휴대폰 차단 기능 확인!!)
◇ 수신 후 바로 사용 가능 : 모바일 이용권 수신 후 바로 사용 가능, 결제 내역으로는 이용 불가합니다.
※ 카카오톡발송채널 : 엘에스컴퍼니
[필독!! 이용정보]
- 구매 후 2시간 후부터 이용 가능합니다.
- 지점 별 권종 상이하기 때문에 꼭 확인 후 구매 부탁드립니다.
◆ 유효 기간 : ~26/10/31 까지
◆ 이용 업체 : 히어로 플레이파크
◆ 운영 일정 : 이용업체 홈페이지 참조 필수
◆ 구매 수량 : 1인당 10매까지 구입 가능
◆ 이용 방법 : 모바일 이용권 현장 매표소 제시 후 이용 가능(재발송 가능 상품)
◆ 권종 구분 : 주중/주말·공휴일 구분없이 1인 1매 (36개월 미만 아기는 보호자 신분증 및 확인서류 지참시에만 무료 이용 가능!!)
◆ 추가 할인 : 해당 상품은 할인 가격으로 판매되는 상품으로 추가 할인을 받으실 수 없습니다.
◆ 안내 사항 : 주말 및 성수기 기간 인원 초과 시 입장이 제한될 수 있으며, 시설 이용 제한 사항은 업체 규정에 따릅니다.
◆ 이용 업체에 대한 전반적인 이용 정보(운영 사항, 유의 사항, 안전 점검, 편의 시설 등)는 꼭 방문 전 아래 홈페이지를 클릭하셔서 확인하시길 바랍니다.
★ 홈페이지 : (클릭☞ 홈페이지 바로가기)
☎고객센터 연락처 : 02-536-0836
운영시간 [주중 및 주말 동일]
● 오전 10시 ~ 오후 4시
● 점심시간 : 12:00 ~13:00
※ 취소 및 환불문의
▷ 취소 및 환불 요청은 주중에 유선으로만 가능합니다.(취소 및 환불 요청 고객센터 ☎ 02-536-0836)
→ 토요일 및 일요일 그리고 공휴일은 제외","▷ 취소 및 환불 요청은 유선으로만 가능합니다.→ 토요일 및 일요일 그리고 공휴일은 제외(취소 및 환불 요청 고객센터 ☎ 02-536-0836)
→ 고객센터 운영시간 : 평일 10:00~16:00 운영 / 점심시간 12:00~13:00
▷ 취소 및 환불 규정은 `전자상거래등에서의 소비자보호에 관한 현행 법률`에 의거하여 작성되었습니다.
▷ 취소 및 환불은 수령하신 날로부터 7일 이내에만 가능합니다.
▷ 해당 상품은 임직원 대상 특별 할인 가격으로 판매하는 프로모션 상품입니다.
▷ 해당 상품은 이용권에 별도 표기 된 유효(이용) 기간 내 꼭 이용하셔야 합니다.
▷ 유효(이용) 기간 경과 시 별도 연장이나 취소가 안 되는 `자동 폐기 상품`입니다.(★유효 기간 연장 불가 상품!!)
▷ 부분적인 결제 취소나 부분적인 이용이 불가능한 상품입니다.(예시 : 5명일 경우 4장+1장 결제 or 2장+3장 결제)
▷ 고객 귀책 사유로 발생하는 취소 및 환불 금액에 대한 발송 및 이체 수수료는 고객이 부담하셔야 합니다.
→ 모바일 티켓 : 발송 및 취소 수수료 장당 1,000원 발생(예시 : 1,000원 X 5장 발송 = 5,000원)
→ 종이 티켓 : 폐문, 부재중, 주소 오류 등 고객 귀책 사유로 발송된 등기 반송 시 반송 비용은 고객이 부담하셔야 합니다.(반송 비용 7,500원)
→ 공통 : 환불 금액 입금 계좌가 하나은행이 아닌 타 은행인 경우 이체 수수료 500원이 발생합니다.",2026-09-30T04:42:03
329560,테마파크,테마파크,여수,녹테마레 위드미디어,여수 가볼 만한 곳 중 색다른 실내 여행지를 찾고 있다면?,20000,13900,31,성인 이용권 녹테마레(~10/31),3,"[{""option"": ""성인 이용권 녹테마레(~10/31)"", ""detail_div"": ""대인"", ""week_div"": ""주중+주말"", ""list_price"": 20000, ""sale_price"": 13900, ""discount_pct"": 31, ""start_date"": ""0"", ""end_date"": ""2026-10-31""}, {""option"": ""청소년 이용권 녹테마레(~10/31)"", ""detail_div"": ""청소년"", ""week_div"": ""주중+주말"", ""list_price"": 17000, ""sale_price"": 11900, ""discount_pct"": 30, ""start_date"": ""0"", ""end_date"": ""2026-10-31""}, {""option"": ""소인 이용권 녹테마레(~10/31)"", ""detail_div"": ""소인"", ""week_div"": ""주중+주말"", ""list_price"": 15000, ""sale_price"": 10500, ""discount_pct"": 30, ""start_date"": ""0"", ""end_date"": ""2026-10-31""}]",구매일,2026-10-31,,0 ~ 2026-10-31,모바일티켓;바로 사용가능,즉시발송,엘에스컴퍼니,알림톡,매표소 교환 / 바로 입장 | 모바일 이용권 현장 매표소 제시 후 이용 가능(재발송 가능 상품),20,"기한: 수령 후 7일 이내 | 수수료: 발송·취소 장당 1,000원 | 불가: 부분취소, 기간경과 | 접수: 유선",녹테마레 위드미디어,전남 여수시 만성로 294 녹테마레,0507-1407-7104,https://noctemare.com/,모바일티켓,바로 사용가능,사용안함,[유효 ~ 26/10/31],,"[필독!! 발송정보]
◇ 바로 발송 가능 상품 : `결제(입금) 완료` 건에 한해서 모바일 이용권이 20분이내 휴대폰 번호로 발송(미수신 시 휴대폰 차단 기능 확인!!)
◇ 수신 후 바로 사용 가능 : 모바일 이용권 수신 후 바로 사용 가능, 결제 내역으로는 이용 불가합니다.
※ 카카오톡발송채널 : 엘에스컴퍼니
[필독!! 이용정보]
- 방문 1시간전 구매 필수
- 위드미디어 이용권입니다. 참고 후 구매 바랍니다.
◆ 유효 기간 : ~26/10/31 까지
◆ 이용 업체 : 녹테마레 위드미디어
◆ 운영 일정 : 이용업체 홈페이지 참조 필수
◆ 구매 수량 : 1인당 10매까지 구입 가능
◆ 이용 방법 : 모바일 이용권 현장 매표소 제시 후 이용 가능(재발송 가능 상품)
◆ 권종 구분 : 대인/소인/주중/주말·공휴일 구분없이 1인 1매 (36개월 미만 아기는 보호자 신분증 및 확인서류 지참시에만 무료 이용 가능!!)
◆ 추가 할인 : 해당 상품은 할인 가격으로 판매되는 상품으로 추가 할인을 받으실 수 없습니다.
◆ 안내 사항 : 주말 및 성수기 기간 인원 초과 시 입장이 제한될 수 있으며, 시설 이용 제한 사항은 업체 규정에 따릅니다.
◆ 이용 업체에 대한 전반적인 이용 정보(운영 사항, 유의 사항, 안전 점검, 편의 시설 등)는 꼭 방문 전 아래 홈페이지를 클릭하셔서 확인하시길 바랍니다.
★ 홈페이지 : (클릭☞ 홈페이지 바로가기)","▷ 취소 및 환불 요청은 유선으로만 가능합니다.(취소 및 환불 요청 고객센터 ☎ 02-536-0836)
→ 고객센터 운영시간 : 평일 09:30~18:00 운영 / 점심시간 12:00~13:00
▷ 취소 및 환불 규정은 `전자상거래등에서의 소비자보호에 관한 현행 법률`에 의거하여 작성되었습니다.
▷ 취소 및 환불은 수령하신 날로부터 7일 이내에만 가능합니다.
▷ 해당 상품은 임직원 대상 특별 할인 가격으로 판매하는 프로모션 상품입니다.
▷ 해당 상품은 이용권에 별도 표기 된 유효(이용) 기간 내 꼭 이용하셔야 합니다.
▷ 유효(이용) 기간 경과 시 별도 연장이나 취소가 안 되는 `자동 폐기 상품`입니다.(★유효 기간 연장 불가 상품!!)
▷ 부분적인 결제 취소나 부분적인 이용이 불가능한 상품입니다.(예시 : 5명일 경우 4장+1장 결제 or 2장+3장 결제)
▷ 고객 귀책 사유로 발생하는 취소 및 환불 금액에 대한 발송 및 이체 수수료는 고객이 부담하셔야 합니다.
→ 모바일 티켓 : 발송 및 취소 수수료 장당 1,000원 발생(예시 : 1,000원 X 5장 발송 = 5,000원)
→ 종이 티켓 : 폐문, 부재중, 주소 오류 등 고객 귀책 사유로 발송된 등기 반송 시 반송 비용은 고객이 부담하셔야 합니다.(반송 비용 7,500원)
→ 공통 : 환불 금액 입금 계좌가 하나은행이 아닌 타 은행인 경우 이체 수수료 500원이 발생합니다.",2026-09-30T04:42:06
327977,테마파크,테마파크,경주,라원 미디어아트 복합문화정원,"라원, 빛으로 피어나는 정원",10000,9000,10,소인(초등학생) 이용권 라원 미디어아트(~10/31),3,"[{""option"": ""소인(초등학생) 이용권 라원 미디어아트(~10/31)"", ""detail_div"": ""소인"", ""week_div"": ""주중+주말"", ""list_price"": 10000, ""sale_price"": 9000, ""discount_pct"": 10, ""start_date"": ""0"", ""end_date"": ""2026-10-31""}, {""option"": ""청소년 이용권 라원 미디어아트(~10/31)"", ""detail_div"": ""청소년"", ""week_div"": ""주중+주말"", ""list_price"": 13000, ""sale_price"": 11500, ""discount_pct"": 12, ""start_date"": ""0"", ""end_date"": ""2026-10-31""}, {""option"": ""대인 이용권 라원 미디어아트(~10/31)"", ""detail_div"": ""대인"", ""week_div"": ""주중+주말"", ""list_price"": 16000, ""sale_price"": 14000, ""discount_pct"": 13, ""start_date"": ""0"", ""end_date"": ""2026-10-31""}]",구매일,2026-10-31,,0 ~ 2026-10-31,모바일티켓;바로 사용가능,즉시발송,엘에스컴퍼니,알림톡,매표소 교환 / 바로 입장 | 모바일 이용권 현장 매표소 제시 후 이용 가능(재발송 가능 상품),20,"기한: 수령 후 7일 이내 | 수수료: 발송·취소 장당 1,000원 | 불가: 부분취소, 기간경과 | 접수: 유선(주중)",라원 미디어아트 복합문화정원,경북 경주시 경감로 233,054-742-5505,https://www.gyeongju.go.kr/epg/,모바일티켓,바로 사용가능,사용안함,[유효 ~ 26/10/31],,"[필독!! 발송정보]
◇ 바로 발송 가능 상품 : `결제(입금) 완료` 건에 한해서 모바일 이용권이 20분이내 휴대폰 번호로 발송(미수신 시 휴대폰 차단 기능 확인!!)
◇ 수신 후 바로 사용 가능 : 모바일 이용권 수신 후 바로 사용 가능, 결제 내역으로는 이용 불가합니다.
※ 카카오톡발송채널 : 엘에스컴퍼니
[필독!! 이용정보]
◆ 구매 전 상세이미지 내 안내사항을 꼭 확인해주세요.
◆ 유효 기간 : ~26/10/31(토) 까지
◆ 이용 업체 : 라원 미디어아트 복합문화정원
◆ 운영 일정 : 이용업체 홈페이지 참조 필수
◆ 구매 수량 : 1인당 10매까지 구입 가능
◆ 이용 방법 : 모바일 이용권 현장 매표소 제시 후 이용 가능(재발송 가능 상품)
◆ 권종 구분 : 주중/주말·공휴일 구분없이 1인 1매
◆ 추가 할인 : 해당 상품은 할인 가격으로 판매되는 상품으로 추가 할인을 받으실 수 없습니다.
◆ 이용 업체에 대한 전반적인 이용 정보(운영 사항, 유의 사항, 안전 점검, 편의 시설 등)는 꼭 방문 전 아래 홈페이지를 클릭하셔서 확인하시길 바랍니다.
★ 홈페이지 : (클릭☞ 홈페이지 바로가기)","▷ 취소 및 환불 요청은 주중에 유선으로만 가능합니다.(취소 및 환불 요청 고객센터 ☎ 02-536-0836)
→ 고객센터 운영시간 : 평일 10:00~16:00 운영 / 점심시간 12:00~13:00
▷ 취소 및 환불 규정은 `전자상거래등에서의 소비자보호에 관한 현행 법률`에 의거하여 작성되었습니다.
▷ 취소 및 환불은 수령하신 날로부터 7일 이내에만 가능합니다.
▷ 해당 상품은 임직원 대상 특별 할인 가격으로 판매하는 프로모션 상품입니다.
▷ 해당 상품은 이용권에 별도 표기 된 유효(이용) 기간 내 꼭 이용하셔야 합니다.
▷ 유효(이용) 기간 경과 시 별도 연장이나 취소가 안 되는 `자동 폐기 상품`입니다.(★유효 기간 연장 불가 상품!!)
▷ 부분적인 결제 취소나 부분적인 이용이 불가능한 상품입니다.(예시 : 5명일 경우 4장+1장 결제 or 2장+3장 결제)
▷ 고객 귀책 사유로 발생하는 취소 및 환불 금액에 대한 발송 및 이체 수수료는 고객이 부담하셔야 합니다.
→ 모바일 티켓 : 발송 및 취소 수수료 장당 1,000원 발생(예시 : 1,000원 X 5장 발송 = 5,000원)
→ 종이 티켓 : 폐문, 부재중, 주소 오류 등 고객 귀책 사유로 발송된 등기 반송 시 반송 비용은 고객이 부담하셔야 합니다.(반송 비용 7,500원)
→ 공통 : 환불 금액 입금 계좌가 하나은행이 아닌 타 은행인 경우 이체 수수료 500원이 발생합니다.",2026-09-30T04:42:08
328925,전시,박물관,서울,"봉주르, 장자크 상페",프랑스를 대표하는 거장 장자크 상페의 국내 최대 규모 특별전,25000,11000,56,소인 입장권 장자크 상페(~27/01/03),3,"[{""option"": ""소인 입장권 장자크 상페(~27/01/03)"", ""detail_div"": ""소인"", ""week_div"": ""주중+주말"", ""list_price"": 25000, ""sale_price"": 11000, ""discount_pct"": 56, ""start_date"": ""0"", ""end_date"": ""2027-01-03""}, {""option"": ""청소년 입장권 장자크 상페(~27/01/03)"", ""detail_div"": ""청소년"", ""week_div"": ""주중+주말"", ""list_price"": 25000, ""sale_price"": 15000, ""discount_pct"": 40, ""start_date"": ""0"", ""end_date"": ""2027-01-03""}, {""option"": ""성인 입장권 장자크 상페(~27/01/03)"", ""detail_div"": ""대인"", ""week_div"": ""주중+주말"", ""list_price"": 25000, ""sale_price"": 19000, ""discount_pct"": 24, ""start_date"": ""0"", ""end_date"": ""2027-01-03""}]",구매일,2027-01-03,,0 ~ 2027-01-03,모바일티켓;바로 사용가능,즉시발송,엘에스컴퍼니,알림톡,매표소 교환 / 바로 입장 | 모바일 이용권 현장 매표소 제시 후 이용 가능(재발송 가능 상품),20,"기한: 수령 후 7일 이내 | 수수료: 발송·취소 장당 1,000원 | 불가: 부분취소, 기간경과 | 접수: 유선(주중)",마이아트뮤지엄 원그로브점,서울 강서구 공항대로 165 원그로브 C동 2층 W213호,02-6106-0020,,모바일티켓,바로 사용가능,사용안함,[유효 ~ 27/01/03],,"[필독!! 발송정보]
◇ 바로 발송 가능 상품 : `결제(입금) 완료` 건에 한해서 모바일 이용권이 20분이내 휴대폰 번호로 발송(미수신 시 휴대폰 차단 기능 확인!!)
◇ 수신 후 바로 사용 가능 : 모바일 이용권 수신 후 바로 사용 가능, 결제 내역으로는 이용 불가합니다.
※ 카카오톡발송채널 : 엘에스컴퍼니
[필독!! 이용정보]
◆ 구매 전 상세이미지 내 안내사항을 꼭 확인해주세요.
◆ 유효 기간 : ~27/01/03 까지
◆ 이용 업체 : 마이아트뮤지엄 원그로브점 [서울] 봉주르, 장자크 상페
◆ 운영 일정 : 이용업체 홈페이지 참조 필수
◆ 구매 수량 : 1인당 10매까지 구입 가능
◆ 이용 방법 : 모바일 이용권 현장 매표소 제시 후 이용 가능(재발송 가능 상품)
◆ 권종 구분 : 주중/주말·공휴일 구분없이 1인 1매
◆ 추가 할인 : 해당 상품은 할인 가격으로 판매되는 상품으로 추가 할인을 받으실 수 없습니다.
◆ 이용 업체에 대한 전반적인 이용 정보(운영 사항, 유의 사항, 안전 점검, 편의 시설 등)는 꼭 방문 전 홈페이지를 확인하시길 바랍니다.","▷ 취소 및 환불 요청은 주중에 유선으로만 가능합니다.(취소 및 환불 요청 고객센터 ☎ 02-536-0836)
→ 고객센터 운영시간 : 평일 10:00~16:00 운영 / 점심시간 12:00~13:00
▷ 취소 및 환불 규정은 `전자상거래등에서의 소비자보호에 관한 현행 법률`에 의거하여 작성되었습니다.
▷ 취소 및 환불은 수령하신 날로부터 7일 이내에만 가능합니다.
▷ 해당 상품은 임직원 대상 특별 할인 가격으로 판매하는 프로모션 상품입니다.
▷ 해당 상품은 이용권에 별도 표기 된 유효(이용) 기간 내 꼭 이용하셔야 합니다.
▷ 유효(이용) 기간 경과 시 별도 연장이나 취소가 안 되는 `자동 폐기 상품`입니다.(★유효 기간 연장 불가 상품!!)
▷ 부분적인 결제 취소나 부분적인 이용이 불가능한 상품입니다.(예시 : 5명일 경우 4장+1장 결제 or 2장+3장 결제)
▷ 고객 귀책 사유로 발생하는 취소 및 환불 금액에 대한 발송 및 이체 수수료는 고객이 부담하셔야 합니다.
→ 모바일 티켓 : 발송 및 취소 수수료 장당 1,000원 발생(예시 : 1,000원 X 5장 발송 = 5,000원)
→ 종이 티켓 : 폐문, 부재중, 주소 오류 등 고객 귀책 사유로 발송된 등기 반송 시 반송 비용은 고객이 부담하셔야 합니다.(반송 비용 7,500원)
→ 공통 : 환불 금액 입금 계좌가 하나은행이 아닌 타 은행인 경우 이체 수수료 500원이 발생합니다.",2026-09-30T04:42:11
326528,공연,뮤지컬,서울,페인터즈,세상에 하나뿐인 마술같은 미술공연,70000,35000,50,(광화문전용관)비지정 VIP석 14:00 페인터즈,3,"[{""option"": ""(광화문전용관)비지정 VIP석 14:00 페인터즈"", ""detail_div"": ""대소공통"", ""week_div"": ""주중+주말"", ""list_price"": 70000, ""sale_price"": 35000, ""discount_pct"": 50, ""start_date"": ""0"", ""end_date"": ""2026-12-31""}, {""option"": ""(광화문전용관)비지정 VIP석 17:00 페인터즈"", ""detail_div"": ""대소공통"", ""week_div"": ""주중+주말"", ""list_price"": 70000, ""sale_price"": 35000, ""discount_pct"": 50, ""start_date"": ""0"", ""end_date"": ""2026-12-31""}, {""option"": ""(광화문전용관)비지정 VIP석 20:00 페인터즈"", ""detail_div"": ""대소공통"", ""week_div"": ""주중+주말"", ""list_price"": 70000, ""sale_price"": 35000, ""discount_pct"": 50, ""start_date"": ""0"", ""end_date"": ""2026-12-31""}]",구매일,2026-12-31,,0 ~ 2026-12-31,모바일티켓;예약필수,예약대기,,알림톡,매표소 교환 / 전화 예약 | 관람 예약 확정 후 현장 매표소 방문 및 발권하여 관람 가능,100,불가: 예약확정 후 | 접수: 유선(주중),주식회사 펜타토닉,서울시 중구 정동길 3 경향신문사 3층,02-766-7848,https://www.thepainters.co.kr/,모바일티켓,예약필수,예약,[유효 ~ 26/12/31],,"[필독!! 예약대기 안내]
◆ 해당 상품에 대한 결제완료는 ""예약대기 접수 상태""이며, 예약 확정 상태가 아닙니다.
※ 예약대기 접수 상태 : 고객이 예약 요청한 상품에 대해 예약 진행을 할수 있는 상태
[필독!! 예약진행 안내]
1. 관람일자 및 공연시간 선택 후 결제까지 진행
2. 결제완료된 예약 요청 건 예약 담당자가 확인 후 예약 가능 여부 회신
3. 예약 진행 안내
▷예약 가능 시 → 예약 확정완료 메지시 발송(페인터즈 알림톡 발송)
▷예약 불가 시 → 유선으로 안내 후 환불 접수
※ 예약 요청 정보 및 고객 정보(성함, 연락처)는 정확하게 기입 해 주셔야 합니다. (구매자의 정보 오류에 대한 책임은 구매자 귀책 사유입니다.)
[필독!! 이용정보]
◆ 유효 기간 : ~ 2026년 12월 31일 (목)
◆ 관람 상품 : 페인터즈(광화문 전용관)
◆ 공연 시간 : 약 75분
◆ 이용 방법 : 관람 예약 확정 후 현장 매표소 방문 및 발권하여 관람 가능
★ 공연 관람 1시간 전부터 티켓 수령 가능 / 공연장 입장 시작시간 30분 전부터 가능
◆ 권종 구분 : 대인/소인/주중/주말ㆍ공휴일 구분없이 1인 1매 (36개월 미만 아기는 보호자 신분증 및 확인서류 지참시에만 무료 이용 가능!!)
→36개월 미만 아기는 별도 좌석이 제공되지 않습니다.
★ 전 연령 관람이 가능합니다.
◆ 추가 할인 : 해당 상품은 할인 가격으로 판매되는 상품으로 추가 할인을 받으실 수 없습니다.
◆ 안내 사항 : 좌석은 공연 당일 선착순으로 배정됩니다.
★ 공연장에는 주차장이 없으므로 대중교통 이용을 부탁드립니다.
※ 차량 이용 시 인근 유료주차장을 이용하셔야하며 별도 주차권은 제공되지않습니다.
◆ 이용 업체에 전반적인 이용 정보(운영 사항, 유의 사항, 안전 점검, 편의 시설 등)는 꼭 방문 전 아래 홈페이지를 클릭 하셔서 확인 하시길 바랍니다.
★ 홈페이지 : (클릭☞ 페인터즈 홈페이지 바로가기)
☎고객센터 연락처 : 02-536-0836
운영시간 [주중 및 주말 동일]
● 오전 10시 ~ 오후 4시
● 점심시간 : 12:00 ~13:00
※ 취소 및 환불문의
▷ 취소 및 환불 요청은 주중에 유선으로만 가능합니다.(취소 및 환불 요청 고객센터 ☎ 02-536-0836)
→ 토요일 및 일요일 그리고 공휴일은 제외","※ 공연상품 특성 상 예약 확정 이후에는 취소 · 환불이 불가합니다.
※ 관람일자 변경은 예약일로부터 3일 전까지 1회 가능합니다.
▷ 취소 및 환불 요청은 주중에 유선으로만 가능합니다.→ 토요일 및 일요일 그리고 공휴일은 제외(취소 및 환불 요청 고객센터 ☎ 02-536-0836)
→ 고객센터 운영시간[주중 및 주말 동일] : 오전 10시 ~ 오후 4시 / 점심시간 12:00~13:00
→ 고객센터 연락처 : 02-536-0836",2026-09-30T04:42:13
280321,공연,연극,서울,대학로 연극 뷰티풀라이프,다시 오지 않을 이 순간,50000,16000,68,1인 관람권 뷰티풀라이프,1,"[{""option"": ""1인 관람권 뷰티풀라이프"", ""detail_div"": ""대소공통"", ""week_div"": ""주중+주말"", ""list_price"": 50000, ""sale_price"": 16000, ""discount_pct"": 68, ""start_date"": ""0"", ""end_date"": ""60""}]",구매일,,60,0 ~ 60,모바일티켓;예약필수,예약필수,,,매표소 교환 / 전화 예약 | 관람 예약 확정 후 현장 매표소 방문 및 티켓 발권하여 관람 가능(재발송 가능 상품),100,"기한: 수령 후 7일 이내 | 수수료: 발송·취소 장당 1,000원 | 불가: 부분취소, 기간경과, 예약확정 후 | 접수: 유선(주중)",지안컴퍼니,서울특별시 종로구 이화장길 26 JTN 아트홀,02-719-0988,https://tickets.interpark.com/goods/18001569 ; https://blog.naver.com/ziancompany,모바일티켓,예약필수,사용안함,[유효 ~ 60일],,"※ 평일구매 후 관람하고자 하는 일자에 예약 진행하셔야합니다. [업무시간내에만 가능]
주말구매 후 주말예약 절대불가로 이용불가.
→ 뷰티플라이프 회차 및 공연안내 [매주 월요일 휴관]
▷화요일 17시
▷수요일 14시
▷목요일 17시
▷금요일 17시
▷토요일 15시, 17시30분
▷일요일 15시
공연시간 및 회차안내 링크 연결하기
※확인 후 구매는 넥스트에너지에서 해야 할인가로 구매 가능
[필독!! 예약진행 안내]
◇ 예약 필수 상품 : 모바일 이용권 수신 후 직접 예약해주셔야 하며, 결제 내역으로는 이용 불가합니다.
▶ 예약방법 안내
1. 예약 가능 문의(02-719-0988 / 평일 11:00 ~ 18:00)
2. 넥스트에너지 사이트에서 티켓 구매
3. 모바일티켓 수령 후 예약 확정 연락(02-719-0988 / 평일 11:00 ~ 18:00)
[필독!! 이용정보]
◆ 유효 기간 : 구매 후 60일
◆ 관람 상품 : 뷰티풀라이프
◆ 공연 시간 : 약 90분
◆ 구매 수량 : 1인당 10매까지 구입 가능
◆ 이용 방법 : 관람 예약 확정 후 현장 매표소 방문 및 티켓 발권하여 관람 가능(재발송 가능 상품)
★ 공연 관람 1시간 전부터 티켓 수령 가능 / 공연장 입장 시작시간 20분 전부터 입장가능
◆ 권종 구분 : 주중/주말/공휴일 구분 없이 1인 1매 사용(만 8세부터 관람 가능!!)
★ 만 8세 미만의 경우, 보호자 동반 유무와 관계없이 입장 불가하며, 이로 인한 당일 취소, 환불, 변경은 불가합니다. 또한 현장에서 정확한 신분확인을 위해 안내원이 학생증, 신분증, 사진 등을 요구할 수 있습니다.
◆ 추가 할인 : 해당 상품은 할인 가격으로 판매되는 상품으로 추가 할인을 받으실 수 없습니다.
◆ 안내 사항 : 좌석은 공연 당일 선착순으로 배정됩니다.
◆ 이용 업체에 전반적인 이용 정보(운영 사항, 유의 사항, 안전 점검, 편의 시설 등)는 꼭 방문 전 아래 홈페이지를 클릭 하셔서 확인 하시길 바랍니다.
★ 홈페이지 : (클릭☞ 뷰티풀라이프 홈페이지 바로가기)
☎고객센터 연락처 : 02-536-0836
운영시간 [주중 및 주말 동일]
● 오전 10시 ~ 오후 4시
● 점심시간 : 12:00 ~13:00
※ 취소 및 환불문의
▷ 취소 및 환불 요청은 주중에 유선으로만 가능합니다.(취소 및 환불 요청 고객센터 ☎ 02-536-0836)
→ 토요일 및 일요일 그리고 공휴일은 제외","[ 예약 전 취소 · 환불 안내 ]
▷ 취소 및 환불 요청은 주중에 유선으로만 가능합니다.→ 토요일 및 일요일 그리고 공휴일은 제외(취소 및 환불 요청 고객센터 ☎ 02-536-0836)
→ 고객센터 운영시간[주중 및 주말 동일] : 오전 10시 ~ 오후 4시 / 점심시간 12:00~13:00
→ 고객센터 연락처 : 02-536-0836
▷ 취소 및 환불 규정은 `전자상거래등에서의 소비자보호에 관한 현행 법률`에 의거하여 작성되었습니다.
▷ 취소 및 환불은 수령하신 날로부터 7일 이내에만 가능합니다.
▷ 해당 상품은 임직원 대상 특별 할인 가격으로 판매하는 프로모션 상품입니다.
▷ 해당 상품은 이용권에 별도 표기 된 유효(이용) 기간 내 꼭 이용하셔야 합니다.
▷ 유효(이용) 기간 경과 시 별도 연장이나 취소가 안 되는 `자동 폐기 상품`입니다.(★유효 기간 연장 불가 상품!!)
▷ 부분적인 결제 취소나 부분적인 이용이 불가능한 상품입니다.(예시 : 5명일 경우 4장+1장 결제 or 2장+3장 결제)
▷ 고객 귀책 사유로 발생하는 취소 및 환불 금액에 대한 발송 및 이체 수수료는 고객이 부담하셔야 합니다.
→ 모바일 티켓 : 발송 및 취소 수수료 장당 1,000원 발생(예시 : 1,000원 X 5장 발송 = 5,000원)
→ 종이 티켓 : 폐문, 부재중, 주소 오류 등 고객 귀책 사유로 발송된 등기 반송 시 반송 비용은 고객이 부담하셔야 합니다.(반송 비용 7,500원)
→ 공통 : 환불 금액 입금 계좌가 하나은행이 아닌 타 은행인 경우 이체 수수료 500원이 발생합니다.
[ 예약 후 취소 · 환불 안내 ]
※ 공연상품 특성 상 예약 확정 이후에는 취소 · 환불이 불가합니다.
이 점 꼭 확인 하시고 구입 해 주시기 바랍니다.",2026-09-30T04:42:16
328418,공연,연극,서울,대학로 연극 2호선 세입자,강력한 웃음 만발 장전!,40000,14000,65,1인 관람권 2호선세입자(구매 후 30일),1,"[{""option"": ""1인 관람권 2호선세입자(구매 후 30일)"", ""detail_div"": ""대소공통"", ""week_div"": ""주중+주말"", ""list_price"": 40000, ""sale_price"": 14000, ""discount_pct"": 65, ""start_date"": ""0"", ""end_date"": ""30""}]",구매일,,30,0 ~ 30,모바일티켓;예약필수,예약필수,,,매표소 교환 / 전화 예약 | 관람 예약 확정 후 현장 매표소 방문 및 발권하여 관람 가능(재발송 가능 상품),100,"기한: 수령 후 7일 이내 | 수수료: 발송·취소 장당 1,000원 | 불가: 부분취소, 기간경과, 예약확정 후 | 접수: 유선(주중)",(주)레드앤블루,서울특별시 종로구 대학로8가길 80 리트모빌딩 3층,02-764-8760,https://tickets.interpark.com/goods/21013249?app_tapbar_state=hide&,모바일티켓,예약필수,사용안함,[~구매 후 30일],,"※ 평일구매 후 관람하고자 하는 일자에 예약 진행하셔야합니다. [업무시간내에만 가능]
주말구매 후 주말예약 절대불가로 이용불가
→ 2호선세입자 회차 및 공연안내는 상세이미지 하단 스케줄 확인 부탁드립니다.
[필독!! 예약진행 안내]
◇ 예약 필수 상품 : 모바일 이용권 수신 후 직접 예약해주셔야 하며, 결제 내역으로는 이용 불가합니다.
▶ 예약방법 안내
1. 예약 가능 문의(02-764-8760 / 평일 11:30 ~ 18:00)
▶ ▶ 주말 통화는 불가능
2. 넥스트에너지 사이트에서 티켓 구매
3. 모바일티켓 수령 후 예약 확정 연락(02-764-8760 / 평일 11:00 ~ 18:00)
[필독!! 이용정보]
◆ 유효 기간 : 구매 후 30일까지
◆ 관람 상품 : 연극 2호선 세입자
◆ 공연 시간 : 약 90분
◆ 구매 수량 : 1인당 10매까지 구입 가능
◆ 이용 방법 : 관람 예약 확정 후 현장 매표소 방문 및 발권하여 관람 가능(재발송 가능 상품)
★ 공연 관람 1시간 전부터 티켓 수령 가능
◆ 권종 구분 : 주중/주말/공휴일 구분 없이 1인 1매 사용(8세 이상부터 관람 가능!!)
★ 8세 미만의 경우, 보호자 동반 유무와 관계없이 입장 불가하며, 이로 인한 당일 취소, 환불, 변경은 불가합니다. 또한 현장에서 정확한 신분확인을 위해 안내원이 학생증, 신분증, 사진 등을 요구할 수 있습니다.
◆ 추가 할인 : 해당 상품은 할인 가격으로 판매되는 상품으로 추가 할인을 받으실 수 없습니다.
◆ 안내 사항 : 좌석은 공연 당일 선착순으로 배정됩니다.
◆ 이용 업체에 전반적인 이용 정보(운영 사항, 유의 사항, 안전 점검, 편의 시설 등)는 꼭 방문 전 아래 홈페이지를 클릭 하셔서 확인 하시길 바랍니다.
★ 홈페이지 : (클릭☞ 2호선세입자 홈페이지 바로가기)
☎고객센터 연락처 : 02-536-0836
운영시간 [주중 및 주말 동일]
● 오전 10시 ~ 오후 4시
● 점심시간 : 12:00 ~13:00
※ 취소 및 환불문의
▷ 취소 및 환불 요청은 주중에 유선으로만 가능합니다.(취소 및 환불 요청 고객센터 ☎ 02-536-0836)
→ 토요일 및 일요일 그리고 공휴일은 제외","[ 예약 전 취소 · 환불 안내 ]
▷ 취소 및 환불 요청은 주중에 유선으로만 가능합니다.→ 토요일 및 일요일 그리고 공휴일은 제외(취소 및 환불 요청 고객센터 ☎ 02-536-0836)
→ 고객센터 운영시간[주중 및 주말 동일] : 오전 10시 ~ 오후 4시 / 점심시간 12:00~13:00
→ 고객센터 연락처 : 02-536-0836
▷ 취소 및 환불 규정은 `전자상거래등에서의 소비자보호에 관한 현행 법률`에 의거하여 작성되었습니다.
▷ 취소 및 환불은 수령하신 날로부터 7일 이내에만 가능합니다.
▷ 해당 상품은 임직원 대상 특별 할인 가격으로 판매하는 프로모션 상품입니다.
▷ 해당 상품은 이용권에 별도 표기 된 유효(이용) 기간 내 꼭 이용하셔야 합니다.
▷ 유효(이용) 기간 경과 시 별도 연장이나 취소가 안 되는 `자동 폐기 상품`입니다.(★유효 기간 연장 불가 상품!!)
▷ 부분적인 결제 취소나 부분적인 이용이 불가능한 상품입니다.(예시 : 5명일 경우 4장+1장 결제 or 2장+3장 결제)
▷ 고객 귀책 사유로 발생하는 취소 및 환불 금액에 대한 발송 및 이체 수수료는 고객이 부담하셔야 합니다.
→ 모바일 티켓 : 발송 및 취소 수수료 장당 1,000원 발생(예시 : 1,000원 X 5장 발송 = 5,000원)
→ 종이 티켓 : 폐문, 부재중, 주소 오류 등 고객 귀책 사유로 발송된 등기 반송 시 반송 비용은 고객이 부담하셔야 합니다.(반송 비용 7,500원)
→ 공통 : 환불 금액 입금 계좌가 하나은행이 아닌 타 은행인 경우 이체 수수료 500원이 발생합니다.
[ 예약 후 취소 · 환불 안내 ]
※ 공연상품 특성 상 예약 확정 이후에는 취소 · 환불이 불가합니다.
이 점 꼭 확인 하시고 구입 해 주시기 바랍니다.",2026-09-30T04:42:19
308015,테마파크,테마파크,서울,N서울타워 전망대 입장권,서울의 중심에서 만나는 특별한 순간!,23000,18200,21,N서울타워 전망대 소인 입장권(~12/31),2,"[{""option"": ""N서울타워 전망대 소인 입장권(~12/31)"", ""detail_div"": ""소인"", ""week_div"": ""주중+주말"", ""list_price"": 23000, ""sale_price"": 18200, ""discount_pct"": 21, ""start_date"": ""2026-01-01"", ""end_date"": ""2026-12-31""}, {""option"": ""N서울타워 전망대 대인 입장권(~12/31)"", ""detail_div"": ""대인"", ""week_div"": ""주중+주말"", ""list_price"": 29000, ""sale_price"": 20500, ""discount_pct"": 29, ""start_date"": ""2026-01-01"", ""end_date"": ""2026-12-31""}]",2026-01-01,2026-12-31,,2026-01-01 ~ 2026-12-31,모바일티켓;수령 후 사용 가능,수령후사용,,LMS 문자/순차 발송,매표소 교환 / 바로 입장 | 모바일 이용권 현장 매표소 제시 및 발권 후 이용 가능(재발송 가능 상품),100,"기한: 수령 후 7일 이내 | 수수료: 발송·취소 장당 1,000원 | 불가: 부분취소, 기간경과 | 접수: 유선",N서울타워,서울 용산구 남산공원길 105(용산동2가),"02-3455-9277, 9288",https://www.nseoultower.co.kr:8501/index.asp,모바일티켓,수령 후 사용 가능,사용안함,[유효 ~ 26/12/31],,"[필독!! 발송정보]
※ 상품구성 : N서울타워 전망대 입장권[ 케이블카 포함되지 않은 상품 ]
◇ 순차 발송 상품 : 매일 23:30까지 결제(가상계좌 입금) 완료 건에 한해서 결제 확인 후부터 익일 09:30까지 모바일 이용권이 결제완료순으로 발송됩니다.(미수신 시 휴대폰 차단 기능 확인!!)
◇ 수신 후 바로 사용 가능 : 모바일 이용권 수신 후 바로 사용 가능, 결제 내역으로는 이용 불가합니다.
※ 문자발송번호 : 02-2055-0455
※ 주문량에 따라 발송 소요시간이 달라질 수 있습니다.
[필독!! 이용정보]
▶ 주문건 발송시간안내 [주중 및 주말 동일]
※ 바로사용가능 外 티켓은 하단내용 참고
● 오전 10시부터 ~ 오후 4시이전 주문건 1시간내로 발송
● 오후 4시이후부터 ~ 다음날 오전 10시이전 주문건은 오전 10시이후부터 1시간내로 발송
→ 고객센터 운영시간[주중 및 주말 동일] : 오전 10시 ~ 오후 4시 / 점심시간 12:00~13:00
→ 고객센터 연락처 : 02-536-0836
◆ 유효 기간 : ~ 2026년 12월 31일 (목)
◆ 이용 업체 : N서울타워 전망대
◆ 운영 일정 : 이용업체 홈페이지 참조 필수
◆ 이용 방법 : 모바일 이용권 현장 매표소 제시 및 발권 후 이용 가능(재발송 가능 상품)
◆ 권종 구분 : 주중/주말ㆍ공휴일 구분없이 1인 1매 (36개월 미만 아기는 보호자 신분증 및 확인서류 지참시에만 무료 이용 가능!!)
★ 구매 전 옵션 별 상품정보를 확인하세요!(대인 또는 소인)
※ 대인 : 중학생 이상 / 소인 : 36개월 ~ 초등학생 또는 만 65세 이상
→ 소인권 이용 시 연령확인을 요청할 수 있습니다. 방문 시 신분증, 등본 등 증빙을 지참해주세요!
◆ 추가 할인 : 해당 상품은 할인 가격으로 판매되는 상품으로 추가 할인을 받으실 수 없습니다.
◆ 안내 사항 : 주말 및 성수기 기간 인원 초과 시 입장이 제한될 수 있으며, 시설 이용 제한 사항은 업체 규정에 따릅니다.
◆ 이용 업체에 대한 전반적인 이용 정보(운영 사항, 유의 사항, 안전 점검, 편의 시설 등)는 꼭 방문 전 아래 홈페이지를 클릭하셔서 확인하시길 바랍니다.
★ 홈페이지 : (클릭☞ 홈페이지 바로가기)","▷ 취소 및 환불 요청은 유선으로만 가능합니다.(취소 및 환불 요청 고객센터 ☎ 02-536-0836)
→ 고객센터 운영시간[주중 및 주말 동일] : 오전 10시 ~ 오후 4시 / 점심시간 12:00~13:00
→ 고객센터 연락처 : 02-536-0836
▷ 취소 및 환불 규정은 `전자상거래등에서의 소비자보호에 관한 현행 법률`에 의거하여 작성되었습니다.
▷ 취소 및 환불은 수령하신 날로부터 7일 이내에만 가능합니다.
▷ 해당 상품은 임직원 대상 특별 할인 가격으로 판매하는 프로모션 상품입니다.
▷ 해당 상품은 이용권에 별도 표기 된 유효(이용) 기간 내 꼭 이용하셔야 합니다.
▷ 유효(이용) 기간 경과 시 별도 연장이나 취소가 안 되는 `자동 폐기 상품`입니다. (★유효 기간 연장 불가 상품!!)
▷ 부분적인 결제 취소나 부분적인 이용이 불가능한 상품입니다.(예시 : 5명일 경우 4장+1장 결제 or 2장+3장 결제)
▷ 고객 귀책 사유로 발생하는 취소 및 환불 금액에 대한 발송 및 이체 수수료는 고객이 부담하셔야 합니다.
→ 모바일 티켓 : 발송 및 취소 수수료 장당 1,000원 발생(예시 : 1,000원 X 5장 발송 = 5,000원)
→ 종이 티켓 : 폐문, 부재중, 주소 오류 등 고객 귀책 사유로 발송된 등기 반송 시 반송 비용은 고객이 부담하셔야 합니다. (반송 비용 6,000원)
→ 공통 : 환불 금액 입금 계좌가 하나은행이 아닌 타 은행인 경우 이체 수수료 500원이 발생합니다.",2026-09-30T04:42:21
244498,테마파크,아쿠아리움,광교,광교아쿠아플라넷,경기남부 최고의 아쿠아리움,30000,20000,33,이용권 광교아쿠아플라넷,1,"[{""option"": ""이용권 광교아쿠아플라넷"", ""detail_div"": ""대소공통"", ""week_div"": ""주중+주말"", ""list_price"": 30000, ""sale_price"": 20000, ""discount_pct"": 33, ""start_date"": ""0"", ""end_date"": ""60""}]",구매일,,60,0 ~ 60,모바일티켓;바로 사용가능,즉시발송,,LMS 문자,QR/바코드 제시 / 매표소 교환 / 바로 입장 | LMS 바코드 문자 이용권 현장 매표소 제시 후 이용 가능(재발송 가능 상품),20,"기한: 수령 후 7일 이내 | 수수료: 발송·취소 장당 1,000원 | 불가: 부분취소, 기간경과 | 접수: 유선",아쿠아플라넷 광교,경기도 수원시 영통구 광교호수공원로 300 갤러리아 광교 파사쥬 B1F,1833-7001,https://www.aquaplanet.co.kr/gwanggyo/index.do,모바일티켓,바로 사용가능,사용안함,[유효 ~ 60일],,"[필독!! 발송정보]
◇ 바로 발송 가능 상품 : `결제(입금) 완료` 건에 한해서 모바일 이용권이 20분이내 휴대폰 번호로 발송
(미수신 시 휴대폰 차단 기능 확인!!)
◇ 수신 후 바로 사용 가능 : 모바일 이용권 수신 후 바로 사용 가능, 결제 내역으로는 이용 불가합니다.
※ 문자발송번호 : 02-536-0836
[필독!! 이용정보]
◆ 유효 기간 : 구매 후 60일
◆ 이용 업체 : 광교아쿠아플라넷
◆ 운영 일정 : 이용업체 홈페이지 참조 필수
◆ 구매 수량 : 1인당 10매까지 구입 가능
◆ 이용 방법 : LMS 바코드 문자 이용권 현장 매표소 제시 후 이용 가능(재발송 가능 상품)
◆ 권종 구분 : 대인/소인/주중/주말ㆍ공휴일 구분없이 1인 1매 (36개월 미만 아기는 보호자 신분증 및 확인서류 지참시에만 무료 이용 가능!!)
★ 구매 전 옵션 별 상품정보를 확인하세요!
◆ 추가 할인 : 해당 상품은 할인 가격으로 판매되는 상품으로 추가 할인을 받으실 수 없습니다.
◆ 안내 사항 : 주말 및 성수기 기간 인원 초과 시 입장이 제한될 수 있으며, 시설 이용 제한 사항은 업체 규정에 따릅니다.
◆ 이용 업체에 대한 전반적인 이용 정보(운영 사항, 유의 사항, 안전 점검, 편의 시설 등)는 꼭 방문 전 아래 홈페이지를 클릭하셔서 확인하시길 바랍니다.
★ 홈페이지 : (클릭☞ 광교아쿠아플라넷 홈페이지 바로가기)
☎고객센터 연락처 : 02-536-0836
운영시간 [주중 및 주말 동일]
● 오전 10시 ~ 오후 4시
● 점심시간 : 12:00 ~13:00
※ 취소 및 환불문의
▷ 취소 및 환불 요청은 주중에 유선으로만 가능합니다.(취소 및 환불 요청 고객센터 ☎ 02-536-0836)
→ 토요일 및 일요일 그리고 공휴일은 제외","▷ 취소 및 환불 요청은 유선으로만 가능합니다.→ 토요일 및 일요일 그리고 공휴일은 제외(취소 및 환불 요청 고객센터 ☎ 02-536-0836)
→ 고객센터 운영시간[주중 및 주말 동일] : 오전 10시 ~ 오후 4시 / 점심시간 12:00~13:00
→ 고객센터 연락처 : 02-536-0836
▷ 취소 및 환불 규정은 `전자상거래등에서의 소비자보호에 관한 현행 법률`에 의거하여 작성되었습니다.
▷ 취소 및 환불은 수령하신 날로부터 7일 이내에만 가능합니다.
▷ 해당 상품은 임직원 대상 특별 할인 가격으로 판매하는 프로모션 상품입니다.
▷ 해당 상품은 이용권에 별도 표기 된 유효(이용) 기간 내 꼭 이용하셔야 합니다.
▷ 유효(이용) 기간 경과 시 별도 연장이나 취소가 안 되는 `자동 폐기 상품`입니다. (★유효 기간 연장 불가 상품!!)
▷ 부분적인 결제 취소나 부분적인 이용이 불가능한 상품입니다.(예시 : 5명일 경우 4장+1장 결제 or 2장+3장 결제)
▷ 고객 귀책 사유로 발생하는 취소 및 환불 금액에 대한 발송 및 이체 수수료는 고객이 부담하셔야 합니다.
→ 모바일 티켓 : 발송 및 취소 수수료 장당 1,000원 발생(예시 : 1,000원 X 5장 발송 = 5,000원)
→ 종이 티켓 : 폐문, 부재중, 주소 오류 등 고객 귀책 사유로 발송된 등기 반송 시 반송 비용은 고객이 부담하셔야 합니다. (반송 비용 6,000원)
→ 공통 : 환불 금액 입금 계좌가 하나은행이 아닌 타 은행인 경우 이체 수수료 500원이 발생합니다.",2026-09-30T04:42:24
320158,테마파크,아쿠아리움,여수,여수아쿠아플라넷,인간과 자연이 공생하는 아쿠아플라넷 여수,36400,27000,26,입장권(아쿠아리움+전시+영상관) 여수아쿠아플라넷,1,"[{""option"": ""입장권(아쿠아리움+전시+영상관) 여수아쿠아플라넷"", ""detail_div"": ""대소공통"", ""week_div"": ""주중+주말"", ""list_price"": 36400, ""sale_price"": 27000, ""discount_pct"": 26, ""start_date"": ""0"", ""end_date"": ""60""}]",구매일,,60,0 ~ 60,모바일티켓;바로 사용가능,즉시발송,,LMS 문자,QR/바코드 제시 / 매표소 교환 / 바로 입장 | LMS 바코드 문자 이용권 현장 매표소 제시 후 이용 가능(재발송 가능 상품),100,"기한: 수령 후 7일 이내 | 수수료: 발송·취소 장당 1,000원 | 불가: 부분취소, 기간경과 | 접수: 유선",아쿠아플라넷 여수,전남 여수시 오동도로 61-11 아쿠아플라넷 여수,061-660-1111,https://www.aquaplanet.co.kr/yeosu/index.do,모바일티켓,바로 사용가능,사용안함,[유효 ~60일],,"[필독!! 발송정보]
◇ 바로 발송 가능 상품 : `결제(입금) 완료` 건에 한해서 모바일 이용권이 20분이내 휴대폰 번호로 발송
(미수신 시 휴대폰 차단 기능 확인!!)
◇ 수신 후 바로 사용 가능 : 모바일 이용권 수신 후 바로 사용 가능, 결제 내역으로는 이용 불가합니다.
※ 문자발송번호 : 02-536-0836
[필독!! 이용정보]
◆ 유효 기간 : 구매 후 60일
◆ 이용 업체 : 여수아쿠아플라넷
◆ 운영 일정 : 이용업체 홈페이지 참조 필수
◆ 구매 수량 : 1인당 10매까지 구입 가능
◆ 이용 방법 : LMS 바코드 문자 이용권 현장 매표소 제시 후 이용 가능(재발송 가능 상품)
◆ 권종 구분 : 대인/소인/주중/주말ㆍ공휴일 구분없이 1인 1매 (36개월 미만 아기는 보호자 신분증 및 확인서류 지참시에만 무료 이용 가능!!)
★ 구매 전 옵션 별 상품정보를 확인하세요!
◆ 추가 할인 : 해당 상품은 할인 가격으로 판매되는 상품으로 추가 할인을 받으실 수 없습니다.
◆ 안내 사항 : 주말 및 성수기 기간 인원 초과 시 입장이 제한될 수 있으며, 시설 이용 제한 사항은 업체 규정에 따릅니다.
◆ 이용 업체에 대한 전반적인 이용 정보(운영 사항, 유의 사항, 안전 점검, 편의 시설 등)는 꼭 방문 전 아래 홈페이지를 클릭하셔서 확인하시길 바랍니다.
★ 홈페이지 : (클릭☞ 여수아쿠아플라넷 홈페이지 바로가기)
☎고객센터 연락처 : 02-536-0836
운영시간 [주중 및 주말 동일]
● 오전 10시 ~ 오후 4시
● 점심시간 : 12:00 ~13:00
※ 취소 및 환불문의
▷ 취소 및 환불 요청은 주중에 유선으로만 가능합니다.(취소 및 환불 요청 고객센터 ☎ 02-536-0836)
→ 토요일 및 일요일 그리고 공휴일은 제외","▷ 취소 및 환불 요청은 유선으로만 가능합니다.→ 토요일 및 일요일 그리고 공휴일은 제외(취소 및 환불 요청 고객센터 ☎ 02-536-0836)
→ 고객센터 운영시간[주중 및 주말 동일] : 오전 10시 ~ 오후 4시 / 점심시간 12:00~13:00
→ 고객센터 연락처 : 02-536-0836
▷ 취소 및 환불 규정은 `전자상거래등에서의 소비자보호에 관한 현행 법률`에 의거하여 작성되었습니다.
▷ 취소 및 환불은 수령하신 날로부터 7일 이내에만 가능합니다.
▷ 해당 상품은 임직원 대상 특별 할인 가격으로 판매하는 프로모션 상품입니다.
▷ 해당 상품은 이용권에 별도 표기 된 유효(이용) 기간 내 꼭 이용하셔야 합니다.
▷ 유효(이용) 기간 경과 시 별도 연장이나 취소가 안 되는 `자동 폐기 상품`입니다. (★유효 기간 연장 불가 상품!!)
▷ 부분적인 결제 취소나 부분적인 이용이 불가능한 상품입니다.(예시 : 5명일 경우 4장+1장 결제 or 2장+3장 결제)
▷ 고객 귀책 사유로 발생하는 취소 및 환불 금액에 대한 발송 및 이체 수수료는 고객이 부담하셔야 합니다.
→ 모바일 티켓 : 발송 및 취소 수수료 장당 1,000원 발생(예시 : 1,000원 X 5장 발송 = 5,000원)
→ 종이 티켓 : 폐문, 부재중, 주소 오류 등 고객 귀책 사유로 발송된 등기 반송 시 반송 비용은 고객이 부담하셔야 합니다. (반송 비용 6,000원)
→ 공통 : 환불 금액 입금 계좌가 하나은행이 아닌 타 은행인 경우 이체 수수료 500원이 발생합니다.",2026-09-30T04:42:27
280924,테마파크,아쿠아리움,대전,대전엑스포아쿠아리움,미디어아트와 살아있는 생물의 콜라보,32000,22400,30,대전엑스포아쿠아리움,1,"[{""option"": ""대전엑스포아쿠아리움"", ""detail_div"": ""대소공통"", ""week_div"": ""주중+주말"", ""list_price"": 32000, ""sale_price"": 22400, ""discount_pct"": 30, ""start_date"": ""0"", ""end_date"": ""60""}]",구매일,,60,0 ~ 60,모바일티켓;바로 사용가능,즉시발송,,LMS 문자,QR/바코드 제시 / 매표소 교환 / 바로 입장 | LMS 바코드 문자 이용권 현장 매표소 제시 후 이용 가능(재발송 가능 상품),20,"기한: 수령 후 7일 이내 | 수수료: 발송·취소 장당 1,000원 | 불가: 부분취소, 기간경과 | 접수: 유선(주중)",대전엑스포아쿠아리움,대전 유성구 엑스포로 1 대전 신세계 Art&Science 지하 1층,042-607-8852,https://djexpoaqua.com/,모바일티켓,바로 사용가능,사용안함,[유효 ~ 60일],,"[필독!! 발송정보]
◇ 바로 발송 가능 상품 : `결제(입금) 완료` 건에 한해서 LMS 바코드 이용권 문자가 20분이내 휴대폰 번호로 발송
(미수신 시 휴대폰 차단 기능 확인!!)
◇ 수신 후 바로 사용 가능 : 모바일 이용권 수신 후 바로 사용 가능, 결제 내역으로는 이용 불가합니다.
※ 문자발송번호 : 02-536-0836
[필독!! 이용정보]
◆ 유효 기간 : 구매 후 60일
◆ 이용 업체 : 대전엑스포아쿠아리움
◆ 운영 일정 : 이용업체 홈페이지 참조 필수
◆ 구매 수량 : 1인당 10매까지 구입 가능
◆ 이용 방법 : LMS 바코드 문자 이용권 현장 매표소 제시 후 이용 가능(재발송 가능 상품)
◆ 권종 구분 : 대인/소인/주중/주말ㆍ공휴일 구분없이 1인 1매 (36개월 미만 아기는 보호자 신분증 및 확인서류 지참시에만 무료 이용 가능!!)
◆ 추가 할인 : 해당 상품은 할인 가격으로 판매되는 상품으로 추가 할인을 받으실 수 없습니다.
◆ 안내 사항 : 주말 및 성수기 기간 인원 초과 시 입장이 제한될 수 있으며, 시설 이용 제한 사항은 업체 규정에 따릅니다.
◆ 이용 업체에 대한 전반적인 이용 정보(운영 사항, 유의 사항, 안전 점검, 편의 시설 등)는 꼭 방문 전 아래 홈페이지를 클릭하셔서 확인하시길 바랍니다.
★ 홈페이지 : (클릭☞ 대전엑스포아쿠아리움 홈페이지 바로가기)
☎고객센터 연락처 : 02-536-0836
운영시간 [주중 및 주말 동일]
● 오전 10시 ~ 오후 4시
● 점심시간 : 12:00 ~13:00
※ 취소 및 환불문의
▷ 취소 및 환불 요청은 주중에 유선으로만 가능합니다.(취소 및 환불 요청 고객센터 ☎ 02-536-0836)
→ 토요일 및 일요일 그리고 공휴일은 제외","▷ 취소 및 환불 요청은 주중에 유선으로만 가능합니다.→ 토요일 및 일요일 그리고 공휴일은 제외(취소 및 환불 요청 고객센터 ☎ 02-536-0836)
→ 고객센터 운영시간[주중 및 주말 동일] : 오전 10시 ~ 오후 4시 / 점심시간 12:00~13:00
→ 고객센터 연락처 : 02-536-0836
▷ 취소 및 환불 규정은 `전자상거래등에서의 소비자보호에 관한 현행 법률`에 의거하여 작성되었습니다.
▷ 취소 및 환불은 수령하신 날로부터 7일 이내에만 가능합니다.
▷ 해당 상품은 임직원 대상 특별 할인 가격으로 판매하는 프로모션 상품입니다.
▷ 해당 상품은 이용권에 별도 표기 된 유효(이용) 기간 내 꼭 이용하셔야 합니다.
▷ 유효(이용) 기간 경과 시 별도 연장이나 취소가 안 되는 `자동 폐기 상품`입니다.(★유효 기간 연장 불가 상품!!)
▷ 부분적인 결제 취소나 부분적인 이용이 불가능한 상품입니다.(예시 : 5명일 경우 4장+1장 결제 or 2장+3장 결제)
▷ 고객 귀책 사유로 발생하는 취소 및 환불 금액에 대한 발송 및 이체 수수료는 고객이 부담하셔야 합니다.
→ 모바일 티켓 : 발송 및 취소 수수료 장당 1,000원 발생(예시 : 1,000원 X 5장 발송 = 5,000원)
→ 종이 티켓 : 폐문, 부재중, 주소 오류 등 고객 귀책 사유로 발송된 등기 반송 시 반송 비용은 고객이 부담하셔야 합니다.(반송 비용 7,500원)
→ 공통 : 환불 금액 입금 계좌가 하나은행이 아닌 타 은행인 경우 이체 수수료 500원이 발생합니다.",2026-09-30T04:42:29
317444,테마파크,테마파크,경주,또봇정크아트+엑스포공원,거대한 또봇을 눈앞에서 만날수 있는 전시몰,20000,10900,46,또봇정크아트+엑스포공원 이용권(~12/31),1,"[{""option"": ""또봇정크아트+엑스포공원 이용권(~12/31)"", ""detail_div"": ""대소공통"", ""week_div"": ""주중+주말"", ""list_price"": 20000, ""sale_price"": 10900, ""discount_pct"": 46, ""start_date"": ""2026-05-08"", ""end_date"": ""2026-12-31""}]",2026-05-08,2026-12-31,,2026-05-08 ~ 2026-12-31,모바일티켓;바로 사용가능,즉시발송,엘에스컴퍼니,알림톡,매표소 교환 / 바로 입장 | 모바일 이용권 현장 매표소 제시 후 이용 가능(재발송 가능 상품),20,"기한: 수령 후 7일 이내 | 수수료: 발송·취소 장당 1,000원 | 불가: 부분취소, 기간경과 | 접수: 유선(주중)",또봇 정크아트뮤지엄,경북 경주시 경감로 614,054-741-5300,,모바일티켓,바로 사용가능,사용안함,[유효 ~ 26/12/31],,"[필독!! 발송정보]
◇ 바로 발송 가능 상품 : `결제(입금) 완료` 건에 한해서 모바일 이용권이 20분이내 휴대폰 번호로 발송(미수신 시 휴대폰 차단 기능 확인!!)
◇ 수신 후 바로 사용 가능 : 모바일 이용권 수신 후 바로 사용 가능, 결제 내역으로는 이용 불가합니다.
※ 카카오톡발송채널 : 엘에스컴퍼니
[필독!! 이용정보]
※ 당일 구매/사용 가능(방문 1시간 전 구매 필수)
※ 해당 상품은 바코드 발급이 아니며,
시설사에서 성함 및 연락처 조회 후 입장하는 상품임을 안내드립니다.
◆ 유효 기간 : ~ 2026년 12월 31일(목) 까지
◆ 이용 업체 : 또봇정크아트+엑스포공원
◆ 운영 일정 : 이용업체 홈페이지 참조 필수
◆ 구매 수량 : 1인당 10매까지 구입 가능
◆ 이용 방법 : 모바일 이용권 현장 매표소 제시 후 이용 가능(재발송 가능 상품)
◆ 권종 구분 : 주중/주말, 대인/소인 구분없이 1인 1매
◆ 추가 할인 : 해당 상품은 할인 가격으로 판매되는 상품으로 추가 할인을 받으실 수 없습니다.
◆ 이용 업체에 대한 전반적인 이용 정보(운영 사항, 유의 사항, 안전 점검, 편의 시설 등)는 꼭 방문 전 홈페이지를 확인하시길 바랍니다.","▷ 취소 및 환불 요청은 주중에 유선으로만 가능합니다.(취소 및 환불 요청 고객센터 ☎ 02-536-0836)
→ 고객센터 운영시간 : 평일 10:00~16:00 운영 / 점심시간 12:00~13:00
▷ 취소 및 환불 규정은 `전자상거래등에서의 소비자보호에 관한 현행 법률`에 의거하여 작성되었습니다.
▷ 취소 및 환불은 수령하신 날로부터 7일 이내에만 가능합니다.
▷ 해당 상품은 임직원 대상 특별 할인 가격으로 판매하는 프로모션 상품입니다.
▷ 해당 상품은 이용권에 별도 표기 된 유효(이용) 기간 내 꼭 이용하셔야 합니다.
▷ 유효(이용) 기간 경과 시 별도 연장이나 취소가 안 되는 `자동 폐기 상품`입니다.(★유효 기간 연장 불가 상품!!)
▷ 부분적인 결제 취소나 부분적인 이용이 불가능한 상품입니다.(예시 : 5명일 경우 4장+1장 결제 or 2장+3장 결제)
▷ 고객 귀책 사유로 발생하는 취소 및 환불 금액에 대한 발송 및 이체 수수료는 고객이 부담하셔야 합니다.
→ 모바일 티켓 : 발송 및 취소 수수료 장당 1,000원 발생(예시 : 1,000원 X 5장 발송 = 5,000원)
→ 종이 티켓 : 폐문, 부재중, 주소 오류 등 고객 귀책 사유로 발송된 등기 반송 시 반송 비용은 고객이 부담하셔야 합니다.(반송 비용 7,500원)
→ 공통 : 환불 금액 입금 계좌가 하나은행이 아닌 타 은행인 경우 이체 수수료 500원이 발생합니다.",2026-09-30T04:42:31
327599,테마파크,테마파크,경북,청도 군파크 루지+스카이 리프트,일상에서 벗어난 짜릿한 모험 군파크 루지!,33000,23700,28,주중/주말 2회권 군파크 루지+스카이리프트(~10/31),2,"[{""option"": ""주중/주말 2회권 군파크 루지+스카이리프트(~10/31)"", ""detail_div"": ""대소공통"", ""week_div"": ""주중+주말"", ""list_price"": 33000, ""sale_price"": 23700, ""discount_pct"": 28, ""start_date"": ""2026-03-19"", ""end_date"": ""2026-10-31""}, {""option"": ""주중/주말 3회권 군파크 루지+스카이리프트(~10/31)"", ""detail_div"": ""대소공통"", ""week_div"": ""주중+주말"", ""list_price"": 40000, ""sale_price"": 29400, ""discount_pct"": 27, ""start_date"": ""2026-03-19"", ""end_date"": ""2026-10-31""}]",2026-03-19,2026-10-31,,2026-03-19 ~ 2026-10-31,모바일티켓;바로 사용가능,즉시발송,엘에스컴퍼니,알림톡,매표소 교환 / 바로 입장 | 모바일 이용권 현장 매표소 제시 후 이용 가능(재발송 가능 상품),20,"기한: 수령 후 7일 이내 | 수수료: 발송·취소 장당 1,000원 | 불가: 부분취소, 기간경과 | 접수: 유선(주중)",군파크루지 테마파크,경북 청도군 화양읍 남성현로 350-30 군파크루지 테마파크,0507-1436-8890,https://goonpark.com/,모바일티켓,바로 사용가능,사용안함,[유효 ~ 26/10/31],,"[필독!! 발송정보]
◇ 바로 발송 가능 상품 : `결제(입금) 완료` 건에 한해서 모바일 이용권이 20분이내 휴대폰 번호로 발송(미수신 시 휴대폰 차단 기능 확인!!)
◇ 수신 후 바로 사용 가능 : 모바일 이용권 수신 후 바로 사용 가능, 결제 내역으로는 이용 불가합니다.
※ 카카오톡발송채널 : 엘에스컴퍼니
[필독!! 이용정보]
※ 당일 구매/사용 가능(방문 1시간 전 구매 필수)
※ 주중,주말 / 대인,소인 공통 이용권입니다.
◆ 유효 기간 : ~ 2026년 10월 31일 까지
◆ 이용 업체 : 군파크루지 테마파크
◆ 운영 일정 : 이용업체 홈페이지 참조 필수
※ 매주 수요일 휴장
◆ 구매 수량 : 1인당 10매까지 구입 가능
◆ 이용 방법 : 모바일 이용권 현장 매표소 제시 후 이용 가능(재발송 가능 상품)
◆ 권종 구분 : 주중/주말, 대인/소인 구분없이 1인 1매
◆ 추가 할인 : 해당 상품은 할인 가격으로 판매되는 상품으로 추가 할인을 받으실 수 없습니다.
◆ 이용 업체에 대한 전반적인 이용 정보(운영 사항, 유의 사항, 안전 점검, 편의 시설 등)는 꼭 방문 전 아래 홈페이지를 클릭하셔서 확인하시길 바랍니다.
★ 홈페이지 : (클릭☞ 홈페이지 바로가기)","▷ 취소 및 환불 요청은 주중에 유선으로만 가능합니다.(취소 및 환불 요청 고객센터 ☎ 02-536-0836)
→ 고객센터 운영시간 : 평일 09:30~18:00 운영 / 점심시간 12:00~13:00
▷ 취소 및 환불 규정은 `전자상거래등에서의 소비자보호에 관한 현행 법률`에 의거하여 작성되었습니다.
▷ 취소 및 환불은 수령하신 날로부터 7일 이내에만 가능합니다.
▷ 해당 상품은 임직원 대상 특별 할인 가격으로 판매하는 프로모션 상품입니다.
▷ 해당 상품은 이용권에 별도 표기 된 유효(이용) 기간 내 꼭 이용하셔야 합니다.
▷ 유효(이용) 기간 경과 시 별도 연장이나 취소가 안 되는 `자동 폐기 상품`입니다.(★유효 기간 연장 불가 상품!!)
▷ 부분적인 결제 취소나 부분적인 이용이 불가능한 상품입니다.(예시 : 5명일 경우 4장+1장 결제 or 2장+3장 결제)
▷ 고객 귀책 사유로 발생하는 취소 및 환불 금액에 대한 발송 및 이체 수수료는 고객이 부담하셔야 합니다.
→ 모바일 티켓 : 발송 및 취소 수수료 장당 1,000원 발생(예시 : 1,000원 X 5장 발송 = 5,000원)
→ 종이 티켓 : 폐문, 부재중, 주소 오류 등 고객 귀책 사유로 발송된 등기 반송 시 반송 비용은 고객이 부담하셔야 합니다.(반송 비용 7,500원)
→ 공통 : 환불 금액 입금 계좌가 하나은행이 아닌 타 은행인 경우 이체 수수료 500원이 발생합니다.",2026-09-30T04:42:34
234364,테마파크,테마파크,양평,양떼목장,사계절 아이들의 천국,6000,5250,13,양떼목장 이용권,1,"[{""option"": ""양떼목장 이용권"", ""detail_div"": ""대소공통"", ""week_div"": ""주중+주말"", ""list_price"": 6000, ""sale_price"": 5250, ""discount_pct"": 13, ""start_date"": ""0"", ""end_date"": ""30""}]",구매일,,30,0 ~ 30,모바일티켓;바로 사용가능,즉시발송,,LMS 문자,QR/바코드 제시 / 매표소 교환 / 바로 입장 | LMS 바코드 문자 이용권 현장 매표소 제시 후 이용 가능(재발송 가능 상품),100,"기한: 수령 후 7일 이내 | 수수료: 발송·취소 장당 1,000원 | 불가: 부분취소, 기간경과 | 접수: 유선",양평 양떼목장,격기 양평군 용문면 은고갯길 112,031-774-4512,https://ypsheepfarm.modoo.at/?link=3192wj2t,모바일티켓,바로 사용가능,사용안함,[유효 ~ 30일],,"[필독!! 발송정보]
▷ 눈썰매장 무료이용 가능하며 폐장시까지 이용 가능!
◇ 바로 발송 가능 상품 : `결제(입금) 완료` 건에 한해서 LMS 바코드 이용권 문자가 20분이내 휴대폰 번호로 발송
(미수신 시 휴대폰 차단 기능 확인!!)
◇ 수신 후 바로 사용 가능 : 모바일 이용권 수신 후 바로 사용 가능, 결제 내역으로는 이용 불가합니다.
※ 문자발송번호 : 02-536-0836
[필독!! 이용정보]
◆ 유효 기간 : 구매 후 30일
◆ 이용 업체 : 양평 양떼목장(건초 먹이기-1봉지 무료제공+아기동물과 교감하기+목장산책+위험천만 놀이터)
◆ 운영 일정 : 이용업체 홈페이지 참조 필수
※ 매주 화요일 휴장
◆ 구매 수량 : 1인당 10매까지 구입 가능
◆ 이용 방법 : LMS 바코드 문자 이용권 현장 매표소 제시 후 이용 가능(재발송 가능 상품)
★ 매표소 방문 시 넥스트에너지에서 구매하셨다고 말씀해주세요!
◆ 권종 구분 : 대인/소인/주중/주말ㆍ공휴일 구분없이 1인 1매 (24개월 미만 아기는 보호자 신분증 및 확인서류 지참시에만 무료 이용 가능!!)
◆ 추가 할인 : 해당 상품은 할인 가격으로 판매되는 상품으로 추가 할인을 받으실 수 없습니다.
◆ 안내 사항 : 주말 및 성수기 기간 인원 초과 시 입장이 제한될 수 있으며, 시설 이용 제한 사항은 업체 규정에 따릅니다.
◆ 이용 업체에 대한 전반적인 이용 정보(운영 사항, 유의 사항, 안전 점검, 편의 시설 등)는 꼭 방문 전 아래 홈페이지를 클릭하셔서 확인하시길 바랍니다.
★ 홈페이지 : (클릭☞ 홈페이지 바로가기)
☎고객센터 연락처 : 02-536-0836
운영시간 [주중 및 주말 동일]
● 오전 10시 ~ 오후 4시
● 점심시간 : 12:00 ~13:00
※ 취소 및 환불문의
▷ 취소 및 환불 요청은 주중에 유선으로만 가능합니다.(취소 및 환불 요청 고객센터 ☎ 02-536-0836)
→ 토요일 및 일요일 그리고 공휴일은 제외","▷ 취소 및 환불 요청은 유선으로만 가능합니다.→ 토요일 및 일요일 그리고 공휴일은 제외(취소 및 환불 요청 고객센터 ☎ 02-536-0836)
→ 고객센터 운영시간[주중 및 주말 동일] : 오전 10시 ~ 오후 4시 / 점심시간 12:00~13:00
→ 고객센터 연락처 : 02-536-0836
▷ 취소 및 환불 규정은 `전자상거래등에서의 소비자보호에 관한 현행 법률`에 의거하여 작성되었습니다.
▷ 취소 및 환불은 수령하신 날로부터 7일 이내에만 가능합니다.
▷ 해당 상품은 임직원 대상 특별 할인 가격으로 판매하는 프로모션 상품입니다.
▷ 해당 상품은 이용권에 별도 표기 된 유효(이용) 기간 내 꼭 이용하셔야 합니다.
▷ 유효(이용) 기간 경과 시 별도 연장이나 취소가 안 되는 `자동 폐기 상품`입니다. (★유효 기간 연장 불가 상품!!)
▷ 부분적인 결제 취소나 부분적인 이용이 불가능한 상품입니다.(예시 : 5명일 경우 4장+1장 결제 or 2장+3장 결제)
▷ 고객 귀책 사유로 발생하는 취소 및 환불 금액에 대한 발송 및 이체 수수료는 고객이 부담하셔야 합니다.
→ 모바일 티켓 : 발송 및 취소 수수료 장당 1,000원 발생(예시 : 1,000원 X 5장 발송 = 5,000원)
→ 종이 티켓 : 폐문, 부재중, 주소 오류 등 고객 귀책 사유로 발송된 등기 반송 시 반송 비용은 고객이 부담하셔야 합니다. (반송 비용 6,000원)
→ 공통 : 환불 금액 입금 계좌가 하나은행이 아닌 타 은행인 경우 이체 수수료 500원이 발생합니다.",2026-09-30T04:42:37
324008,테마파크,테마파크,남해,양떼목장 양모리 학교,푸른 남해 바다가 보이는 남해 양떼목장!,7000,5650,19,대인 이용권 남해 양떼목장(~10/31),2,"[{""option"": ""대인 이용권 남해 양떼목장(~10/31)"", ""detail_div"": ""대인"", ""week_div"": ""주중+주말"", ""list_price"": 7000, ""sale_price"": 5650, ""discount_pct"": 19, ""start_date"": ""2026-05-08"", ""end_date"": ""2026-10-31""}, {""option"": ""소인 이용권 남해 양떼목장(~10/31)"", ""detail_div"": ""소인"", ""week_div"": ""주중+주말"", ""list_price"": 4000, ""sale_price"": 3750, ""discount_pct"": 6, ""start_date"": ""2026-05-08"", ""end_date"": ""2026-10-31""}]",2026-05-08,2026-10-31,,2026-05-08 ~ 2026-10-31,모바일티켓;바로 사용가능,즉시발송,엘에스컴퍼니,알림톡,매표소 교환 / 바로 입장 | 모바일 이용권 현장 매표소 제시 후 이용 가능(재발송 가능 상품),20,"기한: 수령 후 7일 이내 | 수수료: 발송·취소 장당 1,000원 | 불가: 부분취소, 기간경과 | 접수: 유선(주중)",양떼목장 양모리 학교,경남 남해군 설천면 설천로775번길 256-17,0507-1442-8993,,모바일티켓,바로 사용가능,사용안함,[유효 ~ 26/10/31],,"[필독!! 발송정보]
◇ 바로 발송 가능 상품 : `결제(입금) 완료` 건에 한해서 모바일 이용권이 20분이내 휴대폰 번호로 발송(미수신 시 휴대폰 차단 기능 확인!!)
◇ 수신 후 바로 사용 가능 : 모바일 이용권 수신 후 바로 사용 가능, 결제 내역으로는 이용 불가합니다.
※ 카카오톡발송채널 : 엘에스컴퍼니
[필독!! 이용정보]
※ 당일 구매/사용 가능(방문 1시간 전 구매 필수)
※ 대인,소인 구분하여 구매 부탁드립니다.(주중/주말 공통)
◆ 유효 기간 : ~26/10/31(토) 까지
◆ 이용 업체 : 남해 양떼목장 양모리 학교
◆ 운영 일정 : 이용업체 홈페이지 참조 필수
◆ 구매 수량 : 1인당 10매까지 구입 가능
◆ 이용 방법 : 모바일 이용권 현장 매표소 제시 후 이용 가능(재발송 가능 상품)
◆ 권종 구분 : 주중/주말, 대인/소인 구분하여 1인 1매
◆ 추가 할인 : 해당 상품은 할인 가격으로 판매되는 상품으로 추가 할인을 받으실 수 없습니다.
◆ 이용 업체에 대한 전반적인 이용 정보(운영 사항, 유의 사항, 안전 점검, 편의 시설 등)는 꼭 방문 전 홈페이지를 확인하시길 바랍니다.","▷ 취소 및 환불 요청은 주중에 유선으로만 가능합니다.(취소 및 환불 요청 고객센터 ☎ 02-536-0836)
→ 고객센터 운영시간 : 평일 10:00~16:00 운영 / 점심시간 12:00~13:00
▷ 취소 및 환불 규정은 `전자상거래등에서의 소비자보호에 관한 현행 법률`에 의거하여 작성되었습니다.
▷ 취소 및 환불은 수령하신 날로부터 7일 이내에만 가능합니다.
▷ 해당 상품은 임직원 대상 특별 할인 가격으로 판매하는 프로모션 상품입니다.
▷ 해당 상품은 이용권에 별도 표기 된 유효(이용) 기간 내 꼭 이용하셔야 합니다.
▷ 유효(이용) 기간 경과 시 별도 연장이나 취소가 안 되는 `자동 폐기 상품`입니다.(★유효 기간 연장 불가 상품!!)
▷ 부분적인 결제 취소나 부분적인 이용이 불가능한 상품입니다.(예시 : 5명일 경우 4장+1장 결제 or 2장+3장 결제)
▷ 고객 귀책 사유로 발생하는 취소 및 환불 금액에 대한 발송 및 이체 수수료는 고객이 부담하셔야 합니다.
→ 모바일 티켓 : 발송 및 취소 수수료 장당 1,000원 발생(예시 : 1,000원 X 5장 발송 = 5,000원)
→ 종이 티켓 : 폐문, 부재중, 주소 오류 등 고객 귀책 사유로 발송된 등기 반송 시 반송 비용은 고객이 부담하셔야 합니다.(반송 비용 7,500원)
→ 공통 : 환불 금액 입금 계좌가 하나은행이 아닌 타 은행인 경우 이체 수수료 500원이 발생합니다.",2026-09-30T04:42:39
311809,테마파크,테마파크,파주,헤이리 한국근현대사박물관,어른들의 아련한 추억과 아이들의 역사공부!,8000,7000,13,대인입장권 한국근현대사박물관,2,"[{""option"": ""대인입장권 한국근현대사박물관"", ""detail_div"": ""대인"", ""week_div"": ""주중+주말"", ""list_price"": 8000, ""sale_price"": 7000, ""discount_pct"": 13, ""start_date"": ""0"", ""end_date"": ""60""}, {""option"": ""소인입장권 한국근현대사박물관"", ""detail_div"": ""소인"", ""week_div"": ""주중+주말"", ""list_price"": 6000, ""sale_price"": 5200, ""discount_pct"": 13, ""start_date"": ""0"", ""end_date"": ""60""}]",구매일,,60,0 ~ 60,모바일티켓;바로 사용가능,즉시발송,,LMS 문자,QR/바코드 제시 / 매표소 교환 / 바로 입장 | LMS 바코드 문자 이용권 현장 매표소 제시 후 이용 가능(재발송 가능 상품),100,"기한: 수령 후 7일 이내 | 수수료: 발송·취소 장당 1,000원 | 불가: 부분취소, 기간경과 | 접수: 유선",한국근현대사박물관,경기 파주시 탄현면 헤이리마을길 59-85,031-957-1125,http://www.kmhm.or.kr/,모바일티켓,바로 사용가능,사용안함,[유효 ~ 60일],,"[필독!! 발송정보]
◇ 바로 발송 가능 상품 : `결제(입금) 완료` 건에 한해서 LMS 바코드 이용권 문자가 20분이내 휴대폰 번호로 발송
(미수신 시 휴대폰 차단 기능 확인!!)
◇ 수신 후 바로 사용 가능 : 모바일 이용권 수신 후 바로 사용 가능, 결제 내역으로는 이용 불가합니다.
※ 문자발송번호 : 02-536-0836
[필독!! 이용정보]
◆ 유효 기간 : 구매 후 60일
◆ 이용 업체 : 한국근현대사박물관
◆ 운영 일정 : 이용업체 홈페이지 참조 필수
※ 매주 월요일 휴관
- 대인 : 19세 이상 / 소인 : 36개월 ~ 고등학생
◆ 구매 수량 : 1인당 10매까지 구입 가능
◆ 이용 방법 : LMS 바코드 문자 이용권 현장 매표소 제시 후 이용 가능(재발송 가능 상품)
◆ 권종 구분 : 주중/주말ㆍ공휴일 구분없이 1인 1매 (36개월 미만 아기는 보호자 신분증 및 확인서류 지참시에만 무료 이용 가능!!)
★ 구매 전 옵션 별 상품정보를 확인하세요!(대인 또는 소인)
◆ 추가 할인 : 해당 상품은 할인 가격으로 판매되는 상품으로 추가 할인을 받으실 수 없습니다.
◆ 안내 사항 : 주말 및 성수기 기간 인원 초과 시 입장이 제한될 수 있으며, 시설 이용 제한 사항은 업체 규정에 따릅니다.
◆ 이용 업체에 대한 전반적인 이용 정보(운영 사항, 유의 사항, 안전 점검, 편의 시설 등)는 꼭 방문 전 아래 홈페이지를 클릭하셔서 확인하시길 바랍니다.
★ 홈페이지 : (클릭☞ 홈페이지 바로가기)
☎고객센터 연락처 : 02-536-0836
운영시간 [주중 및 주말 동일]
● 오전 10시 ~ 오후 4시
● 점심시간 : 12:00 ~13:00
※ 취소 및 환불문의
▷ 취소 및 환불 요청은 주중에 유선으로만 가능합니다.(취소 및 환불 요청 고객센터 ☎ 02-536-0836)
→ 토요일 및 일요일 그리고 공휴일은 제외","▷ 취소 및 환불 요청은 유선으로만 가능합니다.→ 토요일 및 일요일 그리고 공휴일은 제외(취소 및 환불 요청 고객센터 ☎ 02-536-0836)
→ 고객센터 운영시간[주중 및 주말 동일] : 오전 10시 ~ 오후 4시 / 점심시간 12:00~13:00
→ 고객센터 연락처 : 02-536-0836
▷ 취소 및 환불 규정은 `전자상거래등에서의 소비자보호에 관한 현행 법률`에 의거하여 작성되었습니다.
▷ 취소 및 환불은 수령하신 날로부터 7일 이내에만 가능합니다.
▷ 해당 상품은 임직원 대상 특별 할인 가격으로 판매하는 프로모션 상품입니다.
▷ 해당 상품은 이용권에 별도 표기 된 유효(이용) 기간 내 꼭 이용하셔야 합니다.
▷ 유효(이용) 기간 경과 시 별도 연장이나 취소가 안 되는 `자동 폐기 상품`입니다.(★유효 기간 연장 불가 상품!!)
▷ 부분적인 결제 취소나 부분적인 이용이 불가능한 상품입니다.(예시 : 5명일 경우 4장+1장 결제 or 2장+3장 결제)
▷ 고객 귀책 사유로 발생하는 취소 및 환불 금액에 대한 발송 및 이체 수수료는 고객이 부담하셔야 합니다.
→ 모바일 티켓 : 발송 및 취소 수수료 장당 1,000원 발생(예시 : 1,000원 X 5장 발송 = 5,000원)
→ 종이 티켓 : 폐문, 부재중, 주소 오류 등 고객 귀책 사유로 발송된 등기 반송 시 반송 비용은 고객이 부담하셔야 합니다.(반송 비용 7,500원)
→ 공통 : 환불 금액 입금 계좌가 하나은행이 아닌 타 은행인 경우 이체 수수료 500원이 발생합니다.",2026-09-30T04:42:42
324071,테마파크,테마파크,파주,헤이리 사파리체험테마파크,오감만족 테마파크,27000,13000,52,1인 입장권(사파리+파충류+마술쇼+4D라이더)(~10/31),3,"[{""option"": ""1인 입장권(사파리+파충류+마술쇼+4D라이더)(~10/31)"", ""detail_div"": ""대소공통"", ""week_div"": ""주중+주말"", ""list_price"": 27000, ""sale_price"": 13000, ""discount_pct"": 52, ""start_date"": ""2026-05-01"", ""end_date"": ""2026-10-31""}, {""option"": ""1인 입장권+버블쇼(~10/31)"", ""detail_div"": ""대소공통"", ""week_div"": ""주중+주말"", ""list_price"": 37000, ""sale_price"": 18000, ""discount_pct"": 51, ""start_date"": ""2026-05-01"", ""end_date"": ""2026-10-31""}, {""option"": ""1인 입장권+카페 이용권(~10/31)"", ""detail_div"": ""대소공통"", ""week_div"": ""주중+주말"", ""list_price"": 32000, ""sale_price"": 17000, ""discount_pct"": 47, ""start_date"": ""2026-05-01"", ""end_date"": ""2026-10-31""}]",2026-05-01,2026-10-31,,2026-05-01 ~ 2026-10-31,모바일티켓;바로 사용가능,즉시발송,엘에스컴퍼니,알림톡,매표소 교환 / 바로 입장 | 모바일 이용권 현장 매표소 제시 후 이용 가능(재발송 가능 상품),20,"기한: 수령 후 7일 이내 | 수수료: 발송·취소 장당 1,000원 | 불가: 부분취소, 기간경과 | 접수: 유선(주중)",사파리체험테마파크,경기 파주시 탄현면 헤이리마을길 93-75,031-946-6656,,모바일티켓,바로 사용가능,사용안함,[유효 ~ 26/10/31],,"[필독!! 발송정보]
◇ 바로 발송 가능 상품 : `결제(입금) 완료` 건에 한해서 모바일 이용권이 20분이내 휴대폰 번호로 발송(미수신 시 휴대폰 차단 기능 확인!!)
◇ 수신 후 바로 사용 가능 : 모바일 이용권 수신 후 바로 사용 가능, 결제 내역으로는 이용 불가합니다.
※ 카카오톡발송채널 : 엘에스컴퍼니
[필독!! 이용정보]
※ 당일 구매/사용 가능(방문 1시간 전 구매 필수)
※ 사파리체험 테마파크 6월 5일 마술공연 휴장입니다.
(사파리는 정상영업)
※ 주중,주말 / 대인,소인 공통 이용권입니다.
◆ 유효 기간 : ~26/10/31(토) 까지
◆ 이용 업체 : 헤이리 사파리 체험 테마파크
◆ 운영 일정 : 이용업체 홈페이지 참조 필수
◆ 구매 수량 : 1인당 10매까지 구입 가능
◆ 이용 방법 : 모바일 이용권 현장 매표소 제시 후 이용 가능(재발송 가능 상품)
◆ 권종 구분 : 주중/주말, 대인/소인 구분없이 1인 1매
◆ 추가 할인 : 해당 상품은 할인 가격으로 판매되는 상품으로 추가 할인을 받으실 수 없습니다.
◆ 이용 업체에 대한 전반적인 이용 정보(운영 사항, 유의 사항, 안전 점검, 편의 시설 등)는 꼭 방문 전 홈페이지를 확인하시길 바랍니다.","▷ 취소 및 환불 요청은 주중에 유선으로만 가능합니다.(취소 및 환불 요청 고객센터 ☎ 02-536-0836)
→ 고객센터 운영시간 : 평일 09:30~18:00 운영 / 점심시간 12:00~13:00
▷ 취소 및 환불 규정은 `전자상거래등에서의 소비자보호에 관한 현행 법률`에 의거하여 작성되었습니다.
▷ 취소 및 환불은 수령하신 날로부터 7일 이내에만 가능합니다.
▷ 해당 상품은 임직원 대상 특별 할인 가격으로 판매하는 프로모션 상품입니다.
▷ 해당 상품은 이용권에 별도 표기 된 유효(이용) 기간 내 꼭 이용하셔야 합니다.
▷ 유효(이용) 기간 경과 시 별도 연장이나 취소가 안 되는 `자동 폐기 상품`입니다.(★유효 기간 연장 불가 상품!!)
▷ 부분적인 결제 취소나 부분적인 이용이 불가능한 상품입니다.(예시 : 5명일 경우 4장+1장 결제 or 2장+3장 결제)
▷ 고객 귀책 사유로 발생하는 취소 및 환불 금액에 대한 발송 및 이체 수수료는 고객이 부담하셔야 합니다.
→ 모바일 티켓 : 발송 및 취소 수수료 장당 1,000원 발생(예시 : 1,000원 X 5장 발송 = 5,000원)
→ 종이 티켓 : 폐문, 부재중, 주소 오류 등 고객 귀책 사유로 발송된 등기 반송 시 반송 비용은 고객이 부담하셔야 합니다.(반송 비용 7,500원)
→ 공통 : 환불 금액 입금 계좌가 하나은행이 아닌 타 은행인 경우 이체 수수료 500원이 발생합니다.",2026-09-30T04:42:44
293638,테마파크,테마파크,고양,원더빌리지,즐거운 체험형 미디어 놀이터,12000,8500,29,대인입장권(중학생이상) 원더빌리지,2,"[{""option"": ""대인입장권(중학생이상) 원더빌리지"", ""detail_div"": ""대인"", ""week_div"": ""주중+주말"", ""list_price"": 12000, ""sale_price"": 8500, ""discount_pct"": 29, ""start_date"": ""0"", ""end_date"": ""60""}, {""option"": ""소인입장권(24개월~초등학생) 원더빌리지"", ""detail_div"": ""소인"", ""week_div"": ""주중+주말"", ""list_price"": 19000, ""sale_price"": 13500, ""discount_pct"": 29, ""start_date"": ""0"", ""end_date"": ""60""}]",구매일,,60,0 ~ 60,모바일티켓;바로 사용가능,즉시발송,,LMS 문자/순차 발송,매표소 교환 / 바로 입장 | 모바일 이용권 현장 매표소 제시 후 이용 가능(재발송 가능 상품),100,"기한: 수령 후 7일 이내 | 수수료: 발송·취소 장당 1,000원 | 불가: 부분취소, 기간경과 | 접수: 유선",원더빌리지,경기 고양시 덕양구 고양대로 1955 3층 원더빌리지,031-5173-3457,https://www.wondervillage.co.kr/,모바일티켓,바로 사용가능,사용안함,[유효 ~ 60일],,"[필독!! 발송정보]
◇ 순차 발송 상품 : 매일 23:30까지 결제(가상계좌 입금) 완료 건에 한해서 결제 확인 후부터 익일 09:30까지 모바일 이용권이 결제완료순으로 발송됩니다.(미수신 시 휴대폰 차단 기능 확인!!)
◇ 수신 후 바로 사용 가능 : 모바일 이용권 수신 후 바로 사용 가능, 결제 내역으로는 이용 불가합니다.
※ 주문량에 따라 발송 소요시간이 달라질 수 있습니다.
※ 문자발송번호 : 02-2055-0455
[필독!! 이용정보]
◆ 유효 기간 : 구매 후 60일
◆ 이용 업체 : 원더빌리지
◆ 운영 일정 : 이용업체 홈페이지 참조 필수
◆ 구매 수량 : 1인당 10매까지 구입 가능
◆ 이용 방법 : 모바일 이용권 현장 매표소 제시 후 이용 가능(재발송 가능 상품)
◆ 권종 구분 : 주중/주말ㆍ공휴일 구분없이 1인 1매 (36개월 미만 아기는 보호자 신분증 및 확인서류 지참시에만 무료 이용 가능!!)
◆ 추가 할인 : 해당 상품은 할인 가격으로 판매되는 상품으로 추가 할인을 받으실 수 없습니다.
◆ 안내 사항 : 주말 및 성수기 기간 인원 초과 시 입장이 제한될 수 있으며, 시설 이용 제한 사항은 업체 규정에 따릅니다.
◆ 이용 업체에 대한 전반적인 이용 정보(운영 사항, 유의 사항, 안전 점검, 편의 시설 등)는 꼭 방문 전 아래 홈페이지를 클릭하셔서 확인하시길 바랍니다.
★ 홈페이지 : (클릭☞ 홈페이지 바로가기)
☎고객센터 연락처 : 02-536-0836
운영시간 [주중 및 주말 동일]
● 오전 10시 ~ 오후 4시
● 점심시간 : 12:00 ~13:00
※ 취소 및 환불문의
▷ 취소 및 환불 요청은 주중에 유선으로만 가능합니다.(취소 및 환불 요청 고객센터 ☎ 02-536-0836)
→ 토요일 및 일요일 그리고 공휴일은 제외","▷ 취소 및 환불 요청은 유선으로만 가능합니다.→ 토요일 및 일요일 그리고 공휴일은 제외(취소 및 환불 요청 고객센터 ☎ 02-536-0836)
→ 고객센터 운영시간 : 평일 10:00~16:00 운영 / 점심시간 12:00~13:00
▷ 취소 및 환불 규정은 `전자상거래등에서의 소비자보호에 관한 현행 법률`에 의거하여 작성되었습니다.
▷ 취소 및 환불은 수령하신 날로부터 7일 이내에만 가능합니다.
▷ 해당 상품은 임직원 대상 특별 할인 가격으로 판매하는 프로모션 상품입니다.
▷ 해당 상품은 이용권에 별도 표기 된 유효(이용) 기간 내 꼭 이용하셔야 합니다.
▷ 유효(이용) 기간 경과 시 별도 연장이나 취소가 안 되는 `자동 폐기 상품`입니다.(★유효 기간 연장 불가 상품!!)
▷ 부분적인 결제 취소나 부분적인 이용이 불가능한 상품입니다.(예시 : 5명일 경우 4장+1장 결제 or 2장+3장 결제)
▷ 고객 귀책 사유로 발생하는 취소 및 환불 금액에 대한 발송 및 이체 수수료는 고객이 부담하셔야 합니다.
→ 모바일 티켓 : 발송 및 취소 수수료 장당 1,000원 발생(예시 : 1,000원 X 5장 발송 = 5,000원)
→ 종이 티켓 : 폐문, 부재중, 주소 오류 등 고객 귀책 사유로 발송된 등기 반송 시 반송 비용은 고객이 부담하셔야 합니다.(반송 비용 7,500원)
→ 공통 : 환불 금액 입금 계좌가 하나은행이 아닌 타 은행인 경우 이체 수수료 500원이 발생합니다.",2026-09-30T04:42:47
276039,테마파크,테마파크,가평,쁘띠프랑스&이탈리아마을,유럽의 문화와 예술을 직접 느낄 수 있는 곳,28000,16500,41,대인이용권 쁘띠프랑스&이탈리아마을 PKG,2,"[{""option"": ""대인이용권 쁘띠프랑스&이탈리아마을 PKG"", ""detail_div"": ""대인"", ""week_div"": ""주중+주말"", ""list_price"": 28000, ""sale_price"": 16500, ""discount_pct"": 41, ""start_date"": ""0"", ""end_date"": ""60""}, {""option"": ""소인이용권 쁘띠프랑스&이탈리아마을 PKG"", ""detail_div"": ""소인"", ""week_div"": ""주중+주말"", ""list_price"": 22000, ""sale_price"": 14300, ""discount_pct"": 35, ""start_date"": ""0"", ""end_date"": ""60""}]",구매일,,60,0 ~ 60,모바일티켓;바로 사용가능,즉시발송,,LMS 문자,QR/바코드 제시 / 매표소 교환 / 바로 입장 | LMS 바코드 문자 이용권 현장 매표소 제시 후 이용 가능(재발송 가능 상품),20,"기한: 수령 후 7일 이내 | 수수료: 발송·취소 장당 1,000원 | 불가: 부분취소, 기간경과 | 접수: 유선",(주)쁘띠프랑스,경기 가평군 청평면 호반로 1063,031-584-8200,http://www.pfcamp.com/,모바일티켓,바로 사용가능,사용안함,[유효 ~ 60일],,"[필독!! 발송정보]
◇ 바로 발송 가능 상품 : `결제(입금) 완료` 건에 한해서 LMS 바코드 이용권 문자가 20분이내 휴대폰 번호로 발송(미수신 시 휴대폰 차단 기능 확인!!)
◇ 수신 후 바로 사용 가능 : LMS 바코드 이용권 문자 수신 후 바로 사용 가능, 결제 내역으로는 이용 불가합니다.
※ 문자발송번호 : 02-536-0836
[필독!! 이용정보]
◆ 유효 기간 : 구매 후 60일
◆ 이용 업체 : 쁘띠프랑스&이탈리아마을
◆ 운영 일정 : 이용업체 홈페이지 참조 필수
◆ 구매 수량 : 1인당 10매까지 구입 가능
◆ 이용 방법 : LMS 바코드 문자 이용권 현장 매표소 제시 후 이용 가능(재발송 가능 상품)
◆ 권종 구분 : 주중/주말ㆍ공휴일 구분없이 1인 1매 (36개월 미만 아기는 보호자 신분증 및 확인서류 지참시에만 무료 이용 가능!!)
★ 구매 전 옵션 별 상품정보를 확인하세요!(대인 또는 소인)
※ 대인 : 중학생 이상 / 소인 : 36개월 ~ 초등학생
◆ 추가 할인 : 해당 상품은 할인 가격으로 판매되는 상품으로 추가 할인을 받으실 수 없습니다.
◆ 안내 사항 : 주말 및 성수기 기간 인원 초과 시 입장이 제한될 수 있으며, 시설 이용 제한 사항은 업체 규정에 따릅니다.
◆ 이용 업체에 대한 전반적인 이용 정보(운영 사항, 유의 사항, 안전 점검, 편의 시설 등)는 꼭 방문 전 아래 홈페이지를 클릭하셔서 확인하시길 바랍니다.
★ 홈페이지 : (클릭☞ 쁘띠프랑스&이탈리아마을 홈페이지 바로가기)
☎고객센터 연락처 : 02-536-0836
운영시간 [주중 및 주말 동일]
● 오전 10시 ~ 오후 4시
● 점심시간 : 12:00 ~13:00
※ 취소 및 환불문의
▷ 취소 및 환불 요청은 주중에 유선으로만 가능합니다.(취소 및 환불 요청 고객센터 ☎ 02-536-0836)
→ 토요일 및 일요일 그리고 공휴일은 제외","▷ 취소 및 환불 요청은 유선으로만 가능합니다.→ 토요일 및 일요일 그리고 공휴일은 제외(취소 및 환불 요청 고객센터 ☎ 02-536-0836)
→ 고객센터 운영시간[주중 및 주말 동일] : 오전 10시 ~ 오후 4시 / 점심시간 12:00~13:00
→ 고객센터 연락처 : 02-536-0836
▷ 취소 및 환불 규정은 `전자상거래등에서의 소비자보호에 관한 현행 법률`에 의거하여 작성되었습니다.
▷ 취소 및 환불은 수령하신 날로부터 7일 이내에만 가능합니다.
▷ 해당 상품은 임직원 대상 특별 할인 가격으로 판매하는 프로모션 상품입니다.
▷ 해당 상품은 이용권에 별도 표기 된 유효(이용) 기간 내 꼭 이용하셔야 합니다.
▷ 유효(이용) 기간 경과 시 별도 연장이나 취소가 안 되는 `자동 폐기 상품`입니다. (★유효 기간 연장 불가 상품!!)
▷ 부분적인 결제 취소나 부분적인 이용이 불가능한 상품입니다.(예시 : 5명일 경우 4장+1장 결제 or 2장+3장 결제)
▷ 고객 귀책 사유로 발생하는 취소 및 환불 금액에 대한 발송 및 이체 수수료는 고객이 부담하셔야 합니다.
→ 모바일 티켓 : 발송 및 취소 수수료 장당 1,000원 발생(예시 : 1,000원 X 5장 발송 = 5,000원)
→ 종이 티켓 : 폐문, 부재중, 주소 오류 등 고객 귀책 사유로 발송된 등기 반송 시 반송 비용은 고객이 부담하셔야 합니다. (반송 비용 6,000원)
→ 공통 : 환불 금액 입금 계좌가 하나은행이 아닌 타 은행인 경우 이체 수수료 500원이 발생합니다.",2026-09-30T04:42:50
234301,테마파크,테마파크,양평,풀향기허브나라&토이박물관,향기 가득한 허브나라와 개인수집가의 16년으로 채운 토이박물관,6000,5000,17,풀향기허브나라&토이박물관 대인이용권,2,"[{""option"": ""풀향기허브나라&토이박물관 대인이용권"", ""detail_div"": ""대인"", ""week_div"": ""주중+주말"", ""list_price"": 6000, ""sale_price"": 5000, ""discount_pct"": 17, ""start_date"": ""0"", ""end_date"": ""30""}, {""option"": ""풀향기허브나라&토이박물관 소인이용권"", ""detail_div"": ""소인"", ""week_div"": ""주중+주말"", ""list_price"": 4000, ""sale_price"": 3500, ""discount_pct"": 13, ""start_date"": ""0"", ""end_date"": ""30""}]",구매일,,30,0 ~ 30,모바일티켓;바로 사용가능,즉시발송,,LMS 문자,QR/바코드 제시 / 매표소 교환 / 바로 입장 | LMS 바코드 문자 이용권 현장 매표소 제시 후 이용 가능(재발송 가능 상품),10,"기한: 수령 후 7일 이내 | 수수료: 발송·취소 장당 1,000원 | 불가: 부분취소, 기간경과 | 접수: 유선",풀향기허브나라,경기 양평군 용문면 용문산로 120-5,031-771-1809,http://www.pulpul.co.kr/default/,모바일티켓,바로 사용가능,사용안함,[유효 ~ 30일],,"[필독!! 발송정보]
◇ 바로 발송 가능 상품 : `결제(입금) 완료` 건에 한해서 LMS 바코드 이용권 문자가 20분이내 휴대폰 번호로 발송
(미수신 시 휴대폰 차단 기능 확인!!)
◇ 수신 후 바로 사용 가능 : 모바일 이용권 수신 후 바로 사용 가능, 결제 내역으로는 이용 불가합니다.
※ 문자발송번호 : 02-536-0836
[필독!! 이용정보]
◆ 유효 기간 : 구매 후 30일
◆ 이용 업체 : 양평 풀향기허브나라&토이박물관(1인 1음료 제공 포함)
◆ 운영 일정 : 이용업체 홈페이지 참조 필수
◆ 구매 수량 : 1인당 10매까지 구입 가능
◆ 이용 방법 : LMS 바코드 문자 이용권 현장 매표소 제시 후 이용 가능(재발송 가능 상품)
◆ 권종 구분 : 주중/주말ㆍ공휴일 구분없이 1인 1매 (24개월 미만 아기는 보호자 신분증 및 확인서류 지참시에만 무료 이용 가능!!)
★ 구매 전 옵션 별 상품정보를 확인하세요!(대인 또는 소인)
◆ 추가 할인 : 해당 상품은 할인 가격으로 판매되는 상품으로 추가 할인을 받으실 수 없습니다.
◆ 안내 사항 : 주말 및 성수기 기간 인원 초과 시 입장이 제한될 수 있으며, 시설 이용 제한 사항은 업체 규정에 따릅니다.
◆ 이용 업체에 대한 전반적인 이용 정보(운영 사항, 유의 사항, 안전 점검, 편의 시설 등)는 꼭 방문 전 아래 홈페이지를 클릭하셔서 확인하시길 바랍니다.
★ 홈페이지 : (클릭☞ 홈페이지 바로가기)
☎고객센터 연락처 : 02-536-0836
운영시간 [주중 및 주말 동일]
● 오전 10시 ~ 오후 4시
● 점심시간 : 12:00 ~13:00
※ 취소 및 환불문의
▷ 취소 및 환불 요청은 주중에 유선으로만 가능합니다.(취소 및 환불 요청 고객센터 ☎ 02-536-0836)
→ 토요일 및 일요일 그리고 공휴일은 제외","▷ 취소 및 환불 요청은 유선으로만 가능합니다.→ 토요일 및 일요일 그리고 공휴일은 제외(취소 및 환불 요청 고객센터 ☎ 02-536-0836)
→ 고객센터 운영시간[주중 및 주말 동일] : 오전 10시 ~ 오후 4시 / 점심시간 12:00~13:00
→ 고객센터 연락처 : 02-536-0836
▷ 취소 및 환불 규정은 `전자상거래등에서의 소비자보호에 관한 현행 법률`에 의거하여 작성되었습니다.
▷ 취소 및 환불은 수령하신 날로부터 7일 이내에만 가능합니다.
▷ 해당 상품은 임직원 대상 특별 할인 가격으로 판매하는 프로모션 상품입니다.
▷ 해당 상품은 이용권에 별도 표기 된 유효(이용) 기간 내 꼭 이용하셔야 합니다.
▷ 유효(이용) 기간 경과 시 별도 연장이나 취소가 안 되는 `자동 폐기 상품`입니다. (★유효 기간 연장 불가 상품!!)
▷ 부분적인 결제 취소나 부분적인 이용이 불가능한 상품입니다.(예시 : 5명일 경우 4장+1장 결제 or 2장+3장 결제)
▷ 고객 귀책 사유로 발생하는 취소 및 환불 금액에 대한 발송 및 이체 수수료는 고객이 부담하셔야 합니다.
→ 모바일 티켓 : 발송 및 취소 수수료 장당 1,000원 발생(예시 : 1,000원 X 5장 발송 = 5,000원)
→ 종이 티켓 : 폐문, 부재중, 주소 오류 등 고객 귀책 사유로 발송된 등기 반송 시 반송 비용은 고객이 부담하셔야 합니다. (반송 비용 6,000원)
→ 공통 : 환불 금액 입금 계좌가 하나은행이 아닌 타 은행인 경우 이체 수수료 500원이 발생합니다.",2026-09-30T04:42:51
324701,레져,크루즈,여의도,달빛뮤직/불꽃뮤직/별빛 크루즈,한강에서 펼쳐지는 이색 경험!,32900,29900,9,[여의도] 달빛뮤직 크루즈 대인이용권(~10/31),6,"[{""option"": ""[여의도] 달빛뮤직 크루즈 대인이용권(~10/31)"", ""detail_div"": ""대인"", ""week_div"": ""주중+주말"", ""list_price"": 32900, ""sale_price"": 29900, ""discount_pct"": 9, ""start_date"": ""2026-06-01"", ""end_date"": ""2026-10-31""}, {""option"": ""[여의도] 달빛뮤직 크루즈 소인이용권(~10/31)"", ""detail_div"": ""소인"", ""week_div"": ""주중+주말"", ""list_price"": 22900, ""sale_price"": 20900, ""discount_pct"": 9, ""start_date"": ""2026-06-01"", ""end_date"": ""2026-10-31""}, {""option"": ""[여의도] 불꽃뮤직 크루즈 대인이용권(9/11~10/30)"", ""detail_div"": ""대인"", ""week_div"": ""주중+주말"", ""list_price"": 47900, ""sale_price"": 44900, ""discount_pct"": 6, ""start_date"": ""2026-09-11"", ""end_date"": ""2026-10-30""}, {""option"": ""[여의도] 불꽃뮤직 크루즈 소인이용권(9/11~10/30)"", ""detail_div"": ""대인"", ""week_div"": ""주중+주말"", ""list_price"": 32900, ""sale_price"": 29900, ""discount_pct"": 9, ""start_date"": ""2026-09-11"", ""end_date"": ""2026-10-30""}, {""option"": ""[여의도] 별빛 크루즈 대인이용권(~10/31)"", ""detail_div"": ""대인"", ""week_div"": ""주중+주말"", ""list_price"": 25900, ""sale_price"": 21900, ""discount_pct"": 15, ""start_date"": ""2026-06-01"", ""end_date"": ""2026-10-31""}, {""option"": ""[여의도] 별빛 크루즈 소인이용권(~10/31)"", ""detail_div"": ""소인"", ""week_div"": ""주중+주말"", ""list_price"": 17900, ""sale_price"": 15900, ""discount_pct"": 11, ""start_date"": ""2026-06-01"", ""end_date"": ""2026-10-31""}]",2026-06-01,2026-10-31,,2026-06-01 ~ 2026-10-31,모바일티켓;예약필수,예약필수,,알림톡,매표소 교환 / 온라인 예약 / 카카오톡 예약 | 구매 후 발송되는 알림톡 내 링크를 통해 사전예약 후 이용 가능(재발송 가능 상품),20,"수수료: 발송·취소 장당 1,000원, D-1 100% | 불가: 부분취소, 사용·발권 후 | 접수: 유선(주중)",여의도 크루즈,서울특별시 영등포구 여의동로 280 이랜드루즈,070-4263-7790,,모바일티켓,예약필수,사용안함,[유효 ~ 26/10/31],,"[필독!! 발송정보]
◇ 예약 필수 상품 : 모바일 이용권 수신 후 직접 예약해주셔야 하며, 결제 내역으로는 이용 불가합니다.
※ 사전예약 필수 : 구매 당일 날짜는 예약이 불가합니다.
※ 예약 시 대표자 및 일행정보 기입 필수 → 탑승 시 예약 대표자 성함 및 연락처를 확인합니다.(대표자 및 일행 신분증을 지참해주세요!)
[필독!! 이용정보]
◆ 유효 기간 : 옵션 별 상이합니다. 옵션명에 있는 날짜를 확인해주세요.
◆ 이용 업체 : LS컴퍼니
◆ 구매 수량 : 1인당 10매까지 구입 가능
◆ 이용 방법 : 구매 후 발송되는 알림톡 내 링크를 통해 사전예약 후 이용 가능(재발송 가능 상품)
★ 구매당일 이용불가
◆ 권종 구분 : 주중/주말/공휴일 구분없이 1인 1매 (24개월 미만 아기는 보호자 신분증 및 확인서류 지참시에만 무료 이용 가능!!)
★ 대인권 및 소인권 옵션 확인 후 구매해주시기 바랍니다.
※ 대인 : 중학생 이상 / 소인 : 24개월 ~ 초등학생
◆ 추가 할인 : 해당 상품은 할인 가격으로 판매되는 상품으로 추가 할인을 받으실 수 없습니다.
◆ 컨텐츠 내 크루즈 운행안내 시간 참고하시어 예약 부탁드립니다.
◆ 유선 및 도선 사업 법에 의해 승선하시는 모든 분들(성인만) 신분증 지참 필수입니다. (현장확인)
◆ 미성년자는 동승 보호자의 신분증만 확인합니다.
◆ 탑승 전, 매표소에 방문하여 승선신고서 작성 후 티켓을 수령해주시기 바랍니다. (온라인 예약자도 필수)
◆ 매표소 미 방문 및 티켓 미 수령 시 크루즈 탑승이 불가하며, 발권을 위해 최소 30분 전 매표소 방문 바랍니다.
◆ 승선 전 신분증 지참 및 승선신고서 작성 필수입니다.
◆ 주차확인은 매표소에서 승선신고서 내 차량번호 기재 시, 이용당일 자정까지 무료입니다. ('여의도 제 1주차장'만 무료주차가능)
◆ 이용 인원에 따라 대기시간이 지연될 수 있습니다.
◆ 강풍, 폭설 등 기상악화로 인한 결항 확정 시 날짜 변경, 취소가 가능합니다. (사전 개별 통보)
◆ 선박사정에 의해 운항스케줄이 개정 될수 있으니 양해부탁드립니다.
◆ 당일 예약 취소변경은 공석운항 수수료로 인해 환불이 불가합니다.
◆ 선박 변경으로 인해 모든 휠체어 및 유모차 승선이 불가하며, 선착장 내 보관장소에 보관 후 탑승하실 수 있습니 다.
◆ 최소 인원(20명 미만) 미달로 인한 결항 시, 고객님께 문자 또는 유선 안내 드리며 100% 환불 또는 이용날짜 변경이 가능합니다.
☎고객센터 연락처 : 02-536-0836
운영시간 [주중 및 주말 동일]
● 오전 10시 ~ 오후 4시
● 점심시간 : 12:00 ~13:00
※ 취소 및 환불문의
▷ 취소 및 환불 요청은 주중에 유선으로만 가능합니다.(취소 및 환불 요청 고객센터 ☎ 02-536-0836)
→ 토요일 및 일요일 그리고 공휴일은 제외","[ 예약 전 취소 · 환불 안내 ]
▷ 취소 및 환불 요청은 주중에 유선으로만 가능합니다.→ 토요일 및 일요일 그리고 공휴일은 제외(취소 및 환불 요청 고객센터 ☎ 02-536-0836)
→ 고객센터 운영시간[주중 및 주말 동일] : 오전 10시 ~ 오후 4시 / 점심시간 12:00~13:00
→ 고객센터 연락처 : 02-536-0836
▷ 취소 및 환불 규정은 `전자상거래등에서의 소비자보호에 관한 현행 법률`에 의거하여 작성되었습니다.
▷ 업체 확인 후 취소가 완료되는 상품입니다.
▷ 영업일(주말, 공휴일 제외) 16시 기준으로 취소 위약금이 부과됩니다.
▷ 지정한 날짜 1일 전 16시 이전 접수 시 100% 환불 가능합니다.
▷ 16시 이후 일괄 사용처리되므로 취소 접수 불가합니다.
▷ 토,일,월 이용 고객은 금요일 16시까지 취소해야 환불 가능하며, 금요일이 공휴일일 경우 목요일 16시까지 취소해야 환불 가능합니다.
▷ 금요일 공휴일인 경우, 목요일 16시까지 취소 시 환불 가능
▷ 재입장 불가합니다.
▷ 사용 후 부분취소 및 환불 불가합니다.
▷ 기상악화로 인한 미운행시에는 크루즈금액 전액 환불가능합니다.
▷ 관람인원 변경시 전체취소 후 재구매 필수입니다.
[ 예약 후 취소 · 환불 안내 ]
▶ 모바일권수령후 7일 內 취소 시 - 모바일 발송시스템 발송 및 취소수수료 장당 1,000원 및 환불 타은행 (입금계좌가 하나은행이 아닌 경우) 계좌 이체수수료 500원 고객부담
▶ 모바일권수령후 7일 이후 ~ 14일 內 취소 시 - 구입금액의 10프로 제외후 환불
▶ 모바일권수령후 14일 이후 ~ 21일 內 취소 시 - 구입금액의 20프로 제외후 환불
▶ 모바일권수령후 21일 이후 ~ 28일 內 취소 시 - 구입금액의 30프로 제외후 환불
▶모바일권수령후 28일 이후 ~ 30일 內 취소 시 - 구입금액의 50프로 제외후 환불
※ 취소 · 환불은 평일(월요일 ~ 금요일) 환불상담 가능 시간(09:30 ~ 17:30/점심시간 12:00 ~ 13:00 제외)에만 가능합니다.
→상담시간 외 문의 시 다음날 문의로 간주됩니다.",2026-09-30T04:42:53
324638,레져,크루즈,여의도,선셋 크루즈,한강에서 펼쳐지는 이색 경험!,25900,22900,12,[여의도] 선셋 크루즈 대인이용권(~10/31),2,"[{""option"": ""[여의도] 선셋 크루즈 대인이용권(~10/31)"", ""detail_div"": ""대인"", ""week_div"": ""주중+주말"", ""list_price"": 25900, ""sale_price"": 22900, ""discount_pct"": 12, ""start_date"": ""2026-09-01"", ""end_date"": ""2026-10-31""}, {""option"": ""[여의도] 선셋 크루즈 소인이용권(~10/31)"", ""detail_div"": ""소인"", ""week_div"": ""주중+주말"", ""list_price"": 17900, ""sale_price"": 15900, ""discount_pct"": 11, ""start_date"": ""2026-09-01"", ""end_date"": ""2026-10-31""}]",2026-09-01,2026-10-31,,2026-09-01 ~ 2026-10-31,모바일티켓;예약필수,예약필수,,알림톡,매표소 교환 / 온라인 예약 / 카카오톡 예약 | 구매 후 발송되는 알림톡 내 링크를 통해 사전예약 후 이용 가능(재발송 가능 상품),20,"수수료: 발송·취소 장당 1,000원, D-1 100% | 불가: 부분취소, 사용·발권 후 | 접수: 유선",여의도 크루즈,서울특별시 영등포구 여의동로 280 이랜드루즈,070-4263-7790,,모바일티켓,예약필수,사용안함,[유효 ~ 26/10/31],,"[필독!! 발송정보]
◇ 예약 필수 상품 : 모바일 이용권 수신 후 직접 예약해주셔야 하며, 결제 내역으로는 이용 불가합니다.
※ 사전예약 필수 : 구매 당일 날짜는 예약이 불가합니다.
※ 예약 시 대표자 및 일행정보 기입 필수 → 탑승 시 예약 대표자 성함 및 연락처를 확인합니다.(대표자 및 일행 신분증을 지참해주세요!)
[필독!! 이용정보]
◆ 유효 기간 : 옵션 별 상이합니다. 옵션 옆 날짜를 확인해주세요.
위 내용 꼭 확인 후 구매 바랍니다.
◆ 이용 업체 : LS컴퍼니
◆ 구매 수량 : 1인당 10매까지 구입 가능
◆ 이용 방법 : 구매 후 발송되는 알림톡 내 링크를 통해 사전예약 후 이용 가능(재발송 가능 상품)
★ 구매당일 이용불가
◆ 권종 구분 : 주중/주말/공휴일 구분없이 1인 1매 (24개월 미만 아기는 보호자 신분증 및 확인서류 지참시에만 무료 이용 가능!!)
★ 대인권 및 소인권 옵션 확인 후 구매해주시기 바랍니다.
※ 대인 : 중학생 이상 / 소인 : 24개월 ~ 초등학생
◆ 추가 할인 : 해당 상품은 할인 가격으로 판매되는 상품으로 추가 할인을 받으실 수 없습니다.
◆ 컨텐츠 내 크루즈 운행안내 시간 참고하시어 예약 부탁드립니다.
◆ 유선 및 도선 사업 법에 의해 승선하시는 모든 분들(성인만) 신분증 지참 필수입니다. (현장확인)
◆ 미성년자는 동승 보호자의 신분증만 확인합니다.
◆ 탑승 전, 매표소에 방문하여 승선신고서 작성 후 티켓을 수령해주시기 바랍니다. (온라인 예약자도 필수)
◆ 매표소 미 방문 및 티켓 미 수령 시 크루즈 탑승이 불가하며, 발권을 위해 최소 30분 전 매표소 방문 바랍니다.
◆ 승선 전 신분증 지참 및 승선신고서 작성 필수입니다.
◆ 주차확인은 매표소에서 승선신고서 내 차량번호 기재 시, 이용당일 자정까지 무료입니다. ('여의도 제 1주차장'만 무료주차가능)
◆ 이용 인원에 따라 대기시간이 지연될 수 있습니다.
◆ 강풍, 폭설 등 기상악화로 인한 결항 확정 시 날짜 변경, 취소가 가능합니다. (사전 개별 통보)
◆ 선박사정에 의해 운항스케줄이 개정 될수 있으니 양해부탁드립니다.
◆ 당일 예약 취소변경은 공석운항 수수료로 인해 환불이 불가합니다.
◆ 선박 변경으로 인해 모든 휠체어 및 유모차 승선이 불가하며, 선착장 내 보관장소에 보관 후 탑승하실 수 있습니 다.
◆ 최소 인원(20명 미만) 미달로 인한 결항 시, 고객님께 문자 또는 유선 안내 드리며 100% 환불 또는 이용날짜 변경이 가능합니다.
☎고객센터 연락처 : 02-536-0836
운영시간 [주중 및 주말 동일]
● 오전 10시 ~ 오후 4시
● 점심시간 : 12:00 ~13:00
※ 취소 및 환불문의
▷ 취소 및 환불 요청은 주중에 유선으로만 가능합니다.(취소 및 환불 요청 고객센터 ☎ 02-536-0836)
→ 토요일 및 일요일 그리고 공휴일은 제외","[ 예약 전 취소 · 환불 안내 ]
▷ 취소 및 환불 요청은 유선으로만 가능합니다.→ 토요일 및 일요일 그리고 공휴일은 제외(취소 및 환불 요청 고객센터 ☎ 02-536-0836)
→ 고객센터 운영시간[주중 및 주말 동일] : 오전 10시 ~ 오후 4시 / 점심시간 12:00~13:00
→ 고객센터 연락처 : 02-536-0836
▷ 취소 및 환불 규정은 `전자상거래등에서의 소비자보호에 관한 현행 법률`에 의거하여 작성되었습니다.
▷ 업체 확인 후 취소가 완료되는 상품입니다.
▷ 영업일(주말, 공휴일 제외) 16시 기준으로 취소 위약금이 부과됩니다.
▷ 지정한 날짜 1일 전 16시 이전 접수 시 100% 환불 가능합니다.
▷ 16시 이후 일괄 사용처리되므로 취소 접수 불가합니다.
▷ 토,일,월 이용 고객은 금요일 16시까지 취소해야 환불 가능하며, 금요일이 공휴일일 경우 목요일 16시까지 취소해야 환불 가능합니다.
▷ 금요일 공휴일인 경우, 목요일 16시까지 취소 시 환불 가능
▷ 재입장 불가합니다.
▷ 사용 후 부분취소 및 환불 불가합니다.
▷ 기상악화로 인한 미운행시에는 크루즈금액 전액 환불가능합니다.
▷ 관람인원 변경시 전체취소 후 재구매 필수입니다.
[ 예약 후 취소 · 환불 안내 ]
▶ 모바일권수령후 7일 內 취소 시 - 모바일 발송시스템 발송 및 취소수수료 장당 1,000원 및 환불 타은행 (입금계좌가 하나은행이 아닌 경우) 계좌 이체수수료 500원 고객부담
▶ 모바일권수령후 7일 이후 ~ 14일 內 취소 시 - 구입금액의 10프로 제외후 환불
▶ 모바일권수령후 14일 이후 ~ 21일 內 취소 시 - 구입금액의 20프로 제외후 환불
▶ 모바일권수령후 21일 이후 ~ 28일 內 취소 시 - 구입금액의 30프로 제외후 환불
▶모바일권수령후 28일 이후 ~ 30일 內 취소 시 - 구입금액의 50프로 제외후 환불
※ 취소 · 환불은 평일(월요일 ~ 금요일) 환불상담 가능 시간(09:30 ~ 17:30/점심시간 12:00 ~ 13:00 제외)에만 가능합니다.
→상담시간 외 문의 시 다음날 문의로 간주됩니다.",2026-09-30T04:42:56
328040,레져,크루즈,여의도,한강투어 크루즈,한강에서 펼쳐지는 이색 경험!,12900,10900,16,[여의도] 한강투어 크루즈 소인이용권(~10/31),2,"[{""option"": ""[여의도] 한강투어 크루즈 소인이용권(~10/31)"", ""detail_div"": ""소인"", ""week_div"": ""주중+주말"", ""list_price"": 12900, ""sale_price"": 10900, ""discount_pct"": 16, ""start_date"": ""2026-05-11"", ""end_date"": ""2026-10-31""}, {""option"": ""[여의도] 한강투어 크루즈 대인이용권(~10/31)"", ""detail_div"": ""대인"", ""week_div"": ""주중+주말"", ""list_price"": 19900, ""sale_price"": 15900, ""discount_pct"": 20, ""start_date"": ""2026-05-11"", ""end_date"": ""2026-10-31""}]",2026-05-11,2026-10-31,,2026-05-11 ~ 2026-10-31,모바일티켓;예약필수,예약필수,,알림톡,매표소 교환 / 온라인 예약 / 카카오톡 예약 | 구매 후 발송되는 알림톡 내 링크를 통해 사전예약 후 이용 가능(재발송 가능 상품),20,"수수료: 발송·취소 장당 1,000원, D-1 100% | 불가: 부분취소, 사용·발권 후 | 접수: 유선",여의도 크루즈,서울특별시 영등포구 여의동로 280 이랜드루즈,070-4263-7790,,모바일티켓,예약필수,사용안함,[유효 ~ 26/10/31],,"[필독!! 발송정보]
◇ 예약 필수 상품 : 모바일 이용권 수신 후 직접 예약해주셔야 하며, 결제 내역으로는 이용 불가합니다.
※ 사전예약 필수 : 구매 당일 날짜는 예약이 불가합니다.
※ 예약 시 대표자 및 일행정보 기입 필수 → 탑승 시 예약 대표자 성함 및 연락처를 확인합니다.(대표자 및 일행 신분증을 지참해주세요!)
[필독!! 이용정보]
◆ 유효 기간 : ~ 2026년 10월 31일(토) 까지
◆ 이용 업체 : LS컴퍼니
◆ 구매 수량 : 1인당 10매까지 구입 가능
◆ 이용 방법 : 구매 후 발송되는 알림톡 내 링크를 통해 사전예약 후 이용 가능(재발송 가능 상품)
★ 구매당일 이용불가
◆ 권종 구분 : 주중/주말/공휴일 구분없이 1인 1매 (24개월 미만 아기는 보호자 신분증 및 확인서류 지참시에만 무료 이용 가능!!)
★ 대인권 및 소인권 옵션 확인 후 구매해주시기 바랍니다.
※ 대인 : 중학생 이상 / 소인 : 24개월 ~ 초등학생
◆ 추가 할인 : 해당 상품은 할인 가격으로 판매되는 상품으로 추가 할인을 받으실 수 없습니다.
◆ 컨텐츠 내 크루즈 운행안내 시간 참고하시어 예약 부탁드립니다.
◆ 유선 및 도선 사업 법에 의해 승선하시는 모든 분들(성인만) 신분증 지참 필수입니다. (현장확인)
◆ 미성년자는 동승 보호자의 신분증만 확인합니다.
◆ 탑승 전, 매표소에 방문하여 승선신고서 작성 후 티켓을 수령해주시기 바랍니다. (온라인 예약자도 필수)
◆ 매표소 미 방문 및 티켓 미 수령 시 크루즈 탑승이 불가하며, 발권을 위해 최소 30분 전 매표소 방문 바랍니다.
◆ 승선 전 신분증 지참 및 승선신고서 작성 필수입니다.
◆ 주차확인은 매표소에서 승선신고서 내 차량번호 기재 시, 이용당일 자정까지 무료입니다. ('여의도 제 1주차장'만 무료주차가능)
◆ 이용 인원에 따라 대기시간이 지연될 수 있습니다.
◆ 강풍, 폭설 등 기상악화로 인한 결항 확정 시 날짜 변경, 취소가 가능합니다. (사전 개별 통보)
◆ 선박사정에 의해 운항스케줄이 개정 될수 있으니 양해부탁드립니다.
◆ 당일 예약 취소변경은 공석운항 수수료로 인해 환불이 불가합니다.
◆ 선박 변경으로 인해 모든 휠체어 및 유모차 승선이 불가하며, 선착장 내 보관장소에 보관 후 탑승하실 수 있습니 다.
◆ 최소 인원(20명 미만) 미달로 인한 결항 시, 고객님께 문자 또는 유선 안내 드리며 100% 환불 또는 이용날짜 변경이 가능합니다.
☎고객센터 연락처 : 02-536-0836
운영시간 [주중 및 주말 동일]
● 오전 10시 ~ 오후 4시
● 점심시간 : 12:00 ~13:00
※ 취소 및 환불문의
▷ 취소 및 환불 요청은 주중에 유선으로만 가능합니다.(취소 및 환불 요청 고객센터 ☎ 02-536-0836)
→ 토요일 및 일요일 그리고 공휴일은 제외","[ 예약 전 취소 · 환불 안내 ]
▷ 취소 및 환불 요청은 유선으로만 가능합니다.→ 토요일 및 일요일 그리고 공휴일은 제외(취소 및 환불 요청 고객센터 ☎ 02-536-0836)
→ 고객센터 운영시간[주중 및 주말 동일] : 오전 10시 ~ 오후 4시 / 점심시간 12:00~13:00
→ 고객센터 연락처 : 02-536-0836
▷ 취소 및 환불 규정은 `전자상거래등에서의 소비자보호에 관한 현행 법률`에 의거하여 작성되었습니다.
▷ 업체 확인 후 취소가 완료되는 상품입니다.
▷ 영업일(주말, 공휴일 제외) 16시 기준으로 취소 위약금이 부과됩니다.
▷ 지정한 날짜 1일 전 16시 이전 접수 시 100% 환불 가능합니다.
▷ 16시 이후 일괄 사용처리되므로 취소 접수 불가합니다.
▷ 토,일,월 이용 고객은 금요일 16시까지 취소해야 환불 가능하며, 금요일이 공휴일일 경우 목요일 16시까지 취소해야 환불 가능합니다.
▷ 금요일 공휴일인 경우, 목요일 16시까지 취소 시 환불 가능
▷ 재입장 불가합니다.
▷ 사용 후 부분취소 및 환불 불가합니다.
▷ 기상악화로 인한 미운행시에는 크루즈금액 전액 환불가능합니다.
▷ 관람인원 변경시 전체취소 후 재구매 필수입니다.
[ 예약 후 취소 · 환불 안내 ]
▶ 모바일권수령후 7일 內 취소 시 - 모바일 발송시스템 발송 및 취소수수료 장당 1,000원 및 환불 타은행 (입금계좌가 하나은행이 아닌 경우) 계좌 이체수수료 500원 고객부담
▶ 모바일권수령후 7일 이후 ~ 14일 內 취소 시 - 구입금액의 10프로 제외후 환불
▶ 모바일권수령후 14일 이후 ~ 21일 內 취소 시 - 구입금액의 20프로 제외후 환불
▶ 모바일권수령후 21일 이후 ~ 28일 內 취소 시 - 구입금액의 30프로 제외후 환불
▶모바일권수령후 28일 이후 ~ 30일 內 취소 시 - 구입금액의 50프로 제외후 환불
※ 취소 · 환불은 평일(월요일 ~ 금요일) 환불상담 가능 시간(09:30 ~ 17:30/점심시간 12:00 ~ 13:00 제외)에만 가능합니다.
→상담시간 외 문의 시 다음날 문의로 간주됩니다.",2026-09-30T04:42:58
324764,레져,크루즈,잠실,한강투어 크루즈,한강에서 펼쳐지는 이색 경험!,19900,10900,45,[잠실] 한강투어 크루즈 소인이용권(~10/31),2,"[{""option"": ""[잠실] 한강투어 크루즈 소인이용권(~10/31)"", ""detail_div"": ""소인"", ""week_div"": ""주중+주말"", ""list_price"": 19900, ""sale_price"": 10900, ""discount_pct"": 45, ""start_date"": ""0"", ""end_date"": ""2026-10-31""}, {""option"": ""[잠실] 한강투어 크루즈 대인이용권(~10/31)"", ""detail_div"": ""대인"", ""week_div"": ""주중+주말"", ""list_price"": 19900, ""sale_price"": 15900, ""discount_pct"": 20, ""start_date"": ""0"", ""end_date"": ""2026-10-31""}]",구매일,2026-10-31,,0 ~ 2026-10-31,모바일티켓;예약필수,예약필수,,알림톡,매표소 교환 / 온라인 예약 / 카카오톡 예약 | 구매 후 발송되는 알림톡 내 링크를 통해 사전예약 후 이용 가능(재발송 가능 상품),20,"수수료: 발송·취소 장당 1,000원, D-1 100% | 불가: 부분취소, 사용·발권 후 | 접수: 유선(주중)",잠실 크루즈,서울 송파구 백제고분로 2 잠실 이크루즈,02-6291-6900,,모바일티켓,예약필수,사용안함,[유효 ~ 26/10/31],,"[필독!! 발송정보]
◇ 예약 필수 상품 : 모바일 이용권 수신 후 직접 예약해주셔야 하며, 결제 내역으로는 이용 불가합니다.
※ 사전예약 필수 : 구매 당일 날짜는 예약이 불가합니다.
※ 예약 시 대표자 및 일행정보 기입 필수 → 탑승 시 예약 대표자 성함 및 연락처를 확인합니다.(대표자 및 일행 신분증을 지참해주세요!)
[필독!! 이용정보]
◆ 유효 기간 : ~ 2026년 10월 31일까지
◆ 이용 업체 : LS컴퍼니
◆ 구매 수량 : 1인당 10매까지 구입 가능
◆ 이용 방법 : 구매 후 발송되는 알림톡 내 링크를 통해 사전예약 후 이용 가능(재발송 가능 상품)
★ 구매당일 이용불가
◆ 권종 구분 : 주중/주말/공휴일 구분없이 1인 1매 (24개월 미만 아기는 보호자 신분증 및 확인서류 지참시에만 무료 이용 가능!!)
★ 대인권 및 소인권 옵션 확인 후 구매해주시기 바랍니다.
※ 대인 : 중학생 이상 / 소인 : 24개월 ~ 초등학생
◆ 추가 할인 : 해당 상품은 할인 가격으로 판매되는 상품으로 추가 할인을 받으실 수 없습니다.
◆ 컨텐츠 내 크루즈 운행안내 시간 참고하시어 예약 부탁드립니다.
◆ 유선 및 도선 사업 법에 의해 승선하시는 모든 분들(성인만) 신분증 지참 필수입니다. (현장확인)
◆ 미성년자는 동승 보호자의 신분증만 확인합니다.
◆ 탑승 전, 매표소에 방문하여 승선신고서 작성 후 티켓을 수령해주시기 바랍니다. (온라인 예약자도 필수)
◆ 매표소 미 방문 및 티켓 미 수령 시 크루즈 탑승이 불가하며, 발권을 위해 최소 30분 전 매표소 방문 바랍니다.
◆ 승선 전 신분증 지참 및 승선신고서 작성 필수입니다.
◆ 주차확인은 매표소에서 승선신고서 내 차량번호 기재 시, 이용당일 자정까지 무료입니다. ('잠실 한강공원 3주차장'만 무료주차가능)
◆ 이용 인원에 따라 대기시간이 지연될 수 있습니다.
◆ 강풍, 폭설 등 기상악화로 인한 결항 확정 시 날짜 변경, 취소가 가능합니다. (사전 개별 통보)
◆ 선박사정에 의해 운항스케줄이 개정 될수 있으니 양해부탁드립니다.
◆ 당일 예약 취소변경은 공석운항 수수료로 인해 환불이 불가합니다.
◆ 선박 변경으로 인해 모든 휠체어 및 유모차 승선이 불가하며, 선착장 내 보관장소에 보관 후 탑승하실 수 있습니 다.
◆ 최소 인원(20명 미만) 미달로 인한 결항 시, 고객님께 문자 또는 유선 안내 드리며 100% 환불 또는 이용날짜 변경이 가능합니다.
※ 취소 및 환불문의
▷ 취소 및 환불 요청은 주중에 유선으로만 가능합니다.(취소 및 환불 요청 고객센터 ☎ 02-536-0836)
→ 토요일 및 일요일 그리고 공휴일은 제외","[ 예약 전 취소 · 환불 안내 ]
▷ 취소 및 환불 요청은 주중에 유선으로만 가능합니다./주말 불가(취소 및 환불 요청 고객센터 ☎ 02-536-0836)
→ 고객센터 운영시간[주중 및 주말 동일] : 오전 10시 ~ 오후 4시 / 점심시간 12:00~13:00
→ 고객센터 연락처 : 02-536-0836
▷ 취소 및 환불 규정은 `전자상거래등에서의 소비자보호에 관한 현행 법률`에 의거하여 작성되었습니다.
▷ 업체 확인 후 취소가 완료되는 상품입니다.
▷ 영업일(주말, 공휴일 제외) 16시 기준으로 취소 위약금이 부과됩니다.
▷ 지정한 날짜 1일 전 16시 이전 접수 시 100% 환불 가능합니다.
▷ 16시 이후 일괄 사용처리되므로 취소 접수 불가합니다.
▷ 토,일,월 이용 고객은 금요일 16시까지 취소해야 환불 가능하며, 금요일이 공휴일일 경우 목요일 16시까지 취소해야 환불 가능합니다.
▷ 금요일 공휴일인 경우, 목요일 16시까지 취소 시 환불 가능
▷ 재입장 불가합니다.
▷ 사용 후 부분취소 및 환불 불가합니다.
▷ 기상악화로 인한 미운행시에는 크루즈금액 전액 환불가능합니다.
▷ 관람인원 변경시 전체취소 후 재구매 필수입니다.
[ 예약 후 취소 · 환불 안내 ]
▶ 모바일권수령후 7일 內 취소 시 - 모바일 발송시스템 발송 및 취소수수료 장당 1,000원 및 환불 타은행 (입금계좌가 하나은행이 아닌 경우) 계좌 이체수수료 500원 고객부담
▶ 모바일권수령후 7일 이후 ~ 14일 內 취소 시 - 구입금액의 10프로 제외후 환불
▶ 모바일권수령후 14일 이후 ~ 21일 內 취소 시 - 구입금액의 20프로 제외후 환불
▶ 모바일권수령후 21일 이후 ~ 28일 內 취소 시 - 구입금액의 30프로 제외후 환불
▶모바일권수령후 28일 이후 ~ 30일 內 취소 시 - 구입금액의 50프로 제외후 환불
※ 취소 · 환불은 평일(월요일 ~ 금요일) 환불상담 가능 시간(09:30 ~ 17:30/점심시간 12:00 ~ 13:00 제외)에만 가능합니다.
→상담시간 외 문의 시 다음날 문의로 간주됩니다.",2026-09-30T04:43:01
328103,레져,크루즈,잠실,선셋/달빛뮤직/별빛 크루즈,한강에서 펼쳐지는 이색 경험!,23900,22900,4,[잠실] 선셋 크루즈 대인이용권(9/12~10/31),6,"[{""option"": ""[잠실] 선셋 크루즈 대인이용권(9/12~10/31)"", ""detail_div"": ""대인"", ""week_div"": ""주중+주말"", ""list_price"": 23900, ""sale_price"": 22900, ""discount_pct"": 4, ""start_date"": ""2026-09-12"", ""end_date"": ""2026-10-31""}, {""option"": ""[잠실] 선셋 크루즈 소인이용권(9/12~10/31)"", ""detail_div"": ""소인"", ""week_div"": ""주중+주말"", ""list_price"": 23900, ""sale_price"": 15900, ""discount_pct"": 33, ""start_date"": ""2026-09-12"", ""end_date"": ""2026-10-31""}, {""option"": ""[잠실] 달빛뮤직 크루즈 대인이용권(9/12~10/31)"", ""detail_div"": ""대인"", ""week_div"": ""주중+주말"", ""list_price"": 31900, ""sale_price"": 29900, ""discount_pct"": 6, ""start_date"": ""2026-09-12"", ""end_date"": ""2026-10-31""}, {""option"": ""[잠실] 달빛뮤직 크루즈 소인이용권(9/12~10/31)"", ""detail_div"": ""소인"", ""week_div"": ""주중+주말"", ""list_price"": 31900, ""sale_price"": 20900, ""discount_pct"": 34, ""start_date"": ""2026-09-12"", ""end_date"": ""2026-10-31""}, {""option"": ""[잠실] 별빛 크루즈 대인이용권(~10/31)"", ""detail_div"": ""대인"", ""week_div"": ""주중+주말"", ""list_price"": 25900, ""sale_price"": 21900, ""discount_pct"": 15, ""start_date"": ""0"", ""end_date"": ""2026-10-31""}, {""option"": ""[잠실] 별빛 크루즈 소인이용권(~10/31)"", ""detail_div"": ""소인"", ""week_div"": ""주중+주말"", ""list_price"": 25900, ""sale_price"": 15900, ""discount_pct"": 39, ""start_date"": ""0"", ""end_date"": ""2026-10-31""}]",구매일,2026-10-31,,2026-09-12 ~ 2026-10-31,모바일티켓;예약필수,예약필수,,알림톡,매표소 교환 / 온라인 예약 / 카카오톡 예약 | 구매 후 발송되는 알림톡 내 링크를 통해 사전예약 후 이용 가능(재발송 가능 상품),20,"수수료: 발송·취소 장당 1,000원, D-1 100% | 불가: 부분취소, 사용·발권 후 | 접수: 유선(주중)",잠실 크루즈,서울 송파구 백제고분로 2 잠실 이크루즈,02-6291-6900,,모바일티켓,예약필수,사용안함,[유효 ~ 26/10/31],,"[필독!! 발송정보]
◇ 예약 필수 상품 : 모바일 이용권 수신 후 직접 예약해주셔야 하며, 결제 내역으로는 이용 불가합니다.
※ 사전예약 필수 : 구매 당일 날짜는 예약이 불가합니다.
※ 예약 시 대표자 및 일행정보 기입 필수 → 탑승 시 예약 대표자 성함 및 연락처를 확인합니다.(대표자 및 일행 신분증을 지참해주세요!)
[필독!! 이용정보]
◆ 유효 기간 : 옵션 별 상이합니다. 옵션명을 확인해주세요.
◆ 이용 업체 : LS컴퍼니
◆ 구매 수량 : 1인당 10매까지 구입 가능
◆ 이용 방법 : 구매 후 발송되는 알림톡 내 링크를 통해 사전예약 후 이용 가능(재발송 가능 상품)
★ 구매당일 이용불가
◆ 권종 구분 : 주중/주말/공휴일 구분없이 1인 1매 (24개월 미만 아기는 보호자 신분증 및 확인서류 지참시에만 무료 이용 가능!!)
★ 대인권 및 소인권 옵션 확인 후 구매해주시기 바랍니다.
※ 대인 : 중학생 이상 / 소인 : 24개월 ~ 초등학생
◆ 추가 할인 : 해당 상품은 할인 가격으로 판매되는 상품으로 추가 할인을 받으실 수 없습니다.
◆ 컨텐츠 내 크루즈 운행안내 시간 참고하시어 예약 부탁드립니다.
◆ 유선 및 도선 사업 법에 의해 승선하시는 모든 분들(성인만) 신분증 지참 필수입니다. (현장확인)
◆ 미성년자는 동승 보호자의 신분증만 확인합니다.
◆ 탑승 전, 매표소에 방문하여 승선신고서 작성 후 티켓을 수령해주시기 바랍니다. (온라인 예약자도 필수)
◆ 매표소 미 방문 및 티켓 미 수령 시 크루즈 탑승이 불가하며, 발권을 위해 최소 30분 전 매표소 방문 바랍니다.
◆ 승선 전 신분증 지참 및 승선신고서 작성 필수입니다.
◆ 주차확인은 매표소에서 승선신고서 내 차량번호 기재 시, 이용당일 자정까지 무료입니다. ('잠실 한강공원 3주차장'만 무료주차가능)
◆ 이용 인원에 따라 대기시간이 지연될 수 있습니다.
◆ 강풍, 폭설 등 기상악화로 인한 결항 확정 시 날짜 변경, 취소가 가능합니다. (사전 개별 통보)
◆ 선박사정에 의해 운항스케줄이 개정 될수 있으니 양해부탁드립니다.
◆ 당일 예약 취소변경은 공석운항 수수료로 인해 환불이 불가합니다.
◆ 선박 변경으로 인해 모든 휠체어 및 유모차 승선이 불가하며, 선착장 내 보관장소에 보관 후 탑승하실 수 있습니 다.
◆ 최소 인원(20명 미만) 미달로 인한 결항 시, 고객님께 문자 또는 유선 안내 드리며 100% 환불 또는 이용날짜 변경이 가능합니다.
※ 취소 및 환불문의
▷ 취소 및 환불 요청은 주중에 유선으로만 가능합니다.(취소 및 환불 요청 고객센터 ☎ 02-536-0836)
→ 토요일 및 일요일 그리고 공휴일은 제외","[ 예약 전 취소 · 환불 안내 ]
▷ 취소 및 환불 요청은 주중에 유선으로만 가능합니다./주말 불가(취소 및 환불 요청 고객센터 ☎ 02-536-0836)
→ 고객센터 운영시간[주중 및 주말 동일] : 오전 10시 ~ 오후 4시 / 점심시간 12:00~13:00
→ 고객센터 연락처 : 02-536-0836
▷ 취소 및 환불 규정은 `전자상거래등에서의 소비자보호에 관한 현행 법률`에 의거하여 작성되었습니다.
▷ 업체 확인 후 취소가 완료되는 상품입니다.
▷ 영업일(주말, 공휴일 제외) 16시 기준으로 취소 위약금이 부과됩니다.
▷ 지정한 날짜 1일 전 16시 이전 접수 시 100% 환불 가능합니다.
▷ 16시 이후 일괄 사용처리되므로 취소 접수 불가합니다.
▷ 토,일,월 이용 고객은 금요일 16시까지 취소해야 환불 가능하며, 금요일이 공휴일일 경우 목요일 16시까지 취소해야 환불 가능합니다.
▷ 금요일 공휴일인 경우, 목요일 16시까지 취소 시 환불 가능
▷ 재입장 불가합니다.
▷ 사용 후 부분취소 및 환불 불가합니다.
▷ 기상악화로 인한 미운행시에는 크루즈금액 전액 환불가능합니다.
▷ 관람인원 변경시 전체취소 후 재구매 필수입니다.
[ 예약 후 취소 · 환불 안내 ]
▶ 모바일권수령후 7일 內 취소 시 - 모바일 발송시스템 발송 및 취소수수료 장당 1,000원 및 환불 타은행 (입금계좌가 하나은행이 아닌 경우) 계좌 이체수수료 500원 고객부담
▶ 모바일권수령후 7일 이후 ~ 14일 內 취소 시 - 구입금액의 10프로 제외후 환불
▶ 모바일권수령후 14일 이후 ~ 21일 內 취소 시 - 구입금액의 20프로 제외후 환불
▶ 모바일권수령후 21일 이후 ~ 28일 內 취소 시 - 구입금액의 30프로 제외후 환불
▶모바일권수령후 28일 이후 ~ 30일 內 취소 시 - 구입금액의 50프로 제외후 환불
※ 취소 · 환불은 평일(월요일 ~ 금요일) 환불상담 가능 시간(09:30 ~ 17:30/점심시간 12:00 ~ 13:00 제외)에만 가능합니다.
→상담시간 외 문의 시 다음날 문의로 간주됩니다.",2026-09-30T04:43:03
225209,레져,액티비티,김포,아라마리나 요트투어,서울 바다에서 즐기는 특별한 여정,0,57000,0,대인/소인/주중/주말,7,"[{""option"": ""1인이용권"", ""detail_div"": ""대소공통"", ""week_div"": ""주중+주말"", ""list_price"": 0, ""sale_price"": 57000, ""discount_pct"": 0, ""start_date"": ""0"", ""end_date"": ""60""}, {""option"": ""2인이용권"", ""detail_div"": ""대소공통"", ""week_div"": ""주중+주말"", ""list_price"": 0, ""sale_price"": 114000, ""discount_pct"": 0, ""start_date"": ""0"", ""end_date"": ""60""}, {""option"": ""3인이용권"", ""detail_div"": ""대소공통"", ""week_div"": ""주중+주말"", ""list_price"": 0, ""sale_price"": 159000, ""discount_pct"": 0, ""start_date"": ""0"", ""end_date"": ""60""}, {""option"": ""4인이용권"", ""detail_div"": ""대소공통"", ""week_div"": ""주중+주말"", ""list_price"": 0, ""sale_price"": 212000, ""discount_pct"": 0, ""start_date"": ""0"", ""end_date"": ""60""}, {""option"": ""5인이용권"", ""detail_div"": ""대소공통"", ""week_div"": ""주중+주말"", ""list_price"": 0, ""sale_price"": 265000, ""discount_pct"": 0, ""start_date"": ""0"", ""end_date"": ""60""}, {""option"": ""(2인~6인 예약 시)단독이용권"", ""detail_div"": ""대소공통"", ""week_div"": ""주중+주말"", ""list_price"": 0, ""sale_price"": 315000, ""discount_pct"": 0, ""start_date"": ""0"", ""end_date"": ""60""}, {""option"": ""(7인~10인 예약 시)단독이용권"", ""detail_div"": ""대소공통"", ""week_div"": ""주중+주말"", ""list_price"": 0, ""sale_price"": 365000, ""discount_pct"": 0, ""start_date"": ""0"", ""end_date"": ""60""}]",구매일,,60,0 ~ 60,모바일티켓;예약필수,예약필수,,LMS 문자,전화 예약 | 사전예약 후 방문,100,"기한: 수령 후 7일 이내 | 수수료: 발송·취소 장당 1,000원 | 불가: 부분취소, 기간경과, 당일·노쇼 | 접수: 유선",세일링 서울 요트 클럽,경기도 김포시 고촌읍 전호리 130-3,010-7110-6681,http://sailingseoul.com/,모바일티켓,예약필수,숙박,[유효 ~ 60일],,"[필독!! 발송정보]
◇ 바로 발송 가능 상품 : `결제(입금) 완료` 건에 한해서 LMS 바코드 이용권 문자가 20분이내 휴대폰 번호로 발송(미수신 시 휴대폰 차단 기능 확인!!)
※ 문자발송번호 : 02-536-0836
◇ 예약 필수 상품 : 티켓 구입 전, 예약가능여부 확인 필수
▶ 예약방법 안내
1. 예약 문의 : 010-7110-6681
2. 넥스트에너지 사이트에서 티켓 구매
3. 예약 확정(010-7110-6681)
※ 운항시간 : 15:00/17:40(매주 화요일 휴무)
※ 계절에 따라 운항시간이 조정될 수 있습니다. 예약 시 문의해주세요.
[필독!! 이용정보]
◆ 유효 기간 : 구매 후 60일
◆ 이용 업체 : 아라마리나 요트투어
◆ 이용 방법 : 사전예약 후 방문
◆ 권종 구분 : 대인/소인/주중/주말ㆍ공휴일 구분없이 1인 1매 (36개월 미만 아기는 보호자 신분증 및 확인서류 지참시에만 무료 이용 가능!!)
★ 구매 전 옵션 별 상품정보를 확인하세요!
- 140분 코스(한강갑문-방화대교-마곡대교 세일링-방화대교-한강갑문-김포마리나)
※ 모든 상품에는 사진촬영이 포함되어있습니다.
※ 선셋 트립 이용 시 원하는 음식 등을 직접 가져와 드실 수 있습니다.
◆ 추가 할인 : 해당 상품은 할인 가격으로 판매되는 상품으로 추가 할인을 받으실 수 없습니다.
◆ 안내 사항
- 주말 및 성수기 기간 인원 초과 시 입장이 제한될 수 있으며, 시설 이용 제한 사항은 업체 규정에 따릅니다.
- 예약 시간 20분 전까지 도착 필수(아라마린센터 해상계류장 C-31)
- 4인 이상 모집 시에만 출항 가능합니다.
- 준비물 : 방풍재킷, 보트화(밑창이 하얀 신발), 선글라스, 선크림 등
◆ 이용 업체에 대한 전반적인 이용 정보(운영 사항, 유의 사항, 안전 점검, 편의 시설 등)는 꼭 방문 전 아래 홈페이지를 클릭하셔서 확인하시길 바랍니다.
★ 홈페이지 : (클릭☞ 홈페이지 바로가기)
☎고객센터 연락처 : 02-536-0836
운영시간 [주중 및 주말 동일]
● 오전 10시 ~ 오후 4시
● 점심시간 : 12:00 ~13:00
※ 취소 및 환불문의
▷ 취소 및 환불 요청은 주중에 유선으로만 가능합니다.(취소 및 환불 요청 고객센터 ☎ 02-536-0836)
→ 토요일 및 일요일 그리고 공휴일은 제외","[ 예약 전 취소 · 환불 안내 ]
▷ 취소 및 환불 요청은 유선으로만 가능합니다.→ 토요일 및 일요일 그리고 공휴일은 제외(취소 및 환불 요청 고객센터 ☎ 02-536-0836)
→ 고객센터 운영시간 : 평일 10:00~16:00 운영 / 점심시간 12:00~13:00
▷ 취소 및 환불 규정은 `전자상거래등에서의 소비자보호에 관한 현행 법률`에 의거하여 작성되었습니다.
▷ 취소 및 환불은 수령하신 날로부터 7일 이내에만 가능합니다.
▷ 해당 상품은 임직원 대상 특별 할인 가격으로 판매하는 프로모션 상품입니다.
▷ 해당 상품은 이용권에 별도 표기 된 유효(이용) 기간 내 꼭 이용하셔야 합니다.
▷ 유효(이용) 기간 경과 시 별도 연장이나 취소가 안 되는 `자동 폐기 상품`입니다.(★유효 기간 연장 불가 상품!!)
▷ 부분적인 결제 취소나 부분적인 이용이 불가능한 상품입니다.(예시 : 5명일 경우 4장+1장 결제 or 2장+3장 결제)
▷ 고객 귀책 사유로 발생하는 취소 및 환불 금액에 대한 발송 및 이체 수수료는 고객이 부담하셔야 합니다.
→ 모바일 티켓 : 발송 및 취소 수수료 장당 1,000원 발생(예시 : 1,000원 X 5장 발송 = 5,000원)
→ 종이 티켓 : 폐문, 부재중, 주소 오류 등 고객 귀책 사유로 발송된 등기 반송 시 반송 비용은 고객이 부담하셔야 합니다.(반송 비용 7,500원)
→ 공통 : 환불 금액 입금 계좌가 하나은행이 아닌 타 은행인 경우 이체 수수료 500원이 발생합니다.
[ 예약 후 취소 · 환불 안내 ]
ㆍ 예약일 기준 2일 전까지 전액환불.
(단, 모바일 발송 및 이체 수수료 별도)
ㆍ 예약일 기준 1일 전 ~ 당일 및 NO show 환불 불가.
※ 세일링 서울 예약 취소 후 넥스트에너지 고객센터(02-536-0836)으로 연락주시기 바랍니다.",2026-09-30T04:43:06
243104,레져,액티비티,춘천,곤돌라 의암8경 물길여행,호반의 도시 춘천에서 즐기는 물 위를 걷는 여행,20000,19000,5,의암8경 청소년이용권 춘천곤돌라,3,"[{""option"": ""의암8경 청소년이용권 춘천곤돌라(*메모란에 예약시간을 남겨주세요)"", ""detail_div"": ""청소년"", ""week_div"": ""주중+주말"", ""list_price"": 20000, ""sale_price"": 19000, ""discount_pct"": 5, ""start_date"": ""0"", ""end_date"": ""60""}, {""option"": ""의암8경 소인이용권 춘천곤돌라(*메모란에 예약시간을 남겨주세요)"", ""detail_div"": ""소인"", ""week_div"": ""주중+주말"", ""list_price"": 10000, ""sale_price"": 9500, ""discount_pct"": 5, ""start_date"": ""0"", ""end_date"": ""60""}, {""option"": ""의암8경 대인이용권 춘천곤돌라(*메모란에 예약시간을 남겨주세요)"", ""detail_div"": ""대인"", ""week_div"": ""주중+주말"", ""list_price"": 25000, ""sale_price"": 24000, ""discount_pct"": 4, ""start_date"": ""0"", ""end_date"": ""60""}]",구매일,,60,0 ~ 60,모바일티켓;예약필수,예약대기,,LMS 문자,전화 예약 / 온라인 예약 | 사전예약 후 방문,100,"수수료: D-7 기본수수료, D-6 10%, D-3 30%, D-1 50% | 불가: 당일·노쇼 | 접수: 유선",킹카누 나루터,강원도 춘천시 송암동 684 킹카누 선착장,033-251-9600/kingcanoe@naver.com,"https://map.naver.com/p/entry/place/1435007950?lng=127.6858444&lat=37.8554530&placePath=%2Fhome%3Fentry%3Dplt&c=15.00,0,0,0,dh",모바일티켓,예약필수,숙박,[유효 ~ 60일],,"[필독!! 예약대기 안내]
◆ 해당 상품에 대한 결제완료는 ""예약대기 접수 상태""이며, 예약 확정 상태가 아닙니다.
※ 예약대기 접수 상태 : 고객이 예약 요청한 상품에 대해 예약 진행을 할수 있는 상태
◇ 예약 필수 상품 : 고객센터를 통한 예약 필수 상품입니다. 예약진행은 평일 09:30 ~ 17:30에만 가능합니다. 평일 17:30 이후 구매 건은 익일 구매로 간주됩니다.→ 주말 및 공휴일 예약 불가
※ 예약 시 시간 지정 필수
※ 단독 운항은 4인 이상일때만 가능합니다.
→ 4인 미만으로 예약요청하실 경우, 다른 예약자와 합승하시거나 이용이 불가할 수 있습니다.
[필독!! 예약진행 안내]
1. 예약일 선택 후 방문인원 수량만큼 결제까지 진행
※ 구매 전 예약 가능시간을 확인해주세요. (클릭☞ 킹카누나루터 네이버예약 바로가기)
※ 접수 시 메모란에 예약 희망시간을 남겨주세요!
예시) 11:00
2. 결제완료된 예약 요청 건 넥스트에너지 예약 담당자가 확인 후 예약 가능 여부 회신
3. 예약 진행 안내
▷예약 가능 시 → 예약 확정완료 문자 발송
▷예약 불가 시 → 유선으로 안내 후 환불 접수
※ 예약 요청 정보 및 고객 정보(성함, 연락처)는 정확하게 기입 해 주셔야 합니다. (구매자의 정보 오류에 대한 책임은 구매자 귀책 사유입니다.)
[필독!! 이용정보]
◆ 유효 기간 : 구매 후 60일
◆ 이용 업체 : 춘천 곤돌라 의암8경 물길여행(킹카누나루터)
◆ 이용 방법 : 사전예약 후 방문
◆ 운영시간 : 매일 09:00 ~ 16:00(1시간 단위 예약 가능)
◆ 권종 구분 : 주중/주말/공휴일 구분없이 1인 1매
★ 연령대에 따라 사용가능한 권종을 구매해주세요!
※ 대인 : 고등학생 이상
청소년 : 중학생
소인 : 초등학생 까지
◆ 추가 할인 : 해당 상품은 할인 가격으로 판매되는 상품으로 추가 할인을 받으실 수 없습니다.
◆ 안내 사항 : 주말 및 성수기 기간 인원 초과 시 입장이 제한될 수 있으며, 시설 이용 제한 사항은 업체 규정에 따릅니다.
☎고객센터 연락처 : 02-536-0836
운영시간 [주중 및 주말 동일]
● 오전 10시 ~ 오후 4시
● 점심시간 : 12:00 ~13:00
※ 취소 및 환불문의
▷ 취소 및 환불 요청은 주중에 유선으로만 가능합니다.(취소 및 환불 요청 고객센터 ☎ 02-536-0836)
→ 토요일 및 일요일 그리고 공휴일은 제외","▶ 예약일 기준 7일전 까지 기본 수수료(예약 전 발생하는 발송 취소 수수료) 발생.
▶ 예약일 기준 4~6일 전 취소 시 10% 수수료 발생.
▶ 예약일 기준 2~3일 전 취소 시 30% 수수료 발생.
▶ 예약일 기준 1일 전 취소 시 50% 수수료 발생.
▶ 예약일 당일 취소 및 NO show 환불 불가.
※ 취소 · 환불은 평일(월요일 ~ 금요일) 환불상담 가능 시간에만 가능합니다.
→ 토요일 및 일요일 그리고 공휴일은 제외
(10:00 ~ 16:00/점심시간 12:00 ~ 13:00 제외)
→상담시간 외 문의 시 다음날 문의로 간주됩니다.
▷ 취소 및 환불 요청은 유선으로만 가능합니다.→ 토요일 및 일요일 그리고 공휴일은 제외(취소 및 환불 요청 고객센터 ☎ 02-536-0836)
→ 고객센터 운영시간[주중 및 주말 동일] : 오전 10시 ~ 오후 4시 / 점심시간 12:00~13:00
→ 고객센터 연락처 : 02-536-0836",2026-09-30T04:43:08
292493,레져,크루즈,속초,코마린 세일요트,푸른 동해바다의 시원한 체험!,36000,30000,17,B코스 대인이용권 속초코마린,2,"[{""option"": ""B코스 대인이용권 속초코마린"", ""detail_div"": ""대인"", ""week_div"": ""주중+주말"", ""list_price"": 36000, ""sale_price"": 30000, ""discount_pct"": 17, ""start_date"": ""0"", ""end_date"": ""60""}, {""option"": ""B코스 소인이용권 속초코마린"", ""detail_div"": ""소인"", ""week_div"": ""주중+주말"", ""list_price"": 24000, ""sale_price"": 20000, ""discount_pct"": 17, ""start_date"": ""0"", ""end_date"": ""60""}]",구매일,,60,0 ~ 60,모바일티켓;예약필수,예약대기,,LMS 문자,전화 예약 | 사전예약 후 방문,100,"수수료: D-2 기본수수료, D-2 30%, D-1 50% | 불가: 당일·노쇼 | 접수: 유선",속초코마린,강원 속초시 엑스포로 10-29 (주)코마린 요트공원,033-637-4609,http://www.komarine.kr/sub/leisure/sokcho.asp,모바일티켓,예약필수,숙박,[유효 ~ 60일],,"[필독!! 예약대기 안내]
◆ 해당 상품에 대한 결제완료는 ""예약대기 접수 상태""이며, 예약 확정 상태가 아닙니다.
※ 예약대기 접수 상태 : 고객이 예약 요청한 상품에 대해 예약 진행을 할수 있는 상태
[필독!! 예약진행 안내]
※ 사전예약이 반드시 필요합니다.
(최소 4일 전 예약 진행 권장)
1. 예약일자 선택 및 예약시간 메모란에 기재 후 결제까지 진행
※ 예약시간 미 지정 시 예약진행이 불가합니다!
▷ 예약시간 : 매일 10:00,11:00, 13:00, 14:00, 15:00, 16:00, 17:00
→ 예약시간은 계절에 따라 변동될 수 있습니다. 지정된 예약시간 및 탑승희망시간을 반드시 메모에 남겨주세요!
2. 결제완료된 예약 요청 건 예약 담당자가 확인 후 예약 가능 여부 회신
3. 예약 진행 안내
▷예약 가능 시 → 예약 확정완료 문자 발송
▷예약 불가 시 → 유선으로 안내 후 환불 접수
※ 예약 요청 정보 및 고객 정보(성함, 연락처)는 정확하게 기입 해 주셔야 합니다. (구매자의 정보 오류에 대한 책임은 구매자 귀책 사유입니다.)
※ 상황에 따라 다른 예약자분들과 동승하게 될 수 있습니다.
[필독!! 발송정보]
◇ 예약 필수 상품 : 고객센터를 통한 예약 필수 상품입니다. 예약진행은 평일 09:30 ~ 17:30에만 가능합니다. 평일 17:30 이후 구매 건은 익일 구매로 간주됩니다.→ 주말 및 공휴일 예약진행 불가
[필독!! 이용정보]
◆ 유효 기간 : 구매 후 60일
◆ 이용 업체 : 속초코마린 세일요트
◆ 이용 방법 : 사전예약 후 방문
※ 요트상품 특성 상 최소 운항인원(4인) 모객 시 운항 가능합니다.
◆ 권종 구분 : 주중/주말ㆍ공휴일 구분없이 1인 1매
※ 운항시간 : 약 40분 ~ 60분(청초호 및 조도 경유 운항)
★ 구매 전 옵션 별 상품정보를 확인하세요!(대인 또는 소인)
※ 대인 : 중학생 이상 / 소인 : 4세 ~ 초등학생
◆ 추가 할인 : 해당 상품은 할인 가격으로 판매되는 상품으로 추가 할인을 받으실 수 없습니다.
◆ 안내 사항 : 주말 및 성수기 기간 인원 초과 시 입장이 제한될 수 있으며, 시설 이용 제한 사항은 업체 규정에 따릅니다.
◆ 이용 업체에 대한 전반적인 이용 정보(운영 사항, 유의 사항, 안전 점검, 편의 시설 등)는 꼭 방문 전 아래 홈페이지를 클릭하셔서 확인하시길 바랍니다.
★ 홈페이지 : (클릭☞ 홈페이지 바로가기)","▶ 예약일 기준 2일 전까지 기본 수수료(예약 전 발생하는 발송 취소 수수료) 발생.
▶ 예약일 기준 2일 전까지 30% 수수료 발생.
▶ 예약일 기준 1일 전까지 50% 수수료 발생.
▶ 예약일 1일 전 ~ 당일 및 NO show 환불 불가.
▷ 취소 및 환불 요청은 유선으로만 가능합니다.(취소 및 환불 요청 고객센터 ☎ 02-536-0836)
→ 고객센터 운영시간[주중 및 주말 동일] : 오전 10시 ~ 오후 4시 / 점심시간 12:00~13:00
→ 고객센터 연락처 : 02-536-0836
→상담시간 외 문의 시 다음날 문의로 간주됩니다.",2026-09-30T04:43:10
292556,레져,크루즈,속초,코마린 세일요트 단독투어,푸른 동해바다의 시원한 체험!,250000,210000,16,세일요트 단독투어 속초코마린,1,"[{""option"": ""세일요트 단독투어 속초코마린"", ""detail_div"": ""대소공통"", ""week_div"": ""주중+주말"", ""list_price"": 250000, ""sale_price"": 210000, ""discount_pct"": 16, ""start_date"": ""0"", ""end_date"": ""60""}]",구매일,,60,0 ~ 60,모바일티켓;예약필수,예약대기,,LMS 문자,전화 예약 | 사전예약 후 방문,100,"수수료: D-2 기본수수료, D-2 30%, D-1 50% | 불가: 당일·노쇼 | 접수: 유선",속초코마린,강원 속초시 엑스포로 10-29 (주)코마린 요트공원,033-637-4609,http://www.komarine.kr/sub/leisure/sokcho.asp,모바일티켓,예약필수,숙박,[유효 ~ 60일],,"[필독!! 예약대기 안내]
◆ 해당 상품에 대한 결제완료는 ""예약대기 접수 상태""이며, 예약 확정 상태가 아닙니다.
※ 예약대기 접수 상태 : 고객이 예약 요청한 상품에 대해 예약 진행을 할수 있는 상태
[필독!! 예약진행 안내]
※ 단독대여 특성 상 사전예약이 반드시 필요합니다.
(최소 4일 전 예약 진행 권장)
1. 예약일자 선택 및 예약시간 메모란에 기재 후 결제까지 진행
※ 예약시간 미 지정 시 예약진행이 불가합니다!
▷ 예약시간 : 매일 10:00,11:00, 13:00, 14:00, 15:00, 16:00, 17:00
→ 예약시간은 계절에 따라 변동될 수 있습니다. 지정된 예약시간 및 탑승희망시간을 반드시 메모에 남겨주세요!
2. 결제완료된 예약 요청 건 예약 담당자가 확인 후 예약 가능 여부 회신
3. 예약 진행 안내
▷예약 가능 시 → 예약 확정완료 문자 발송
▷예약 불가 시 → 유선으로 안내 후 환불 접수
※ 예약 요청 정보 및 고객 정보(성함, 연락처)는 정확하게 기입 해 주셔야 합니다. (구매자의 정보 오류에 대한 책임은 구매자 귀책 사유입니다.)
[필독!! 발송정보]
◇ 예약 필수 상품 : 고객센터를 통한 예약 필수 상품입니다. 예약진행은 평일 09:30 ~ 17:30에만 가능합니다. 평일 17:30 이후 구매 건은 익일 구매로 간주됩니다.→ 주말 및 공휴일 예약진행 불가
[필독!! 이용정보]
◆ 유효 기간 : 구매 후 60일
◆ 이용 업체 : 속초코마린 세일요트 단독투어
◆ 이용 방법 : 사전예약 후 방문
◆ 권종 구분 : 최대 11인 탑승 가능
※ 운항시간 : 약 40분 ~ 60분(청초호 및 조도 경유 운항)
◆ 추가 할인 : 해당 상품은 할인 가격으로 판매되는 상품으로 추가 할인을 받으실 수 없습니다.
◆ 안내 사항 : 주말 및 성수기 기간 인원 초과 시 입장이 제한될 수 있으며, 시설 이용 제한 사항은 업체 규정에 따릅니다.
◆ 이용 업체에 대한 전반적인 이용 정보(운영 사항, 유의 사항, 안전 점검, 편의 시설 등)는 꼭 방문 전 아래 홈페이지를 클릭하셔서 확인하시길 바랍니다.
★ 홈페이지 : (클릭☞ 홈페이지 바로가기)","▶ 예약일 기준 2일 전까지 기본 수수료(예약 전 발생하는 발송 취소 수수료) 발생.
▶ 예약일 기준 2일 전까지 30% 수수료 발생.
▶ 예약일 기준 1일 전까지 50% 수수료 발생.
▶ 예약일 1일 전 ~ 당일 및 NO show 환불 불가.
▷ 취소 및 환불 요청은 유선으로만 가능합니다.(취소 및 환불 요청 고객센터 ☎ 02-536-0836)
→ 고객센터 운영시간[주중 및 주말 동일] : 오전 10시 ~ 오후 4시 / 점심시간 12:00~13:00
→ 고객센터 연락처 : 02-536-0836
→상담시간 외 문의 시 다음날 문의로 간주됩니다.",2026-09-30T04:43:13
225217,레져,액티비티,양평,패러러브 패러글라이딩,일생 일대의 추억을 영원히 보관하고 싶다면!,140000,130000,7,기본코스 이용권,2,"[{""option"": ""기본코스 이용권"", ""detail_div"": ""대소공통"", ""week_div"": ""주중+주말"", ""list_price"": 140000, ""sale_price"": 130000, ""discount_pct"": 7, ""start_date"": ""0"", ""end_date"": ""60""}, {""option"": ""항공촬영코스 이용권"", ""detail_div"": ""대소공통"", ""week_div"": ""주중+주말"", ""list_price"": 160000, ""sale_price"": 150000, ""discount_pct"": 6, ""start_date"": ""0"", ""end_date"": ""60""}]",구매일,,60,0 ~ 60,모바일티켓;예약필수,예약필수,,LMS 문자,전화 예약 | 사전예약 후 방문,10,"기한: 수령 후 7일 이내 | 수수료: 발송·취소 장당 1,000원, D-3 기본수수료, D-2 30%, D-1 50% | 불가: 부분취소, 기간경과, 당일·노쇼 | 접수: 유선",패러러브 양평 패러글라이딩,경기도 양평군 옥천면 신복리 158번지,010-4255-1102,https://para114.com/,모바일티켓,예약필수,사용안함,[유효 ~ 60일],,"[필독!! 발송정보]
◇ 예약 필수 상품 : 모바일 이용권 수신 후 직접 예약해주셔야 하며, 결제 내역으로는 이용 불가합니다.
◇ 바로 발송 가능 상품 : `결제(입금) 완료` 건에 한해서 LMS 바코드 이용권 문자가 20분이내 휴대폰 번호로 발송
(미수신 시 휴대폰 차단 기능 확인!!)
※ 문자발송번호 : 02-536-0836
[필독!! 예약진행 안내]
1. 예약일자 선택 후 결제까지 진행
2. 유선 상으로 예약 문의 및 확정(010-4255-1102)
※ 넥스트에너지 구매 고객이라고 말씀해주세요!
3. 예약문자 수령(문자발송번호 : 010-4255-1102)
[필독!! 이용정보]
◆ 유효 기간 : 옵션 별 상이
◆ 이용 업체 : 패러러브 양평 패러글라이딩
◆ 운영 일정 : 이용업체 홈페이지 참조 필수
◆ 구매 수량 : 1인당 10매까지 구입 가능
◆ 이용 방법 : 사전예약 후 방문
※ 사전예약 없이는 이용이 불가합니다.
◆ 권종 구분
▷기본코스
- 비행시간 : 약 12분
- 사진 및 동영상 촬영 미포함
▷항공 촬영 코스(865m 체험 비행)
- 비행시간 : 약 15분
- 비행사진&동영상+다이나믹 비행+5분 추가비행
◆ 추가 할인 : 해당 상품은 할인 가격으로 판매되는 상품으로 추가 할인을 받으실 수 없습니다.
◆ 안내 사항 : 주말 및 성수기 기간 인원 초과 시 입장이 제한될 수 있으며, 시설 이용 제한 사항은 업체 규정에 따릅니다.
◆ 이용 업체에 대한 전반적인 이용 정보(운영 사항, 유의 사항, 안전 점검, 편의 시설 등)는 꼭 방문 전 아래 홈페이지를 클릭하셔서 확인하시길 바랍니다.
★ 홈페이지 : (클릭☞ 패러러브 양평 패러글라이딩 홈페이지 바로가기)
☎고객센터 연락처 : 02-536-0836
운영시간 [주중 및 주말 동일]
● 오전 10시 ~ 오후 4시
● 점심시간 : 12:00 ~13:00
※ 취소 및 환불문의
▷ 취소 및 환불 요청은 주중에 유선으로만 가능합니다.(취소 및 환불 요청 고객센터 ☎ 02-536-0836)
→ 토요일 및 일요일 그리고 공휴일은 제외","[ 예약 전 취소 · 환불 안내 ]
▷ 취소 및 환불 요청은 유선으로만 가능합니다.→ 토요일 및 일요일 그리고 공휴일은 제외(취소 및 환불 요청 고객센터 ☎ 02-536-0836)
→ 고객센터 운영시간[주중 및 주말 동일] : 오전 10시 ~ 오후 4시 / 점심시간 12:00~13:00
→ 고객센터 연락처 : 02-536-0836
▷ 취소 및 환불 규정은 `전자상거래등에서의 소비자보호에 관한 현행 법률`에 의거하여 작성되었습니다.
▷ 취소 및 환불은 수령하신 날로부터 7일 이내에만 가능합니다.
▷ 해당 상품은 임직원 대상 특별 할인 가격으로 판매하는 프로모션 상품입니다.
▷ 해당 상품은 이용권에 별도 표기 된 유효(이용) 기간 내 꼭 이용하셔야 합니다.
▷ 유효(이용) 기간 경과 시 별도 연장이나 취소가 안 되는 `자동 폐기 상품`입니다.(★유효 기간 연장 불가 상품!!)
▷ 부분적인 결제 취소나 부분적인 이용이 불가능한 상품입니다.(예시 : 5명일 경우 4장+1장 결제 or 2장+3장 결제)
▷ 고객 귀책 사유로 발생하는 취소 및 환불 금액에 대한 발송 및 이체 수수료는 고객이 부담하셔야 합니다.
→ 모바일 티켓 : 발송 및 취소 수수료 장당 1,000원 발생(예시 : 1,000원 X 5장 발송 = 5,000원)
→ 종이 티켓 : 폐문, 부재중, 주소 오류 등 고객 귀책 사유로 발송된 등기 반송 시 반송 비용은 고객이 부담하셔야 합니다.(반송 비용 7,500원)
→ 공통 : 환불 금액 입금 계좌가 하나은행이 아닌 타 은행인 경우 이체 수수료 500원이 발생합니다.
[ 예약 후 취소 · 환불 안내 ]
▶ 예약일 기준 3일 전까지 기본 수수료(예약 전 발생하는 발송 취소 수수료) 발생.
▶ 예약일 기준 2일 전까지 30% 수수료 발생.
▶ 예약일 기준 1일 전까지 50% 수수료 발생.
▶ 예약일 당일 및 NO show 환불 불가.
※ 패러러브 양평패러글라이딩 예약 취소 후 넥스트에너지 고객센터(02-536-0836)로 연락주시기 바랍니다.
※ 취소 · 환불은 평일(월요일 ~ 금요일) 환불상담 가능 시간에만 가능합니다.
(09:30 ~ 17:30/점심시간 12:00 ~ 13:00 제외)
→상담시간 외 문의 시 다음날 문의로 간주됩니다.",2026-09-30T04:43:15
225212,레져,액티비티,단양,더쎈 패러글라이딩,안전하고 짜릿한 고공비행을 즐기다,120000,105000,12,더쎈 익스트림코스,2,"[{""option"": ""더쎈 익스트림코스"", ""detail_div"": ""대소공통"", ""week_div"": ""주중+주말"", ""list_price"": 120000, ""sale_price"": 105000, ""discount_pct"": 12, ""start_date"": ""0"", ""end_date"": ""60""}, {""option"": ""더쎈 노멀코스"", ""detail_div"": ""대소공통"", ""week_div"": ""주중+주말"", ""list_price"": 90000, ""sale_price"": 85000, ""discount_pct"": 6, ""start_date"": ""0"", ""end_date"": ""60""}]",구매일,,60,0 ~ 60,모바일티켓;예약필수,예약필수,,,전화 예약,10,"기한: 수령 후 7일 이내 | 수수료: 발송·취소 장당 1,000원, D-3 기본수수료, D-2 30%, D-1 50% | 불가: 부분취소, 기간경과, 당일·노쇼 | 접수: 유선",더쎈패러글라이딩,충북 단양군 가곡면 두산길 262,010-3710-2676,http://thessenpara.com/about,모바일티켓,예약필수,사용안함,[유효 ~ 60일],,"※ ☞홈페이지클릭
※ 방문 최소 2~3일 전 사전예약필수(티켓 구입 전, 예약 가능 여부 확인을 권장합니다.)
▶ 예약방법 안내
1. 넥스트에너지 사이트에서 티켓 구매
2. 노멀코스 주중권(월요일~목요일) , 노멀코스 주말권(금요일, 토요일, 일요일, 공휴일 전날, 공휴일), 익스트림코스(월요일~일요일, 공휴일)
3. 유선 예약(010-3710-2676)
4. 예약문자 수령(더쎈패러글라이딩 제공)
* 유효기간 : 구매 후 60일 이내 사용
* 운영시간 : 매일 일출~일몰
* 상품구성
1) 노멀코스
- 비행시간 : 5 ~ 10분
- 동영상촬영 미포함 : 현장 추가결제 시 가능(20,000원)
2) 익스트림 코스
- 비행시간 : 5~10분
- 동영상촬영 및 다이나믹 비행 포함
* 상품구분 : 대인·소인 공통 이용권
※ 4세 이상 이용 가능
* 기타사항 : 상품 특성 상 기상상황에 따라 예약 날짜에 이용이 불가할 수 있습니다.
* 인원 초과 시 입장이 제한될 수 있으며, 시설 이용 제한 사항은 업체 규정에 따릅니다.
※ 시설 및 프로그램별 세부 운영시간은 당일 현장상황에 따라 변경될 수 있습니다.
☎고객센터 연락처 : 02-536-0836
운영시간 [주중 및 주말 동일]
● 오전 10시 ~ 오후 4시
● 점심시간 : 12:00 ~13:00
※ 취소 및 환불문의
▷ 취소 및 환불 요청은 주중에 유선으로만 가능합니다.(취소 및 환불 요청 고객센터 ☎ 02-536-0836)
→ 토요일 및 일요일 그리고 공휴일은 제외","[ 예약 전 취소 · 환불 안내 ]
▷ 취소 및 환불 요청은 유선으로만 가능합니다.→ 토요일 및 일요일 그리고 공휴일은 제외(취소 및 환불 요청 고객센터 ☎ 02-536-0836)
→ 고객센터 운영시간 : 평일 10:00~16:00 운영 / 점심시간 12:00~13:00
▷ 취소 및 환불 규정은 `전자상거래등에서의 소비자보호에 관한 현행 법률`에 의거하여 작성되었습니다.
▷ 취소 및 환불은 수령하신 날로부터 7일 이내에만 가능합니다.
▷ 해당 상품은 임직원 대상 특별 할인 가격으로 판매하는 프로모션 상품입니다.
▷ 해당 상품은 이용권에 별도 표기 된 유효(이용) 기간 내 꼭 이용하셔야 합니다.
▷ 유효(이용) 기간 경과 시 별도 연장이나 취소가 안 되는 `자동 폐기 상품`입니다.(★유효 기간 연장 불가 상품!!)
▷ 부분적인 결제 취소나 부분적인 이용이 불가능한 상품입니다.(예시 : 5명일 경우 4장+1장 결제 or 2장+3장 결제)
▷ 고객 귀책 사유로 발생하는 취소 및 환불 금액에 대한 발송 및 이체 수수료는 고객이 부담하셔야 합니다.
→ 모바일 티켓 : 발송 및 취소 수수료 장당 1,000원 발생(예시 : 1,000원 X 5장 발송 = 5,000원)
→ 종이 티켓 : 폐문, 부재중, 주소 오류 등 고객 귀책 사유로 발송된 등기 반송 시 반송 비용은 고객이 부담하셔야 합니다.(반송 비용 7,500원)
→ 공통 : 환불 금액 입금 계좌가 하나은행이 아닌 타 은행인 경우 이체 수수료 500원이 발생합니다.
[ 예약 후 취소 · 환불 안내 ]
▶ 예약일 기준 3일 전까지 기본 수수료(예약 전 발생하는 발송 취소 수수료) 발생.
▶ 예약일 기준 2일 전까지 30% 수수료 발생.
▶ 예약일 기준 1일 전까지 50% 수수료 발생.
▶ 예약일 당일 및 NO show 환불 불가.
※ 더쎈패러글라이딩 예약 취소 후 넥스트에너지 고객센터(02-536-0836)로 연락주시기 바랍니다.
※ 취소 · 환불은 평일(월요일 ~ 금요일) 환불상담 가능 시간에만 가능합니다.
(09:30 ~ 17:30/점심시간 12:00 ~ 13:00 제외)
→상담시간 외 문의 시 다음날 문의로 간주됩니다.",2026-09-30T04:43:18
326843,레져,액티비티,경남,통영 케이블카 패키지,통영 미륵산의 아름다운 한려수도 경치 감상!,32000,22100,31,케이블카 1회왕복+디피랑(~9/30),1,"[{""option"": ""케이블카 1회왕복+디피랑(~9/30)"", ""detail_div"": ""대소공통"", ""week_div"": ""주중+주말"", ""list_price"": 32000, ""sale_price"": 22100, ""discount_pct"": 31, ""start_date"": ""2026-05-08"", ""end_date"": ""2026-09-30""}]",2026-05-08,2026-09-30,,2026-05-08 ~ 2026-09-30,모바일티켓;바로 사용가능,즉시발송,엘에스컴퍼니,알림톡,매표소 교환 / 바로 입장 | 모바일 이용권 현장 매표소 제시 후 이용 가능(재발송 가능 상품),20,"기한: 수령 후 7일 이내 | 수수료: 발송·취소 장당 1,000원 | 불가: 부분취소, 기간경과 | 접수: 유선(주중)",통영 케이블카,경남 통영시 발개로 205,1544-3303,,모바일티켓,바로 사용가능,사용안함,[유효 ~ 26/09/30],,"[필독!! 발송정보]
◇ 바로 발송 가능 상품 : `결제(입금) 완료` 건에 한해서 모바일 이용권이 20분이내 휴대폰 번호로 발송(미수신 시 휴대폰 차단 기능 확인!!)
◇ 수신 후 바로 사용 가능 : 모바일 이용권 수신 후 바로 사용 가능, 결제 내역으로는 이용 불가합니다.
※ 카카오톡발송채널 : 엘에스컴퍼니
[필독!! 이용정보]
※ 구매 전 상세 이미지 내 안내사항 을 꼭 확인해주세요.
※ 구매 후 1시간 이후 이용 가능합니다.
※ 주중,주말 / 대인,소인 공통입니다.
◆ 유효 기간 : ~ 2026년 9월 30일 까지
◆ 이용 업체 : 통영 케이블카
◆ 운영 일정 : 이용업체 홈페이지 참조 필수
◆ 구매 수량 : 1인당 10매까지 구입 가능
◆ 이용 방법 : 모바일 이용권 현장 매표소 제시 후 이용 가능(재발송 가능 상품)
◆ 권종 구분 : 주중/주말, 대인/소인 구분없이 1인 1매
◆ 추가 할인 : 해당 상품은 할인 가격으로 판매되는 상품으로 추가 할인을 받으실 수 없습니다.
◆ 이용 업체에 대한 전반적인 이용 정보(운영 사항, 유의 사항, 안전 점검, 편의 시설 등)는 꼭 방문 전 홈페이지를 확인하시길 바랍니다.","▷ 취소 및 환불 요청은 주중에 유선으로만 가능합니다.(취소 및 환불 요청 고객센터 ☎ 02-536-0836)
→ 고객센터 운영시간 : 평일 10:00~16:00 운영 / 점심시간 12:00~13:00
▷ 취소 및 환불 규정은 `전자상거래등에서의 소비자보호에 관한 현행 법률`에 의거하여 작성되었습니다.
▷ 취소 및 환불은 수령하신 날로부터 7일 이내에만 가능합니다.
▷ 해당 상품은 임직원 대상 특별 할인 가격으로 판매하는 프로모션 상품입니다.
▷ 해당 상품은 이용권에 별도 표기 된 유효(이용) 기간 내 꼭 이용하셔야 합니다.
▷ 유효(이용) 기간 경과 시 별도 연장이나 취소가 안 되는 `자동 폐기 상품`입니다.(★유효 기간 연장 불가 상품!!)
▷ 부분적인 결제 취소나 부분적인 이용이 불가능한 상품입니다.(예시 : 5명일 경우 4장+1장 결제 or 2장+3장 결제)
▷ 고객 귀책 사유로 발생하는 취소 및 환불 금액에 대한 발송 및 이체 수수료는 고객이 부담하셔야 합니다.
→ 모바일 티켓 : 발송 및 취소 수수료 장당 1,000원 발생(예시 : 1,000원 X 5장 발송 = 5,000원)
→ 종이 티켓 : 폐문, 부재중, 주소 오류 등 고객 귀책 사유로 발송된 등기 반송 시 반송 비용은 고객이 부담하셔야 합니다.(반송 비용 7,500원)
→ 공통 : 환불 금액 입금 계좌가 하나은행이 아닌 타 은행인 경우 이체 수수료 500원이 발생합니다.",2026-09-30T04:43:20
316426,레져,액티비티,철원,한레저,추억을 쌓으러 가보자~!!!,36000,25000,31,래프팅or서바이벌 中 택1 체험권 한레저(~9/30),2,"[{""option"": ""래프팅or서바이벌 中 택1 체험권 한레저(~9/30)"", ""detail_div"": ""대소공통"", ""week_div"": ""주중+주말"", ""list_price"": 36000, ""sale_price"": 25000, ""discount_pct"": 31, ""start_date"": ""0"", ""end_date"": ""2026-09-30""}, {""option"": ""산악바이크 체험권 한레저(~9/30)"", ""detail_div"": ""대소공통"", ""week_div"": ""주중+주말"", ""list_price"": 36000, ""sale_price"": 28000, ""discount_pct"": 22, ""start_date"": ""0"", ""end_date"": ""2026-09-30""}]",구매일,2026-09-30,,0 ~ 2026-09-30,모바일티켓;예약필수,예약필수,,LMS 문자,전화 예약 / 바로 입장 | 사전예약 후 방문,100,"기한: 수령 후 7일 이내 | 수수료: 발송·취소 장당 1,000원, D-5 기본수수료, D-2 30%, D-1 50% | 불가: 부분취소, 기간경과, 당일·노쇼 | 접수: 유선",한탄강캠프,강원 철원군 갈말읍 갈말로 358 태봉캠핑장,033-452-7355 / 010-5556-5041,http://lshc.kr,모바일티켓,예약필수,사용안함,[유효 ~ 26/09/30],,"[필독!! 예약방법 안내]
◆ 상품 구매 전 이용을 원하는 일자 및 시간을 확인해주세요!
→예약여부를 확인하지않고 구매 후 예약불가로 환불 요청하시는 경우 취소수수료가 발생합니다.
※ 예약문의 : 033-452-7355 / 010-5556-5041
[필독!! 발송정보]
◇ 예약 필수 상품 : 모바일 이용권 수신 후 직접 예약해주셔야 하며, 결제 내역으로는 이용 불가합니다.
◇ 바로 발송 가능 상품 : `결제(입금) 완료` 건에 한해서 LMS 바코드 이용권 문자가 20분이내 휴대폰 번호로 발송
(미수신 시 휴대폰 차단 기능 확인!!)
※ 문자발송번호 : 02-536-0836
▶ 주문건 발송시간안내 [주중 및 주말 동일]
※ 바로사용가능 外 티켓은 하단내용 참고
● 오전 10시부터 ~ 오후 4시이전 주문건 1시간내로 발송
● 오후 4시이후부터 ~ 다음날 오전 10시이전 주문건은 오전 10시이후부터 1시간내로 발송
→ 고객센터 운영시간[주중 및 주말 동일] : 오전 10시 ~ 오후 4시 / 점심시간 12:00~13:00
→ 고객센터 연락처 : 02-536-0836
[필독!! 이용정보]
◆ 유효 기간 : ~ 2026년 9월 30일 (수) 까지
◆ 이용 업체 : 한탄강캠프(래프팅/ATV/서바이벌 중 택1)
◆ 운영 일정
- 주중(월요일 ~ 목요일) : 11:00 / 13:00 / 15:00
- 주말(금요일 ~ 일요일) : 09:00 / 10:00 / 15:00 / 16:00
◆ 이용 방법 : 사전예약 후 방문
◆ 권종 구분 : 대인/소인/주중/주말ㆍ공휴일 구분없이 1인 1매
★ 구매 전 레포츠 별 이용 정보를 확인하세요!
※ 래프팅 6세 미만 이용 제한(보호자 동반 시 가능)
※ 서바이벌 8인 이상부터 예약 가능
◆ 추가 할인 : 해당 상품은 할인 가격으로 판매되는 상품으로 추가 할인을 받으실 수 없습니다.
◆ 안내 사항 : 주말 및 성수기 기간 인원 초과 시 입장이 제한될 수 있으며, 시설 이용 제한 사항은 업체 규정에 따릅니다.
◆ 이용 업체에 대한 전반적인 이용 정보(운영 사항, 유의 사항, 안전 점검, 편의 시설 등)는 꼭 방문 전 아래 홈페이지를 클릭하셔서 확인하시길 바랍니다.
★ 홈페이지 : (클릭☞ 한레저 홈페이지 바로가기)","[ 예약 전 취소 · 환불 안내 ]
▷ 취소 및 환불 요청은 유선으로만 가능합니다.(취소 및 환불 요청 고객센터 ☎ 02-536-0836)
→ 고객센터 운영시간[주중 및 주말 동일] : 오전 10시 ~ 오후 4시 / 점심시간 12:00~13:00
→ 고객센터 연락처 : 02-536-0836
▷ 취소 및 환불 규정은 `전자상거래등에서의 소비자보호에 관한 현행 법률`에 의거하여 작성되었습니다.
▷ 취소 및 환불은 수령하신 날로부터 7일 이내에만 가능합니다.
▷ 해당 상품은 임직원 대상 특별 할인 가격으로 판매하는 프로모션 상품입니다.
▷ 해당 상품은 이용권에 별도 표기 된 유효(이용) 기간 내 꼭 이용하셔야 합니다.
▷ 유효(이용) 기간 경과 시 별도 연장이나 취소가 안 되는 `자동 폐기 상품`입니다.(★유효 기간 연장 불가 상품!!)
▷ 부분적인 결제 취소나 부분적인 이용이 불가능한 상품입니다.(예시 : 5명일 경우 4장+1장 결제 or 2장+3장 결제)
▷ 고객 귀책 사유로 발생하는 취소 및 환불 금액에 대한 발송 및 이체 수수료는 고객이 부담하셔야 합니다.
→ 모바일 티켓 : 발송 및 취소 수수료 장당 1,000원 발생(예시 : 1,000원 X 5장 발송 = 5,000원)
→ 종이 티켓 : 폐문, 부재중, 주소 오류 등 고객 귀책 사유로 발송된 등기 반송 시 반송 비용은 고객이 부담하셔야 합니다.(반송 비용 7,500원)
→ 공통 : 환불 금액 입금 계좌가 하나은행이 아닌 타 은행인 경우 이체 수수료 500원이 발생합니다.
[ 예약 후 취소 · 환불 안내 ]
▶ 예약일 기준 5일 전까지 기본 수수료(예약 전 발생하는 발송 취소 수수료) 발생.
▶ 예약일 기준 2일 전까지 30% 수수료 발생.
▶ 예약일 기준 1일 전까지 50% 수수료 발생.
▶ 예약일 당일 및 NO show 환불 불가.
※ 예약 취소 후 넥스트에너지 고객센터(02-536-0836)로 연락주시기 바랍니다.
※ 취소 · 환불은 평일(월요일 ~ 금요일) 환불상담 가능 시간에만 가능합니다.
(09:30 ~ 17:30/점심시간 12:00 ~ 13:00 제외)
→상담시간 외 문의 시 다음날 문의로 간주됩니다.",2026-09-30T04:43:22
274453,레져,액티비티,제주,제주레일바이크,낭만 가득 제주여행의 끝판왕!,30000,21700,28,2인 이용권 제주레일바이크,3,"[{""option"": ""2인 이용권 제주레일바이크"", ""detail_div"": ""대소공통"", ""week_div"": ""주중+주말"", ""list_price"": 30000, ""sale_price"": 21700, ""discount_pct"": 28, ""start_date"": ""0"", ""end_date"": ""60""}, {""option"": ""3인 이용권 제주레일바이크"", ""detail_div"": ""대소공통"", ""week_div"": ""주중+주말"", ""list_price"": 40000, ""sale_price"": 31800, ""discount_pct"": 21, ""start_date"": ""0"", ""end_date"": ""60""}, {""option"": ""4인 이용권 제주레일바이크"", ""detail_div"": ""대소공통"", ""week_div"": ""주중+주말"", ""list_price"": 48000, ""sale_price"": 42000, ""discount_pct"": 13, ""start_date"": ""0"", ""end_date"": ""60""}]",구매일,,60,0 ~ 60,모바일티켓;예약필수,예약필수,,LMS 문자/순차 발송,전화 예약 / 바로 입장 | 사전 예약 후 방문,20,"수수료: D-3 기본수수료, D-2 20%, D-1 30%, 50% | 불가: 당일·노쇼 | 접수: 유선",제주 레일바이크,제주특별자치도 제주시 구좌읍 용눈이오름로 641,064-783-0033,http://www.jejurailpark.com/m/index.php,모바일티켓,예약필수,사용안함,[유효 ~ 60일],,"※ 티켓 구매 당일에는 이용이 불가합니다.
[필독!! 예약진행 안내]
※ 사전예약이 반드시 필요합니다.(070-8693-3308)
(최소 3일 전까지 예약 진행 권장)
◇ 예약 필수 상품 : 모바일 이용권 수신 후 직접 예약해주셔야 하며, 결제 내역으로는 이용 불가합니다.(02-2055-0455)
[필독!! 발송정보]
◇ 순차 발송 상품 : 매일 23:30까지 결제(가상계좌 입금) 완료 건에 한해서 결제 확인 후부터 익일 09:30까지 모바일 이용권이 결제완료순으로 발송됩니다.(미수신 시 휴대폰 차단 기능 확인!!)
※ 주문량에 따라 발송 소요시간이 달라질 수 있습니다.
※ 문자발송번호 : 02-2055-0455
[필독!! 이용정보]
▶ 주문건 발송시간안내 [주중 및 주말 동일]
※ 바로사용가능 外 티켓은 하단내용 참고
● 오전 10시부터 ~ 오후 4시이전 주문건 1시간내로 발송
● 오후 4시이후부터 ~ 다음날 오전 10시이전 주문건은 오전 10시이후부터 1시간내로 발송
→ 고객센터 운영시간[주중 및 주말 동일] : 오전 10시 ~ 오후 4시 / 점심시간 12:00~13:00
→ 고객센터 연락처 : 02-536-0836
◆ 유효 기간 : 구매 후 60일
◆ 이용 업체 : 제주레일바이크
◆ 운영 일정 : 이용업체 홈페이지 참조 필수
◆ 이용 방법 : 사전 예약 후 방문
◆ 권종 구분 : 대인/소인/주중/주말ㆍ공휴일 구분없이 1인 1매
※ 36개월 이상 및 신장 100cm 이상부터 탑승 가능
★ 구매 전 옵션 별 상품정보를 확인하세요!(옵션 별 탑승인원 확인)
◆ 추가 할인 : 해당 상품은 할인 가격으로 판매되는 상품으로 추가 할인을 받으실 수 없습니다.
◆ 안내 사항 : 주말 및 성수기 기간 인원 초과 시 입장이 제한될 수 있으며, 시설 이용 제한 사항은 업체 규정에 따릅니다.
◆ 이용 업체에 대한 전반적인 이용 정보(운영 사항, 유의 사항, 안전 점검, 편의 시설 등)는 꼭 방문 전 아래 홈페이지를 클릭하셔서 확인하시길 바랍니다.
★ 홈페이지 : (클릭☞ 제주레일바이크 홈페이지 바로가기)
☎고객센터 연락처 : 02-536-0836
운영시간 [주중 및 주말 동일]
● 오전 10시 ~ 오후 4시
● 점심시간 : 12:00 ~13:00
※ 취소 및 환불문의
▷ 취소 및 환불 요청은 주중에 유선으로만 가능합니다.(취소 및 환불 요청 고객센터 ☎ 02-536-0836)
→ 토요일 및 일요일 그리고 공휴일은 제외","▶ 예약일 기준 3일 전까지 기본 수수료(예약 전 발생하는 발송 취소 수수료) 발생.
▶ 예약일 기준 2일 전까지 20% 수수료 발생.
▶ 예약일 기준 1일 전까지 30% 수수료 발생.
▶ 예약일 당일 출발시간 전까지 50% 수수료 발생.
▶ 예약일 당일 출발시간 후 및 NO show 환불 불가.
▷ 취소 및 환불 요청은 유선으로만 가능합니다.→ 토요일 및 일요일 그리고 공휴일은 제외(취소 및 환불 요청 고객센터 ☎ 02-536-0836)
→ 고객센터 운영시간[주중 및 주말 동일] : 오전 10시 ~ 오후 4시 / 점심시간 12:00~13:00
→ 고객센터 연락처 : 02-536-0836
→상담시간 외 문의 시 다음날 문의로 간주됩니다.",2026-09-30T04:43:25
225256,헬스&푸드,푸드,서울,노량진 충남상회 모듬회,노량진 수산물도매시장 1층 활어136호 충남상회,0,60000,0,모듬회 소(2인) 충남상회(* 전화예약 및 직접결제),6,"[{""option"": ""모듬회 소(2인) 충남상회(* 전화예약 및 직접결제)"", ""detail_div"": """", ""week_div"": """", ""list_price"": 0, ""sale_price"": 60000, ""discount_pct"": 0, ""start_date"": ""0"", ""end_date"": ""0""}, {""option"": ""방어회 소(2인) 충남상회(* 전화예약 및 직접결제)"", ""detail_div"": """", ""week_div"": """", ""list_price"": 0, ""sale_price"": 60000, ""discount_pct"": 0, ""start_date"": ""0"", ""end_date"": ""0""}, {""option"": ""모듬회 중(2~3인) 충남상회(* 전화예약 및 직접결제)"", ""detail_div"": """", ""week_div"": """", ""list_price"": 0, ""sale_price"": 80000, ""discount_pct"": 0, ""start_date"": ""0"", ""end_date"": ""0""}, {""option"": ""방어회 중(2~3인) 충남상회(* 전화예약 및 직접결제)"", ""detail_div"": """", ""week_div"": """", ""list_price"": 0, ""sale_price"": 80000, ""discount_pct"": 0, ""start_date"": ""0"", ""end_date"": ""0""}, {""option"": ""모듬회 대(3~4인) 충남상회(* 전화예약 및 직접결제)"", ""detail_div"": """", ""week_div"": """", ""list_price"": 0, ""sale_price"": 100000, ""discount_pct"": 0, ""start_date"": ""0"", ""end_date"": ""0""}, {""option"": ""방어회 대(3~4인) 충남상회(* 전화예약 및 직접결제)"", ""detail_div"": """", ""week_div"": """", ""list_price"": 0, ""sale_price"": 100000, ""discount_pct"": 0, ""start_date"": ""0"", ""end_date"": ""0""}]",구매일,,0,0 ~ 0,직접수령;광고상품,광고상품,,,전화 예약,10,접수: 유선,충남상회,서울 동작구 노들로 674 노량진수산물도매시장 1층 활어136호,010-5470-3997/02-2254-7399,,직접수령,광고상품,사용안함,[판매 중],,"※ 구매자가 직접 예약 문의 및 결제하셔야 하는 상품입니다.
넥스트에너지가 아닌 충남상회(010-5470-3997 / 02-2254-7399)로 문의해주세요.
★ 넥스트에너지가 강력 추천하는 짝퉁 정준하 라는 별명을 가진 사장님이 운영하는 회센터 노량진 수산물도매시장 1층 활어136호 충남상회!! ★
▶ 구매방법 안내
1. 유선 문의 : 010-5470-3997 / 02-2254-7399
카카오톡ID : hs3997
※ 넥스트에너지 구매고객이라고 말씀해주세요!
2. 충남상회에서 결제 및 수령
※ 결제금액은 배송비가 제외된 금액이며, 배송 요청 시 지역에 따라서 배송비 금액이 상이할 수 있습니다.
※ 방문 최소 2시간 전 예약 필수
* 운영시간 : 예약번호로 문의해주세요.
* 상품구성
▷제철모듬회 및 일반모듬회
- 대(3~4인용) : 100,000원
- 중(2~3인용) : 80,000원
- 소(2인용) : 60,000원
▷방어회
- 대(3~4인용) : 100,000원
- 중(2~3인용) : 80,000원
- 소(2인용) : 60,000원
▷방어모듬회 및 민어모듬회
- 대(3~4인용) : 120,000원
- 중(2~3인용) : 90,000원
- 소(2인용) : 70,000원
* 기타사항
- 전화 예약 및 주문만 가능합니다.(넥스트에너지 구매자라고 말씀해주세요.)
- 모둠회 구성 변경이 가능합니다.(예약 시 문의해주시기 바랍니다.)
- 숙성회 메뉴(곤부지메,츠모토식 등) 또는 두껍게 썬 회를 제공받고자 하는 경우 등은 예약 시 말씀해주세요.","[ 상품 배송 안내]
ㆍ 직접 수령 또는 배송 상품.
※ 퀵배송 및 고속버스 화물택배 가능.(주문 시, 배송비를 문의해주시기 바랍니다.)
※ 직접 방문 및 포장 수령 시, 별도의 배송비는 발생하지 않습니다.
[ 취소 · 환불 안내 ]
ㆍ 단순 변심으로 인한 취소 · 환불 불가.(상품 특성 상, 환불 불가)
※ 자세한 사항은 유선으로 문의바랍니다.(010-5470-3997/02-2254-7399)",2026-09-30T04:43:27
