product_id,cat1,cat2,region,name,tagline,list_price,sale_price,discount_pct,basis,option_count,options,valid_from,valid_to,valid_days,badges,issue_type,issue_channel,issue_medium,usage_method,max_qty,refund_rule,vendor_name,vendor_address,vendor_phone,external_link,ticket_type,ticket_div,calendar_chk,manage_name,check,notice_text,refund_text,collected_at
328990,테마파크,테마파크,용인,한국민속촌,조선시대로 떠나는 여행!!,39000,19000,51,주중ㆍ주말공통 종일권 한국민속촌(~10/31),1,"[{""option"": ""주중ㆍ주말공통 종일권 한국민속촌(~10/31)"", ""detail_div"": ""대소공통"", ""week_div"": ""주중+주말"", ""list_price"": 39000, ""sale_price"": 19000, ""discount_pct"": 51, ""start_date"": ""2026-10-01"", ""end_date"": ""2026-10-31""}]",2026-10-01,2026-10-31,,모바일티켓;바로 사용가능,즉시발송,큐패스코리아,알림톡,QR/바코드 제시 / 바로 입장,10,"기한: 수령 후 7일 이내 | 수수료: 발송·취소 장당 1,000원 | 불가: 부분취소, 기간경과 | 접수: 유선(주중)",한국민속촌,경기 용인시 기흥구 민속촌로 90 한국민속촌,031-288-0000,https://www.koreanfolk.co.kr/,모바일티켓,바로 사용가능,사용안함,[유효 ~ 26/10/31],상세 없음(JSON만 사용),"※ 10월1일 구매사이트 open하며,10월1일부터 구매가능합니다.
※ 티켓 구매 시 알림톡은 주문 건당 1개 발송됩니다. (4개 구매 시 알림톡 1개 발송)
[필독!! 발송정보]
◇ 바로 발송 가능 상품 : `결제(입금) 완료` 건에 한해서 모바일 이용권이 20분이내 휴대폰 번호로 발송(미수신 시 휴대폰 차단 기능 확인!!)
◇ 수신 후 바로 사용 가능 : 모바일 이용권 수신 후 바로 사용 가능, 결제 내역으로는 이용 불가합니다.
※ 카카오톡 발송채널 : 큐패스코리아
[필독!! 이용정보]
[이용방법]
1. 카카오톡 알림톡 수신
2. QPASS 티켓 발권 선택
3. QR코드 제시
◆ 이용 업체 : 한국민속촌
◆ 운영 일정 : 이용업체 홈페이지 참조 필수
◆ 구매 수량 : 1인당 10매까지 구입 가능
◆ 권종 구분 : 대인/소인/주중/주말ㆍ공휴일 구분없이 1인 1매 (36개월 미만 아기는 보호자 신분증 및 확인서류 지참시에만 무료 이용 가능!!)
◆ 추가 할인 : 해당 상품은 할인 가격으로 판매되는 상품으로 추가 할인을 받으실 수 없습니다.
◆ 안내 사항 : 주말 및 성수기 기간 인원 초과 시 입장이 제한될 수 있으며, 시설 이용 제한 사항은 업체 규정에 따릅니다.
◆ 이용 업체에 대한 전반적인 이용 정보(운영 사항, 유의 사항, 안전 점검, 편의 시설 등)는 꼭 방문 전 아래 홈페이지를 클릭하셔서 확인하시길 바랍니다.
★ 홈페이지 : (클릭☞ 한국민속촌 홈페이지 바로가기)","▷ 취소 및 환불 요청은 주중에 유선으로만 가능합니다.(취소 및 환불 요청 고객센터 ☎ 02-536-0836)
→ 고객센터 운영시간 : 평일 10:00~16:00 운영 / 점심시간 12:00~13:00
▷ 취소 및 환불 규정은 `전자상거래등에서의 소비자보호에 관한 현행 법률`에 의거하여 작성되었습니다.
▷ 취소 및 환불은 수령하신 날로부터 7일 이내에만 가능합니다.
▷ 해당 상품은 임직원 대상 특별 할인 가격으로 판매하는 프로모션 상품입니다.
▷ 해당 상품은 이용권에 별도 표기 된 유효(이용) 기간 내 꼭 이용하셔야 합니다.
▷ 유효(이용) 기간 경과 시 별도 연장이나 취소가 안 되는 `자동 폐기 상품`입니다.(★유효 기간 연장 불가 상품!!)
▷ 부분적인 결제 취소나 부분적인 이용이 불가능한 상품입니다.(예시 : 5명일 경우 4장+1장 결제 or 2장+3장 결제)
▷ 고객 귀책 사유로 발생하는 취소 및 환불 금액에 대한 발송 및 이체 수수료는 고객이 부담하셔야 합니다.
→ 모바일 티켓 : 발송 및 취소 수수료 장당 1,000원 발생(예시 : 1,000원 X 5장 발송 = 5,000원)
→ 종이 티켓 : 폐문, 부재중, 주소 오류 등 고객 귀책 사유로 발송된 등기 반송 시 반송 비용은 고객이 부담하셔야 합니다.(반송 비용 7,500원)
→ 공통 : 환불 금액 입금 계좌가 하나은행이 아닌 타 은행인 경우 이체 수수료 500원이 발생합니다.",2026-09-30T04:31:37
330001,테마파크,테마파크,부천,볼베어파크 실내 키즈카페,우리 아이의 취향저격 놀이터!,9000,7650,15,평일 주말 통합권 대인권 부천 볼베어파크(~12/31),3,"[{""option"": ""평일 주말 통합권 대인권 부천 볼베어파크(~12/31)"", ""detail_div"": ""대인"", ""week_div"": ""주중+주말"", ""list_price"": 9000, ""sale_price"": 7650, ""discount_pct"": 15, ""start_date"": ""0"", ""end_date"": ""2026-12-31""}, {""option"": ""평일 주말 통합권 영유아권 부천 볼베어파크(~12/31)"", ""detail_div"": ""소인"", ""week_div"": ""주중+주말"", ""list_price"": 12000, ""sale_price"": 10200, ""discount_pct"": 15, ""start_date"": ""0"", ""end_date"": ""2026-12-31""}, {""option"": ""평일 주말 통합권 소인권 부천 볼베어파크(~12/31)"", ""detail_div"": ""소인"", ""week_div"": ""주중+주말"", ""list_price"": 28000, ""sale_price"": 23800, ""discount_pct"": 15, ""start_date"": ""0"", ""end_date"": ""2026-12-31""}]",구매일,2026-12-31,,모바일티켓;바로 사용가능,즉시발송,엘에스컴퍼니,알림톡,매표소 교환 / 바로 입장 | 모바일 이용권 현장 매표소 제시 후 이용 가능(재발송 가능 상품),20,"기한: 수령 후 7일 이내 | 수수료: 발송·취소 장당 1,000원 | 불가: 부분취소, 기간경과 | 접수: 유선(주중)",부천볼베어파크,경기 부천시 원미구 조마루로 2 웅진플레이도시 2층 볼베어파크,0507-1421-7789,,모바일티켓,바로 사용가능,사용안함,[유효 ~ 26/12/31],상세 없음(JSON만 사용),"[필독!! 발송정보]
◇ 바로 발송 가능 상품 : `결제(입금) 완료` 건에 한해서 모바일 이용권이 20분이내 휴대폰 번호로 발송(미수신 시 휴대폰 차단 기능 확인!!)
◇ 수신 후 바로 사용 가능 : 모바일 이용권 수신 후 바로 사용 가능, 결제 내역으로는 이용 불가합니다.
※ 카카오톡발송채널 : 엘에스컴퍼니
[필독!! 이용정보]
◆ 구매 전 상세이미지 내 안내사항을 꼭 확인해주세요.
◆ 유효 기간 : ~ 2026-12-31 까지
◆ 이용 업체 : 부천볼베어파크
◆ 운영 일정 : 이용업체 홈페이지 참조 필수
◆ 구매 수량 : 1인당 10매까지 구입 가능
◆ 이용 방법 : 모바일 이용권 현장 매표소 제시 후 이용 가능(재발송 가능 상품)
◆ 권종 구분 : 주중/주말·공휴일 구분없이 1인 1매
◆ 추가 할인 : 해당 상품은 할인 가격으로 판매되는 상품으로 추가 할인을 받으실 수 없습니다.
◆ 이용 업체에 대한 전반적인 이용 정보(운영 사항, 유의 사항, 안전 점검, 편의 시설 등)는 꼭 방문 홈페이지를 확인하시길 바랍니다.","▷ 취소 및 환불 요청은 주중에 유선으로만 가능합니다.(취소 및 환불 요청 고객센터 ☎ 02-536-0836)
→ 고객센터 운영시간 : 평일 10:00~16:00 운영 / 점심시간 12:00~13:00
▷ 취소 및 환불 규정은 `전자상거래등에서의 소비자보호에 관한 현행 법률`에 의거하여 작성되었습니다.
▷ 취소 및 환불은 수령하신 날로부터 7일 이내에만 가능합니다.
▷ 해당 상품은 임직원 대상 특별 할인 가격으로 판매하는 프로모션 상품입니다.
▷ 해당 상품은 이용권에 별도 표기 된 유효(이용) 기간 내 꼭 이용하셔야 합니다.
▷ 유효(이용) 기간 경과 시 별도 연장이나 취소가 안 되는 `자동 폐기 상품`입니다.(★유효 기간 연장 불가 상품!!)
▷ 부분적인 결제 취소나 부분적인 이용이 불가능한 상품입니다.(예시 : 5명일 경우 4장+1장 결제 or 2장+3장 결제)
▷ 고객 귀책 사유로 발생하는 취소 및 환불 금액에 대한 발송 및 이체 수수료는 고객이 부담하셔야 합니다.
→ 모바일 티켓 : 발송 및 취소 수수료 장당 1,000원 발생(예시 : 1,000원 X 5장 발송 = 5,000원)
→ 종이 티켓 : 폐문, 부재중, 주소 오류 등 고객 귀책 사유로 발송된 등기 반송 시 반송 비용은 고객이 부담하셔야 합니다.(반송 비용 7,500원)
→ 공통 : 환불 금액 입금 계좌가 하나은행이 아닌 타 은행인 경우 이체 수수료 500원이 발생합니다.",2026-09-30T04:31:37
327536,테마파크,테마파크,부산,세라젬 웰파크 부산기장점,12가지 넘는 놀이 체험을 통해 부모님의 휴식을 제공!,5000,4250,15,2시간 이용권 대인 세라젬 웰파크 부산기장점(~12/31),3,"[{""option"": ""2시간 이용권 대인 세라젬 웰파크 부산기장점(~12/31)"", ""detail_div"": ""대인"", ""week_div"": ""주중+주말"", ""list_price"": 5000, ""sale_price"": 4250, ""discount_pct"": 15, ""start_date"": ""0"", ""end_date"": ""2026-12-31""}, {""option"": ""2시간 이용권 소인 세라젬 웰파크 부산기장점(~12/31)"", ""detail_div"": ""소인"", ""week_div"": ""주중+주말"", ""list_price"": 18000, ""sale_price"": 15300, ""discount_pct"": 15, ""start_date"": ""0"", ""end_date"": ""2026-12-31""}, {""option"": ""2시간 이용권 영유아 세라젬 웰파크 부산기장점(~12/31)"", ""detail_div"": ""소인"", ""week_div"": ""주중+주말"", ""list_price"": 15000, ""sale_price"": 12750, ""discount_pct"": 15, ""start_date"": ""0"", ""end_date"": ""2026-12-31""}]",구매일,2026-12-31,,모바일티켓;바로 사용가능,즉시발송,엘에스컴퍼니,알림톡,매표소 교환 / 바로 입장 | 모바일 이용권 현장 매표소 제시 후 이용 가능(재발송 가능 상품),20,"기한: 수령 후 7일 이내 | 수수료: 발송·취소 장당 1,000원 | 불가: 부분취소, 기간경과 | 접수: 유선(주중)",세라젬 웰파크 부산기장점,부산 기장군 기장읍 동부산관광1로 60 라우어 오시리아근린생활시설 1동 4층,070-8835-7979,,모바일티켓,바로 사용가능,사용안함,[유효 ~ 26/12/31],상세 없음(JSON만 사용),"[필독!! 발송정보]
◇ 바로 발송 가능 상품 : `결제(입금) 완료` 건에 한해서 모바일 이용권이 20분이내 휴대폰 번호로 발송(미수신 시 휴대폰 차단 기능 확인!!)
◇ 수신 후 바로 사용 가능 : 모바일 이용권 수신 후 바로 사용 가능, 결제 내역으로는 이용 불가합니다.
※ 카카오톡발송채널 : 엘에스컴퍼니
[필독!! 이용정보]
◆ 구매 전 상세이미지 내 안내사항을 꼭 확인해주세요.
◆ 유효 기간 : ~ 2026년 12월 31일 까지
◆ 이용 업체 : 세라젬 웰파크 부산기장점
◆ 운영 일정 : 이용업체 홈페이지 참조 필수
◆ 구매 수량 : 1인당 10매까지 구입 가능
◆ 이용 방법 : 모바일 이용권 현장 매표소 제시 후 이용 가능(재발송 가능 상품)
◆ 권종 구분 : 주중/주말·공휴일 구분없이 1인 1매
◆ 추가 할인 : 해당 상품은 할인 가격으로 판매되는 상품으로 추가 할인을 받으실 수 없습니다.
◆ 이용 업체에 대한 전반적인 이용 정보(운영 사항, 유의 사항, 안전 점검, 편의 시설 등)는 꼭 방문 홈페이지를 확인하시길 바랍니다.","▷ 취소 및 환불 요청은 주중에 유선으로만 가능합니다.(취소 및 환불 요청 고객센터 ☎ 02-536-0836)
→ 고객센터 운영시간 : 평일 10:00~16:00 운영 / 점심시간 12:00~13:00
▷ 취소 및 환불 규정은 `전자상거래등에서의 소비자보호에 관한 현행 법률`에 의거하여 작성되었습니다.
▷ 취소 및 환불은 수령하신 날로부터 7일 이내에만 가능합니다.
▷ 해당 상품은 임직원 대상 특별 할인 가격으로 판매하는 프로모션 상품입니다.
▷ 해당 상품은 이용권에 별도 표기 된 유효(이용) 기간 내 꼭 이용하셔야 합니다.
▷ 유효(이용) 기간 경과 시 별도 연장이나 취소가 안 되는 `자동 폐기 상품`입니다.(★유효 기간 연장 불가 상품!!)
▷ 부분적인 결제 취소나 부분적인 이용이 불가능한 상품입니다.(예시 : 5명일 경우 4장+1장 결제 or 2장+3장 결제)
▷ 고객 귀책 사유로 발생하는 취소 및 환불 금액에 대한 발송 및 이체 수수료는 고객이 부담하셔야 합니다.
→ 모바일 티켓 : 발송 및 취소 수수료 장당 1,000원 발생(예시 : 1,000원 X 5장 발송 = 5,000원)
→ 종이 티켓 : 폐문, 부재중, 주소 오류 등 고객 귀책 사유로 발송된 등기 반송 시 반송 비용은 고객이 부담하셔야 합니다.(반송 비용 7,500원)
→ 공통 : 환불 금액 입금 계좌가 하나은행이 아닌 타 은행인 경우 이체 수수료 500원이 발생합니다.",2026-09-30T04:31:37
329938,테마파크,테마파크,경기 하남,세라젬 웰파크 위례점,아이들을 위한 10여종의 놀이 공간!,7000,5950,15,통합권 3시간 대인 세라젬 웰파크 위례점(~12/31),3,"[{""option"": ""통합권 3시간 대인 세라젬 웰파크 위례점(~12/31)"", ""detail_div"": ""대인"", ""week_div"": ""주중+주말"", ""list_price"": 7000, ""sale_price"": 5950, ""discount_pct"": 15, ""start_date"": ""0"", ""end_date"": ""2026-12-31""}, {""option"": ""통합권 3시간 소인 세라젬 웰파크 위례점(~12/31)"", ""detail_div"": ""소인"", ""week_div"": ""주중+주말"", ""list_price"": 24000, ""sale_price"": 20400, ""discount_pct"": 15, ""start_date"": ""0"", ""end_date"": ""2026-12-31""}, {""option"": ""통합권 3시간 영유아 세라젬 웰파크 위례점(~12/31)"", ""detail_div"": ""소인"", ""week_div"": ""주중+주말"", ""list_price"": 12000, ""sale_price"": 10200, ""discount_pct"": 15, ""start_date"": ""0"", ""end_date"": ""2026-12-31""}]",구매일,2026-12-31,,모바일티켓;바로 사용가능,즉시발송,엘에스컴퍼니,알림톡,매표소 교환 / 바로 입장 | 모바일 이용권 현장 매표소 제시 후 이용 가능(재발송 가능 상품),20,"기한: 수령 후 7일 이내 | 수수료: 발송·취소 장당 1,000원 | 불가: 부분취소, 기간경과 | 접수: 유선(주중)",세라젬 웰파크 위례점,"경기 하남시 위례대로 350 2층 201호~217호, 219호, 220호",070-4126-5265,,모바일티켓,바로 사용가능,사용안함,[유효 ~ 26/12/31],상세 없음(JSON만 사용),"[필독!! 발송정보]
◇ 바로 발송 가능 상품 : `결제(입금) 완료` 건에 한해서 모바일 이용권이 20분이내 휴대폰 번호로 발송(미수신 시 휴대폰 차단 기능 확인!!)
◇ 수신 후 바로 사용 가능 : 모바일 이용권 수신 후 바로 사용 가능, 결제 내역으로는 이용 불가합니다.
※ 카카오톡발송채널 : 엘에스컴퍼니
[필독!! 이용정보]
◆ 구매 전 상세이미지 내 안내사항을 꼭 확인해주세요.
◆ 유효 기간 : ~ 2026-12-31 까지
◆ 이용 업체 : 세라젬 웰파크 위례점
◆ 운영 일정 : 이용업체 홈페이지 참조 필수
◆ 구매 수량 : 1인당 10매까지 구입 가능
◆ 이용 방법 : 모바일 이용권 현장 매표소 제시 후 이용 가능(재발송 가능 상품)
◆ 권종 구분 : 주중/주말·공휴일 구분없이 1인 1매
◆ 추가 할인 : 해당 상품은 할인 가격으로 판매되는 상품으로 추가 할인을 받으실 수 없습니다.
◆ 이용 업체에 대한 전반적인 이용 정보(운영 사항, 유의 사항, 안전 점검, 편의 시설 등)는 꼭 방문 홈페이지를 확인하시길 바랍니다.","▷ 취소 및 환불 요청은 주중에 유선으로만 가능합니다.(취소 및 환불 요청 고객센터 ☎ 02-536-0836)
→ 고객센터 운영시간 : 평일 10:00~16:00 운영 / 점심시간 12:00~13:00
▷ 취소 및 환불 규정은 `전자상거래등에서의 소비자보호에 관한 현행 법률`에 의거하여 작성되었습니다.
▷ 취소 및 환불은 수령하신 날로부터 7일 이내에만 가능합니다.
▷ 해당 상품은 임직원 대상 특별 할인 가격으로 판매하는 프로모션 상품입니다.
▷ 해당 상품은 이용권에 별도 표기 된 유효(이용) 기간 내 꼭 이용하셔야 합니다.
▷ 유효(이용) 기간 경과 시 별도 연장이나 취소가 안 되는 `자동 폐기 상품`입니다.(★유효 기간 연장 불가 상품!!)
▷ 부분적인 결제 취소나 부분적인 이용이 불가능한 상품입니다.(예시 : 5명일 경우 4장+1장 결제 or 2장+3장 결제)
▷ 고객 귀책 사유로 발생하는 취소 및 환불 금액에 대한 발송 및 이체 수수료는 고객이 부담하셔야 합니다.
→ 모바일 티켓 : 발송 및 취소 수수료 장당 1,000원 발생(예시 : 1,000원 X 5장 발송 = 5,000원)
→ 종이 티켓 : 폐문, 부재중, 주소 오류 등 고객 귀책 사유로 발송된 등기 반송 시 반송 비용은 고객이 부담하셔야 합니다.(반송 비용 7,500원)
→ 공통 : 환불 금액 입금 계좌가 하나은행이 아닌 타 은행인 경우 이체 수수료 500원이 발생합니다.",2026-09-30T04:31:37
311872,테마파크,테마파크,부산,부산영화체험박물관 + 씨네뮤지엄 PKG,"영화의 도시, 부산에서 즐기는 영화탐험",20000,10800,46,대소공통 통합권 부산영화체험박물관PKG,1,"[{""option"": ""대소공통 통합권 부산영화체험박물관PKG"", ""detail_div"": ""대소공통"", ""week_div"": ""주중+주말"", ""list_price"": 20000, ""sale_price"": 10800, ""discount_pct"": 46, ""start_date"": ""0"", ""end_date"": ""60""}]",구매일,,60,모바일티켓;바로 사용가능,즉시발송,,LMS 문자,매표소 교환 / 바로 입장 | 모바일 이용권 현장 매표소 제시 및 발권 후 이용 가능(재발송 가능 상품),100,"기한: 수령 후 7일 이내 | 수수료: 발송·취소 장당 1,000원 | 불가: 부분취소, 기간경과 | 접수: 유선",부산영화체험박물관,부산 중구 대청로126번길 12 부산영화체험박물관,051-468-8383,https://busanbom.kr/,모바일티켓,바로 사용가능,사용안함,[유효 ~ 60일],상세 없음(JSON만 사용),"[필독!! 발송정보]
◇ 바로 발송 가능 상품 : `결제(입금) 완료` 건에 한해서 모바일 이용권이 20분이내 휴대폰 번호로 발송(미수신 시 휴대폰 차단 기능 확인!!)
◇ 수신 후 바로 사용 가능 : 모바일 이용권 수신 후 바로 사용 가능, 결제 내역으로는 이용 불가합니다.
※ 문자발송번호 : 02-536-0836
☎고객센터 연락처 : 02-536-0836
운영시간 [주중 및 주말 동일]
● 오전 10시 ~ 오후 4시
● 점심시간 : 12:00 ~13:00
※ 취소 및 환불문의
▷ 취소 및 환불 요청은 유선으로만 가능합니다.(취소 및 환불 요청 고객센터 ☎ 02-536-0836)
→ 토요일 및 일요일 그리고 공휴일은 제외
[필독!! 이용정보]
◆ 유효 기간 : 옵션 별 상이
※ 매주 월요일 휴관→월요일이 공휴일인 경우 다음 날 휴관
◆ 이용 업체 : 부산영화체험박물관 + 씨네뮤지엄
◆ 운영 일정 : 이용업체 홈페이지 참조 필수
◆ 이용 방법 : 모바일 이용권 현장 매표소 제시 및 발권 후 이용 가능(재발송 가능 상품)
◆ 권종 구분 : 대인/소인/주중/주말ㆍ공휴일 구분없이 1인 1매 (36개월 미만 아기는 보호자 신분증 및 확인서류 지참시에만 무료 이용 가능!!)
※ 65세 이상인 경우에도 증빙 시 무료 이용 가능합니다.
◆ 추가 할인 : 해당 상품은 할인 가격으로 판매되는 상품으로 추가 할인을 받으실 수 없습니다.
◆ 안내 사항 : 주말 및 성수기 기간 인원 초과 시 입장이 제한될 수 있으며, 시설 이용 제한 사항은 업체 규정에 따릅니다.
◆ 이용 업체에 대한 전반적인 이용 정보(운영 사항, 유의 사항, 안전 점검, 편의 시설 등)는 꼭 방문 전 아래 홈페이지를 클릭하셔서 확인하시길 바랍니다.
★ 홈페이지 : (클릭☞ 부산영화체험박물관 홈페이지 바로가기)","▷ 취소 및 환불 요청은 유선으로만 가능합니다.→ 토요일 및 일요일 그리고 공휴일은 제외(취소 및 환불 요청 고객센터 ☎ 02-536-0836)
→ 고객센터 운영시간[주중 및 주말 동일] : 오전 10시 ~ 오후 4시 / 점심시간 12:00~13:00
→ 고객센터 연락처 : 02-536-0836
▷ 취소 및 환불 규정은 `전자상거래등에서의 소비자보호에 관한 현행 법률`에 의거하여 작성되었습니다.
▷ 취소 및 환불은 수령하신 날로부터 7일 이내에만 가능합니다.
▷ 해당 상품은 임직원 대상 특별 할인 가격으로 판매하는 프로모션 상품입니다.
▷ 해당 상품은 이용권에 별도 표기 된 유효(이용) 기간 내 꼭 이용하셔야 합니다.
▷ 유효(이용) 기간 경과 시 별도 연장이나 취소가 안 되는 `자동 폐기 상품`입니다. (★유효 기간 연장 불가 상품!!)
▷ 부분적인 결제 취소나 부분적인 이용이 불가능한 상품입니다.(예시 : 5명일 경우 4장+1장 결제 or 2장+3장 결제)
▷ 고객 귀책 사유로 발생하는 취소 및 환불 금액에 대한 발송 및 이체 수수료는 고객이 부담하셔야 합니다.
→ 모바일 티켓 : 발송 및 취소 수수료 장당 1,000원 발생(예시 : 1,000원 X 5장 발송 = 5,000원)
→ 종이 티켓 : 폐문, 부재중, 주소 오류 등 고객 귀책 사유로 발송된 등기 반송 시 반송 비용은 고객이 부담하셔야 합니다. (반송 비용 6,000원)
→ 공통 : 환불 금액 입금 계좌가 하나은행이 아닌 타 은행인 경우 이체 수수료 500원이 발생합니다.",2026-09-30T04:31:37
319087,테마파크,테마파크,부산,런닝맨&다이나믹메이즈,익사이팅 실내 어트랙션!,19000,14000,26,이용권 런닝맨(60분)(~10/31),5,"[{""option"": ""이용권 런닝맨(60분)(~10/31)"", ""detail_div"": ""대소공통"", ""week_div"": ""주중+주말"", ""list_price"": 19000, ""sale_price"": 14000, ""discount_pct"": 26, ""start_date"": ""2025-12-01"", ""end_date"": ""2026-10-31""}, {""option"": ""이용권 다이나믹메이즈(~10/31)"", ""detail_div"": ""대소공통"", ""week_div"": ""주중+주말"", ""list_price"": 16000, ""sale_price"": 13000, ""discount_pct"": 19, ""start_date"": ""2025-12-01"", ""end_date"": ""2026-10-31""}, {""option"": ""종합권 런닝맨(60분)+다이나믹메이즈PKG(~10/31)"", ""detail_div"": ""대소공통"", ""week_div"": ""주중+주말"", ""list_price"": 29000, ""sale_price"": 22000, ""discount_pct"": 24, ""start_date"": ""2025-12-01"", ""end_date"": ""2026-10-31""}, {""option"": ""이용권 런닝맨(90분)(~10/31)"", ""detail_div"": ""대소공통"", ""week_div"": ""주중+주말"", ""list_price"": 25000, ""sale_price"": 19000, ""discount_pct"": 24, ""start_date"": ""2025-12-01"", ""end_date"": ""2026-10-31""}, {""option"": ""종합권 런닝맨(90분)+다이나믹메이즈PKG(~10/31)"", ""detail_div"": ""대소공통"", ""week_div"": ""주중+주말"", ""list_price"": 35000, ""sale_price"": 24000, ""discount_pct"": 31, ""start_date"": ""2025-12-01"", ""end_date"": ""2026-10-31""}]",2025-12-01,2026-10-31,,모바일티켓;바로 사용가능,즉시발송,,LMS 문자,QR/바코드 제시 / 매표소 교환 / 바로 입장 | LMS 바코드 문자 이용권 현장 매표소 제시 후 이용 가능(재발송 가능 상품),100,"기한: 구매 후 7일 이내 | 수수료: 발송·취소 장당 1,000원 | 불가: 부분취소, 기간경과 | 접수: 유선",런닝맨+다이나믹메이즈 부산점,부산 부산진구 중앙대로 672 삼정타워 10층,051-520-3636,http://www.running-man.co.kr/episode/episode2.php/ ; http://www.dynamicmaze.com/episode/busan.php,모바일티켓,바로 사용가능,사용안함,[유효 ~ 26/10/31],상세 없음(JSON만 사용),"[필독!! 발송정보]
◇ 바로 발송 가능 상품 : `결제(입금) 완료` 건에 한해서 LMS 바코드 이용권 문자가 20분이내 휴대폰 번호로 발송
(미수신 시 휴대폰 차단 기능 확인!!)
◇ 수신 후 바로 사용 가능 : 모바일 이용권 수신 후 바로 사용 가능, 결제 내역으로는 이용 불가합니다.
※ 문자발송번호 : 02-536-0836
[필독!! 이용정보]
◆ 기본 이용권 런닝맨은 60분 이용시간입니다. 참고부탁드립니다.
◆ 유효 기간 : ~ 2026년 10월 31일(토) 까지
◆ 이용 업체 : 런닝맨&다이나믹메이즈
◆ 운영 일정 : 이용업체 홈페이지 참조 필수
◆ 구매 수량 : 1인당 10매까지 구입 가능
◆ 이용 방법 : LMS 바코드 문자 이용권 현장 매표소 제시 후 이용 가능(재발송 가능 상품)
◆ 권종 구분 : 대인/소인/주중/주말ㆍ공휴일 구분없이 1인 1매 (36개월 미만 아기는 보호자 신분증 및 확인서류 지참시에만 무료 이용 가능!!)
★ 구매 전 옵션 별 상품정보를 확인하세요!
※ 13세 이하 어린이의 경우 보호자 동반입장 필수(성인 1명 당 어린이 5명까지 가능)
※ 키 110cm 미만 어린이는 안전문제로 이용이 어려울 수 있습니다.
※ 해당 시설은 역동적인 체험 특성 상 지병이 있거나 장애인, 노약자, 임산부 등의 경우 이용이 불가할 수 있습니다.
※ 체험 불가한 수준의 병력(허리디스크 등)을 숨김으로 발생하는 피해는 보상받으실 수 없습니다.
◆ 추가 할인 : 해당 상품은 할인 가격으로 판매되는 상품으로 추가 할인을 받으실 수 없습니다.
◆ 안내 사항 : 주말 및 성수기 기간 인원 초과 시 입장이 제한될 수 있으며, 시설 이용 제한 사항은 업체 규정에 따릅니다.
◆ 이용 업체에 대한 전반적인 이용 정보(운영 사항, 유의 사항, 안전 점검, 편의 시설 등)는 꼭 방문 전 아래 홈페이지를 클릭하셔서 확인하시길 바랍니다.
★ 홈페이지
- (클릭☞ 런닝맨 홈페이지 바로가기)
- (클릭☞ 다이나믹메이즈 홈페이지 바로가기)
☎고객센터 연락처 : 02-536-0836
운영시간 [주중 및 주말 동일]
● 오전 10시 ~ 오후 4시
● 점심시간 : 12:00 ~13:00
※ 취소 및 환불문의
▷ 취소 및 환불 요청은 유선으로만 가능합니다.(취소 및 환불 요청 고객센터 ☎ 02-536-0836)
→ 토요일 및 일요일 그리고 공휴일은 제외","▷ 취소 및 환불 요청은 유선으로만 가능합니다.→ 토요일 및 일요일 그리고 공휴일은 제외(취소 및 환불 요청 고객센터 ☎ 02-536-0836)
→ 고객센터 운영시간[주중 및 주말 동일] : 오전 10시 ~ 오후 4시 / 점심시간 12:00~13:00
→ 고객센터 연락처 : 02-536-0836
▷ 취소 및 환불 규정은 `전자상거래등에서의 소비자보호에 관한 현행 법률`에 의거하여 작성되었습니다.
▷ 취소 및 환불은 구매일로부터 7일 이내에만 가능하며, 7일 경과시 기간에 따라 취소 수수료가 발생하거나 취소가 불가능할 수 있습니다.
▷ 해당 상품은 임직원 대상 특별 할인 가격으로 판매하는 프로모션 상품입니다.
▷ 해당 상품은 이용권에 별도 표기 된 유효(이용) 기간 내 꼭 이용하셔야 합니다.
▷ 유효(이용) 기간 경과 시 별도 연장이나 취소가 안 되는 `자동 폐기 상품`입니다. (★유효 기간 연장 불가 상품!!)
▷ 부분적인 결제 취소나 부분적인 이용이 불가능한 상품입니다.(예시 : 5명일 경우 4장+1장 결제 or 2장+3장 결제)
▷ 고객 귀책 사유로 발생하는 취소 및 환불 금액에 대한 발송 및 이체 수수료는 고객이 부담하셔야 합니다.
→ 모바일 티켓 : 발송 및 취소 수수료 장당 1,000원 발생(예시 : 1,000원 X 5장 발송 = 5,000원)
→ 종이 티켓 : 폐문, 부재중, 주소 오류 등 고객 귀책 사유로 발송된 등기 반송 시 반송 비용은 고객이 부담하셔야 합니다. (반송 비용 6,000원)
→ 공통 : 환불 금액 입금 계좌가 하나은행이 아닌 타 은행인 경우 이체 수수료 500원이 발생합니다.",2026-09-30T04:31:37
319150,테마파크,테마파크,인사동,런닝맨 or 다이나믹메이즈,익사이팅 실내 어트랙션!,19000,15000,21,런닝맨 1시간 이용권(~10/31),3,"[{""option"": ""런닝맨 1시간 이용권(~10/31)"", ""detail_div"": ""대소공통"", ""week_div"": ""주중+주말"", ""list_price"": 19000, ""sale_price"": 15000, ""discount_pct"": 21, ""start_date"": ""2025-12-01"", ""end_date"": ""2026-10-31""}, {""option"": ""런닝맨 1시간30분 이용권(~10/31)"", ""detail_div"": ""대소공통"", ""week_div"": ""주중+주말"", ""list_price"": 25000, ""sale_price"": 20000, ""discount_pct"": 20, ""start_date"": ""2025-12-01"", ""end_date"": ""2026-10-31""}, {""option"": ""다이나믹메이즈 이용권(~10/31)"", ""detail_div"": ""대소공통"", ""week_div"": ""주중+주말"", ""list_price"": 16000, ""sale_price"": 13000, ""discount_pct"": 19, ""start_date"": ""2025-12-01"", ""end_date"": ""2026-10-31""}]",2025-12-01,2026-10-31,,모바일티켓;바로 사용가능,즉시발송,,LMS 문자,QR/바코드 제시 / 매표소 교환 / 바로 입장 | LMS 바코드 문자 이용권 현장 매표소 제시 후 이용 가능(재발송 가능 상품),100,"기한: 구매 후 7일 이내 | 수수료: 발송·취소 장당 1,000원 | 불가: 부분취소, 기간경과 | 접수: 유선",런닝맨&다이나믹메이즈 인사동점,서울 종로구 인사동길 12 대일빌딩 지하1층,02-2034-0600,http://www.running-man.co.kr/ ; http://www.dynamicmaze.com/,모바일티켓,바로 사용가능,사용안함,[유효 ~ 26/10/31],상세 없음(JSON만 사용),"[필독!! 발송정보]
◇ 바로 발송 가능 상품 : `결제(입금) 완료` 건에 한해서 LMS 바코드 이용권 문자가 20분이내 휴대폰 번호로 발송
(미수신 시 휴대폰 차단 기능 확인!!)
◇ 수신 후 바로 사용 가능 : 모바일 이용권 수신 후 바로 사용 가능, 결제 내역으로는 이용 불가합니다.
※ 문자발송번호 : 02-536-0836
[필독!! 이용정보]
◆ 유효 기간 : ~ 2026년 10월 31일(토) 까지
◆ 이용 업체 : [인사동]런닝맨&다이나믹메이즈
◆ 운영 일정 : 이용업체 홈페이지 참조 필수
◆ 구매 수량 : 1인당 10매까지 구입 가능
◆ 이용 방법 : LMS 바코드 문자 이용권 현장 매표소 제시 후 이용 가능(재발송 가능 상품)
◆ 권종 구분 : 대인/소인/주중/주말ㆍ공휴일 구분없이 1인 1매
※ 패키지권은 판매하고 있지 않습니다.
★ 구매 전 옵션 별 상품정보를 확인하세요!
◆ 런닝맨
※ 13세 이하 어린이의 경우 보호자 동반입장 필수(성인 1명 당 어린이 5명까지 가능)
※ 키 110cm 미만 어린이는 안전문제로 이용이 어려울 수 있습니다.
※ 해당 시설은 역동적인 체험 특성 상 지병이 있거나 장애인, 노약자, 임산부 등의 경우 이용이 불가할 수 있습니다.
※ 체험 불가한 수준의 병력(허리디스크 등)을 숨김으로 발생하는 피해는 보상받으실 수 없습니다.
※ 중학생부터 학생증 및 증빙서류 확인 후 성인보호자 없이 단독 입장이 가능합니다.
◆ 다이나믹메이즈
※ 13세 이하 어린이의 경우 보호자 동반입장 필수(성인 1명 당 어린이 5명까지 가능)
※ 키 100cm 미만 어린이는 체험이 불가합니다.
※ 최소 2인 이상부터 체험이 가능합니다.
※ 중,고등학생 입장 시 '학생증'등 증빙서류 필수 지참
※ 해당 시설은 역동적인 체험 특성 상 지병이 있거나 장애인, 노약자, 임산부 등의 경우 이용이 불가할 수 있습니다.
※ 체험 불가한 수준의 병력(허리디스크 등)을 숨김으로 발생하는 피해는 보상받으실 수 없습니다.
◆ 추가 할인 : 해당 상품은 할인 가격으로 판매되는 상품으로 추가 할인을 받으실 수 없습니다.
◆ 안내 사항 : 주말 및 성수기 기간 인원 초과 시 입장이 제한될 수 있으며, 시설 이용 제한 사항은 업체 규정에 따릅니다.
◆ 이용 업체에 대한 전반적인 이용 정보(운영 사항, 유의 사항, 안전 점검, 편의 시설 등)는 꼭 방문 전 아래 홈페이지를 클릭하셔서 확인하시길 바랍니다.
★ 홈페이지 :
- (클릭☞ 런닝맨 홈페이지 바로가기)
- (클릭☞ 다이나믹메이즈 홈페이지 바로가기)
☎고객센터 연락처 : 02-536-0836
운영시간 [주중 및 주말 동일]
● 오전 10시 ~ 오후 4시
● 점심시간 : 12:00 ~13:00
※ 취소 및 환불문의
▷ 취소 및 환불 요청은 유선으로만 가능합니다.(취소 및 환불 요청 고객센터 ☎ 02-536-0836)
→ 토요일 및 일요일 그리고 공휴일은 제외","▷ 취소 및 환불 요청은 유선으로만 가능합니다.→ 토요일 및 일요일 그리고 공휴일은 제외(취소 및 환불 요청 고객센터 ☎ 02-536-0836)
→ 고객센터 운영시간[주중 및 주말 동일] : 오전 10시 ~ 오후 4시 / 점심시간 12:00~13:00
→ 고객센터 연락처 : 02-536-0836
▷ 취소 및 환불 규정은 `전자상거래등에서의 소비자보호에 관한 현행 법률`에 의거하여 작성되었습니다.
▷ 취소 및 환불은 구매일로부터 7일 이내에만 가능하며, 7일 경과시 기간에 따라 취소 수수료가 발생하거나 취소가 불가능할 수 있습니다.
▷ 해당 상품은 임직원 대상 특별 할인 가격으로 판매하는 프로모션 상품입니다.
▷ 해당 상품은 이용권에 별도 표기 된 유효(이용) 기간 내 꼭 이용하셔야 합니다.
▷ 유효(이용) 기간 경과 시 별도 연장이나 취소가 안 되는 `자동 폐기 상품`입니다. (★유효 기간 연장 불가 상품!!)
▷ 부분적인 결제 취소나 부분적인 이용이 불가능한 상품입니다.(예시 : 5명일 경우 4장+1장 결제 or 2장+3장 결제)
▷ 고객 귀책 사유로 발생하는 취소 및 환불 금액에 대한 발송 및 이체 수수료는 고객이 부담하셔야 합니다.
→ 모바일 티켓 : 발송 및 취소 수수료 장당 1,000원 발생(예시 : 1,000원 X 5장 발송 = 5,000원)
→ 종이 티켓 : 폐문, 부재중, 주소 오류 등 고객 귀책 사유로 발송된 등기 반송 시 반송 비용은 고객이 부담하셔야 합니다. (반송 비용 6,000원)
→ 공통 : 환불 금액 입금 계좌가 하나은행이 아닌 타 은행인 경우 이체 수수료 500원이 발생합니다.",2026-09-30T04:31:37
292620,테마파크,테마파크,화성,네이처스케이프 플러스,새로운 모험이 기다리는 곳,29500,19000,36,주중종일·주말4시간 이용권 네이처스케이프플러스,1,"[{""option"": ""주중종일·주말4시간 이용권 네이처스케이프플러스"", ""detail_div"": ""대소공통"", ""week_div"": ""주중+주말"", ""list_price"": 29500, ""sale_price"": 19000, ""discount_pct"": 36, ""start_date"": ""0"", ""end_date"": ""60""}]",구매일,,60,모바일티켓;바로 사용가능,즉시발송,,LMS 문자,QR/바코드 제시 / 매표소 교환 | LMS 바코드 문자 이용권 현장 매표소 제시 후 이용 가능(재발송 가능 상품),50,"기한: 수령 후 7일 이내 | 수수료: 발송·취소 장당 1,000원 | 불가: 부분취소, 기간경과 | 접수: 유선",네이처스케이프플러스,경기 화성시 동탄대로5길 21 라크몽 A동 4층~5층,031-1533-1245,https://www.instagram.com/naturescapeplus/,모바일티켓,바로 사용가능,사용안함,[유효 ~ 60일],상세 없음(JSON만 사용),"[필독!! 발송정보]
◇ 바로 발송 가능 상품 : `결제(입금) 완료` 건에 한해서 LMS 바코드 이용권 문자가 20분이내 휴대폰 번호로 발송(미수신 시 휴대폰 차단 기능 확인!!)
※ 문자발송번호 : 02-536-0836
[필독!! 이용정보]
◆ 유효 기간 : 구매 후 60일
◆ 이용 업체 : 네이처스케이프 플러스
◆ 운영 일정 : 이용업체 홈페이지 참조 필수
◆ 구매 수량 : 1인당 10매까지 구입 가능
◆ 이용 방법 : LMS 바코드 문자 이용권 현장 매표소 제시 후 이용 가능(재발송 가능 상품)
◆ 권종 구분 : 대인/소인/주중/주말/공휴일 구분없이 1인 1매 (36개월 미만 아기는 보호자 신분증 및 확인서류 지참시에만 무료 이용 가능!!)
★ 주중 방문 시 : 종일 이용가능 / 주말 방문 시 : 4시간 이용가능
◆ 추가 할인 : 해당 상품은 할인 가격으로 판매되는 상품으로 추가 할인을 받으실 수 없습니다.
◆ 안내 사항 : 주말 및 성수기 기간 인원 초과 시 입장이 제한될 수 있으며, 시설 이용 제한 사항은 업체 규정에 따릅니다.
◆ 이용 업체에 대한 전반적인 이용 정보(운영 사항, 유의 사항, 안전 점검, 편의 시설 등)는 꼭 방문 전 아래 홈페이지를 클릭하셔서 확인하시길 바랍니다.
★ 홈페이지 : (클릭☞ 디스커버리 네이처스케이프 홈페이지 바로가기)
☎고객센터 연락처 : 02-536-0836
운영시간 [주중 및 주말 동일]
● 오전 10시 ~ 오후 4시
● 점심시간 : 12:00 ~13:00
※ 취소 및 환불문의
▷ 취소 및 환불 요청은 유선으로만 가능합니다.(취소 및 환불 요청 고객센터 ☎ 02-536-0836)
→ 토요일 및 일요일 그리고 공휴일은 제외","▷ 취소 및 환불 요청은 유선으로만 가능합니다.→ 토요일 및 일요일 그리고 공휴일은 제외(취소 및 환불 요청 고객센터 ☎ 02-536-0836)
→ 고객센터 운영시간[주중 및 주말 동일] : 오전 10시 ~ 오후 4시 / 점심시간 12:00~13:00
→ 고객센터 연락처 : 02-536-0836
▷ 취소 및 환불 규정은 `전자상거래등에서의 소비자보호에 관한 현행 법률`에 의거하여 작성되었습니다.
▷ 취소 및 환불은 수령하신 날로부터 7일 이내에만 가능합니다.
▷ 해당 상품은 임직원 대상 특별 할인 가격으로 판매하는 프로모션 상품입니다.
▷ 해당 상품은 이용권에 별도 표기 된 유효(이용) 기간 내 꼭 이용하셔야 합니다.
▷ 유효(이용) 기간 경과 시 별도 연장이나 취소가 안 되는 `자동 폐기 상품`입니다. (★유효 기간 연장 불가 상품!!)
▷ 부분적인 결제 취소나 부분적인 이용이 불가능한 상품입니다.(예시 : 5명일 경우 4장+1장 결제 or 2장+3장 결제)
▷ 고객 귀책 사유로 발생하는 취소 및 환불 금액에 대한 발송 및 이체 수수료는 고객이 부담하셔야 합니다.
→ 모바일 티켓 : 발송 및 취소 수수료 장당 1,000원 발생(예시 : 1,000원 X 5장 발송 = 5,000원)
→ 종이 티켓 : 폐문, 부재중, 주소 오류 등 고객 귀책 사유로 발송된 등기 반송 시 반송 비용은 고객이 부담하셔야 합니다. (반송 비용 6,000원)
→ 공통 : 환불 금액 입금 계좌가 하나은행이 아닌 타 은행인 경우 이체 수수료 500원이 발생합니다.",2026-09-30T04:31:37
327851,테마파크,테마파크,홍천,알파카월드,"세계 최초, 세계 유일의 알파카 테마파크!",18000,14500,19,1인 입장권 알파카월드(~11/30),1,"[{""option"": ""1인 입장권 알파카월드(~11/30)"", ""detail_div"": ""대인"", ""week_div"": ""주중+주말"", ""list_price"": 18000, ""sale_price"": 14500, ""discount_pct"": 19, ""start_date"": ""0"", ""end_date"": ""2026-11-30""}]",구매일,2026-11-30,,모바일티켓;바로 사용가능,즉시발송,엘에스컴퍼니,알림톡,매표소 교환 / 바로 입장 | 모바일 이용권 현장 매표소 제시 후 이용 가능(재발송 가능 상품),20,"기한: 수령 후 7일 이내 | 수수료: 발송·취소 장당 1,000원 | 불가: 부분취소, 기간경과 | 접수: 유선(주중)",알파카월드,강원 홍천군 화촌면 덕밭재길 146-155,1899-2250,,모바일티켓,바로 사용가능,사용안함,[유효 ~ 26/11/30],상세 없음(JSON만 사용),"[필독!! 발송정보]
◇ 바로 발송 가능 상품 : `결제(입금) 완료` 건에 한해서 모바일 이용권이 20분이내 휴대폰 번호로 발송(미수신 시 휴대폰 차단 기능 확인!!)
◇ 수신 후 바로 사용 가능 : 모바일 이용권 수신 후 바로 사용 가능, 결제 내역으로는 이용 불가합니다.
※ 카카오톡발송채널 : 엘에스컴퍼니
[필독!! 이용정보]
◆ 구매 전 상세이미지 내 안내사항을 꼭 확인해주세요.
◆ 유효 기간 : ~ 2026년 11월 30일 까지
◆ 이용 업체 : 알파카월드
◆ 운영 일정 : 이용업체 홈페이지 참조 필수
◆ 구매 수량 : 1인당 10매까지 구입 가능
◆ 이용 방법 : 모바일 이용권 현장 매표소 제시 후 이용 가능(재발송 가능 상품)
◆ 권종 구분 : 주중/주말·공휴일 구분없이 1인 1매
◆ 추가 할인 : 해당 상품은 할인 가격으로 판매되는 상품으로 추가 할인을 받으실 수 없습니다.
◆ 이용 업체에 대한 전반적인 이용 정보(운영 사항, 유의 사항, 안전 점검, 편의 시설 등)는 꼭 방문 홈페이지를 확인하시길 바랍니다.","▷ 취소 및 환불 요청은 주중에 유선으로만 가능합니다.(취소 및 환불 요청 고객센터 ☎ 02-536-0836)
→ 고객센터 운영시간 : 평일 10:00~16:00 운영 / 점심시간 12:00~13:00
▷ 취소 및 환불 규정은 `전자상거래등에서의 소비자보호에 관한 현행 법률`에 의거하여 작성되었습니다.
▷ 취소 및 환불은 수령하신 날로부터 7일 이내에만 가능합니다.
▷ 해당 상품은 임직원 대상 특별 할인 가격으로 판매하는 프로모션 상품입니다.
▷ 해당 상품은 이용권에 별도 표기 된 유효(이용) 기간 내 꼭 이용하셔야 합니다.
▷ 유효(이용) 기간 경과 시 별도 연장이나 취소가 안 되는 `자동 폐기 상품`입니다.(★유효 기간 연장 불가 상품!!)
▷ 부분적인 결제 취소나 부분적인 이용이 불가능한 상품입니다.(예시 : 5명일 경우 4장+1장 결제 or 2장+3장 결제)
▷ 고객 귀책 사유로 발생하는 취소 및 환불 금액에 대한 발송 및 이체 수수료는 고객이 부담하셔야 합니다.
→ 모바일 티켓 : 발송 및 취소 수수료 장당 1,000원 발생(예시 : 1,000원 X 5장 발송 = 5,000원)
→ 종이 티켓 : 폐문, 부재중, 주소 오류 등 고객 귀책 사유로 발송된 등기 반송 시 반송 비용은 고객이 부담하셔야 합니다.(반송 비용 7,500원)
→ 공통 : 환불 금액 입금 계좌가 하나은행이 아닌 타 은행인 경우 이체 수수료 500원이 발생합니다.",2026-09-30T04:31:37
322055,테마파크,테마파크,경기,허브아일랜드,365일 꺼지지 않는 불빛동화축제,8000,7000,13,1인 주중 소인 입장권 허브아일랜드(~12/31),4,"[{""option"": ""1인 주중 소인 입장권 허브아일랜드(~12/31)"", ""detail_div"": ""소인"", ""week_div"": ""주중"", ""list_price"": 8000, ""sale_price"": 7000, ""discount_pct"": 13, ""start_date"": ""0"", ""end_date"": ""2026-12-31""}, {""option"": ""1인 주말 소인 입장권 허브아일랜드(~12/31)"", ""detail_div"": ""소인"", ""week_div"": ""주중+주말"", ""list_price"": 10000, ""sale_price"": 9000, ""discount_pct"": 10, ""start_date"": ""0"", ""end_date"": ""2026-12-31""}, {""option"": ""1인 주중 대인 입장권 허브아일랜드(~12/31)"", ""detail_div"": ""대인"", ""week_div"": ""주중"", ""list_price"": 10000, ""sale_price"": 9000, ""discount_pct"": 10, ""start_date"": ""0"", ""end_date"": ""2026-12-31""}, {""option"": ""1인 주말 대인 입장권 허브아일랜드(~12/31)"", ""detail_div"": ""대인"", ""week_div"": ""주중+주말"", ""list_price"": 12000, ""sale_price"": 11000, ""discount_pct"": 8, ""start_date"": ""0"", ""end_date"": ""2026-12-31""}]",구매일,2026-12-31,,모바일티켓;바로 사용가능,즉시발송,엘에스컴퍼니,알림톡,매표소 교환 / 바로 입장 | 모바일 이용권 현장 매표소 제시 후 이용 가능(재발송 가능 상품),20,"기한: 수령 후 7일 이내 | 수수료: 발송·취소 장당 1,000원 | 불가: 부분취소, 기간경과 | 접수: 유선(주중)",허브아일랜드,경기 포천시 신북면 청신로947번길 51 허브아일랜드,031-535-6494,,모바일티켓,바로 사용가능,사용안함,[유효 ~ 26/12/31],상세 없음(JSON만 사용),"[필독!! 발송정보]
◇ 바로 발송 가능 상품 : `결제(입금) 완료` 건에 한해서 모바일 이용권이 20분이내 휴대폰 번호로 발송(미수신 시 휴대폰 차단 기능 확인!!)
◇ 수신 후 바로 사용 가능 : 모바일 이용권 수신 후 바로 사용 가능, 결제 내역으로는 이용 불가합니다.
※ 카카오톡발송채널 : 엘에스컴퍼니
[필독!! 이용정보]
◆ 구매 전 상세이미지 내 안내사항을 꼭 확인해주세요.
◆ 유효 기간 : ~ 2026년 12월 31일(목) 까지
◆ 이용 업체 : 허브아일랜드
◆ 운영 일정 : 이용업체 홈페이지 참조 필수
◆ 구매 수량 : 1인당 10매까지 구입 가능
◆ 이용 방법 : 모바일 이용권 현장 매표소 제시 후 이용 가능(재발송 가능 상품)
◆ 권종 구분 : 주중/주말·공휴일 구분없이 1인 1매
◆ 추가 할인 : 해당 상품은 할인 가격으로 판매되는 상품으로 추가 할인을 받으실 수 없습니다.
◆ 이용 업체에 대한 전반적인 이용 정보(운영 사항, 유의 사항, 안전 점검, 편의 시설 등)는 꼭 방문 홈페이지를 확인하시길 바랍니다.","▷ 취소 및 환불 요청은 주중에 유선으로만 가능합니다.(취소 및 환불 요청 고객센터 ☎ 02-536-0836)
→ 고객센터 운영시간 : 평일 10:00~16:00 운영 / 점심시간 12:00~13:00
▷ 취소 및 환불 규정은 `전자상거래등에서의 소비자보호에 관한 현행 법률`에 의거하여 작성되었습니다.
▷ 취소 및 환불은 수령하신 날로부터 7일 이내에만 가능합니다.
▷ 해당 상품은 임직원 대상 특별 할인 가격으로 판매하는 프로모션 상품입니다.
▷ 해당 상품은 이용권에 별도 표기 된 유효(이용) 기간 내 꼭 이용하셔야 합니다.
▷ 유효(이용) 기간 경과 시 별도 연장이나 취소가 안 되는 `자동 폐기 상품`입니다.(★유효 기간 연장 불가 상품!!)
▷ 부분적인 결제 취소나 부분적인 이용이 불가능한 상품입니다.(예시 : 5명일 경우 4장+1장 결제 or 2장+3장 결제)
▷ 고객 귀책 사유로 발생하는 취소 및 환불 금액에 대한 발송 및 이체 수수료는 고객이 부담하셔야 합니다.
→ 모바일 티켓 : 발송 및 취소 수수료 장당 1,000원 발생(예시 : 1,000원 X 5장 발송 = 5,000원)
→ 종이 티켓 : 폐문, 부재중, 주소 오류 등 고객 귀책 사유로 발송된 등기 반송 시 반송 비용은 고객이 부담하셔야 합니다.(반송 비용 7,500원)
→ 공통 : 환불 금액 입금 계좌가 하나은행이 아닌 타 은행인 경우 이체 수수료 500원이 발생합니다.",2026-09-30T04:31:37
327788,테마파크,테마파크,대구,드림닥터 대구점 의사직업체험,15만명이 선택한 슬기로운 의사체험!,8000,7200,10,보호자 이용권 대구 드림닥터(~10/31),3,"[{""option"": ""보호자 이용권 대구 드림닥터(~10/31)"", ""detail_div"": ""대인"", ""week_div"": ""주중+주말"", ""list_price"": 8000, ""sale_price"": 7200, ""discount_pct"": 10, ""start_date"": ""0"", ""end_date"": ""2026-10-31""}, {""option"": ""레지던트권 대구 드림닥터(~10/31)"", ""detail_div"": ""대소공통"", ""week_div"": ""주중+주말"", ""list_price"": 37000, ""sale_price"": 29600, ""discount_pct"": 20, ""start_date"": ""0"", ""end_date"": ""2026-10-31""}, {""option"": ""전문의권 대구 드림닥터(~10/31)"", ""detail_div"": ""대소공통"", ""week_div"": ""주중+주말"", ""list_price"": 46000, ""sale_price"": 36800, ""discount_pct"": 20, ""start_date"": ""0"", ""end_date"": ""2026-10-31""}]",구매일,2026-10-31,,모바일티켓;바로 사용가능,즉시발송,엘에스컴퍼니,알림톡,매표소 교환 / 바로 입장 | 모바일 이용권 현장 매표소 제시 후 이용 가능(재발송 가능 상품),20,"기한: 수령 후 7일 이내 | 수수료: 발송·취소 장당 1,000원 | 불가: 부분취소, 기간경과 | 접수: 유선(주중)",드림닥터 대구점,대구 중구 공평로 36 동성로SK리더스뷰 3층,053-422-7999,,모바일티켓,바로 사용가능,사용안함,[유효 ~ 26/10/31],상세 없음(JSON만 사용),"[필독!! 발송정보]
◇ 바로 발송 가능 상품 : `결제(입금) 완료` 건에 한해서 모바일 이용권이 20분이내 휴대폰 번호로 발송(미수신 시 휴대폰 차단 기능 확인!!)
◇ 수신 후 바로 사용 가능 : 모바일 이용권 수신 후 바로 사용 가능, 결제 내역으로는 이용 불가합니다.
※ 카카오톡발송채널 : 엘에스컴퍼니
[필독!! 이용정보]
◆ 구매 전 상세이미지 내 안내사항을 꼭 확인해주세요.
◆ 유효 기간 : ~ 2026년 10월 31일 까지
◆ 이용 업체 : 드림닥터 대구점
◆ 운영 일정 : 이용업체 홈페이지 참조 필수
◆ 구매 수량 : 1인당 10매까지 구입 가능
◆ 이용 방법 : 모바일 이용권 현장 매표소 제시 후 이용 가능(재발송 가능 상품)
◆ 권종 구분 : 주중/주말·공휴일 구분없이 1인 1매
◆ 추가 할인 : 해당 상품은 할인 가격으로 판매되는 상품으로 추가 할인을 받으실 수 없습니다.
◆ 이용 업체에 대한 전반적인 이용 정보(운영 사항, 유의 사항, 안전 점검, 편의 시설 등)는 꼭 방문 홈페이지를 확인하시길 바랍니다.","▷ 취소 및 환불 요청은 주중에 유선으로만 가능합니다.(취소 및 환불 요청 고객센터 ☎ 02-536-0836)
→ 고객센터 운영시간 : 평일 10:00~16:00 운영 / 점심시간 12:00~13:00
▷ 취소 및 환불 규정은 `전자상거래등에서의 소비자보호에 관한 현행 법률`에 의거하여 작성되었습니다.
▷ 취소 및 환불은 수령하신 날로부터 7일 이내에만 가능합니다.
▷ 해당 상품은 임직원 대상 특별 할인 가격으로 판매하는 프로모션 상품입니다.
▷ 해당 상품은 이용권에 별도 표기 된 유효(이용) 기간 내 꼭 이용하셔야 합니다.
▷ 유효(이용) 기간 경과 시 별도 연장이나 취소가 안 되는 `자동 폐기 상품`입니다.(★유효 기간 연장 불가 상품!!)
▷ 부분적인 결제 취소나 부분적인 이용이 불가능한 상품입니다.(예시 : 5명일 경우 4장+1장 결제 or 2장+3장 결제)
▷ 고객 귀책 사유로 발생하는 취소 및 환불 금액에 대한 발송 및 이체 수수료는 고객이 부담하셔야 합니다.
→ 모바일 티켓 : 발송 및 취소 수수료 장당 1,000원 발생(예시 : 1,000원 X 5장 발송 = 5,000원)
→ 종이 티켓 : 폐문, 부재중, 주소 오류 등 고객 귀책 사유로 발송된 등기 반송 시 반송 비용은 고객이 부담하셔야 합니다.(반송 비용 7,500원)
→ 공통 : 환불 금액 입금 계좌가 하나은행이 아닌 타 은행인 경우 이체 수수료 500원이 발생합니다.",2026-09-30T04:31:37
327725,테마파크,테마파크,대전,드림닥터 대전점 의사직업체험,15만명이 선택한 슬기로운 의사체험!,8000,6400,20,보호자권 대전 드림닥터(~10/31),4,"[{""option"": ""보호자권 대전 드림닥터(~10/31)"", ""detail_div"": ""대소공통"", ""week_div"": ""주중+주말"", ""list_price"": 8000, ""sale_price"": 6400, ""discount_pct"": 20, ""start_date"": ""0"", ""end_date"": ""2026-10-31""}, {""option"": ""2시간권 대전 드림닥터(~10/31)"", ""detail_div"": ""대소공통"", ""week_div"": ""주중+주말"", ""list_price"": 28000, ""sale_price"": 22400, ""discount_pct"": 20, ""start_date"": ""0"", ""end_date"": ""2026-10-31""}, {""option"": ""레지던트권 대전 드림닥터(~10/31)"", ""detail_div"": ""대소공통"", ""week_div"": ""주중+주말"", ""list_price"": 37000, ""sale_price"": 29600, ""discount_pct"": 20, ""start_date"": ""0"", ""end_date"": ""2026-10-31""}, {""option"": ""4시간권 대전 드림닥터(~10/31)"", ""detail_div"": ""대소공통"", ""week_div"": ""주중+주말"", ""list_price"": 37000, ""sale_price"": 29600, ""discount_pct"": 20, ""start_date"": ""0"", ""end_date"": ""2026-10-31""}]",구매일,2026-10-31,,모바일티켓;바로 사용가능,즉시발송,엘에스컴퍼니,알림톡,매표소 교환 / 바로 입장 | 모바일 이용권 현장 매표소 제시 후 이용 가능(재발송 가능 상품),20,"기한: 수령 후 7일 이내 | 수수료: 발송·취소 장당 1,000원 | 불가: 부분취소, 기간경과 | 접수: 유선(주중)",드림닥터 대전점,대전 유성구 학하북로 75-21 1층,0507-1420-2025,,모바일티켓,바로 사용가능,사용안함,[유효 ~ 26/10/31],상세 없음(JSON만 사용),"[필독!! 발송정보]
◇ 바로 발송 가능 상품 : `결제(입금) 완료` 건에 한해서 모바일 이용권이 20분이내 휴대폰 번호로 발송(미수신 시 휴대폰 차단 기능 확인!!)
◇ 수신 후 바로 사용 가능 : 모바일 이용권 수신 후 바로 사용 가능, 결제 내역으로는 이용 불가합니다.
※ 카카오톡발송채널 : 엘에스컴퍼니
[필독!! 이용정보]
◆ 구매 전 상세이미지 내 안내사항을 꼭 확인해주세요.
◆ 유효 기간 : ~ 2026년 10월 31일 까지
◆ 이용 업체 : 드림닥터 대전점
◆ 운영 일정 : 이용업체 홈페이지 참조 필수
◆ 구매 수량 : 1인당 10매까지 구입 가능
◆ 이용 방법 : 모바일 이용권 현장 매표소 제시 후 이용 가능(재발송 가능 상품)
◆ 권종 구분 : 주중/주말·공휴일 구분없이 1인 1매
◆ 추가 할인 : 해당 상품은 할인 가격으로 판매되는 상품으로 추가 할인을 받으실 수 없습니다.
◆ 이용 업체에 대한 전반적인 이용 정보(운영 사항, 유의 사항, 안전 점검, 편의 시설 등)는 꼭 방문 홈페이지를 확인하시길 바랍니다.","▷ 취소 및 환불 요청은 주중에 유선으로만 가능합니다.(취소 및 환불 요청 고객센터 ☎ 02-536-0836)
→ 고객센터 운영시간 : 평일 10:00~16:00 운영 / 점심시간 12:00~13:00
▷ 취소 및 환불 규정은 `전자상거래등에서의 소비자보호에 관한 현행 법률`에 의거하여 작성되었습니다.
▷ 취소 및 환불은 수령하신 날로부터 7일 이내에만 가능합니다.
▷ 해당 상품은 임직원 대상 특별 할인 가격으로 판매하는 프로모션 상품입니다.
▷ 해당 상품은 이용권에 별도 표기 된 유효(이용) 기간 내 꼭 이용하셔야 합니다.
▷ 유효(이용) 기간 경과 시 별도 연장이나 취소가 안 되는 `자동 폐기 상품`입니다.(★유효 기간 연장 불가 상품!!)
▷ 부분적인 결제 취소나 부분적인 이용이 불가능한 상품입니다.(예시 : 5명일 경우 4장+1장 결제 or 2장+3장 결제)
▷ 고객 귀책 사유로 발생하는 취소 및 환불 금액에 대한 발송 및 이체 수수료는 고객이 부담하셔야 합니다.
→ 모바일 티켓 : 발송 및 취소 수수료 장당 1,000원 발생(예시 : 1,000원 X 5장 발송 = 5,000원)
→ 종이 티켓 : 폐문, 부재중, 주소 오류 등 고객 귀책 사유로 발송된 등기 반송 시 반송 비용은 고객이 부담하셔야 합니다.(반송 비용 7,500원)
→ 공통 : 환불 금액 입금 계좌가 하나은행이 아닌 타 은행인 경우 이체 수수료 500원이 발생합니다.",2026-09-30T04:31:37
311557,테마파크,테마파크,과천,원더파크,오감을 만족시키는 체험형 미디어파크,19000,14500,24,소인이용권 원더파크,2,"[{""option"": ""소인이용권 원더파크"", ""detail_div"": ""소인"", ""week_div"": ""주중+주말"", ""list_price"": 19000, ""sale_price"": 14500, ""discount_pct"": 24, ""start_date"": ""0"", ""end_date"": ""60""}, {""option"": ""대인이용권 원더파크"", ""detail_div"": ""대인"", ""week_div"": ""주중+주말"", ""list_price"": 22000, ""sale_price"": 16500, ""discount_pct"": 25, ""start_date"": ""0"", ""end_date"": ""60""}]",구매일,,60,모바일티켓;바로 사용가능,즉시발송,,LMS 문자,매표소 교환 / 바로 입장 | 모바일 이용권 현장 매표소 제시 및 발권 후 이용 가능(재발송 가능 상품),20,"기한: 수령 후 7일 이내 | 수수료: 발송·취소 장당 1,000원 | 불가: 부분취소, 기간경과 | 접수: 유선",매직플로우 주식회사,"서울특별시 강남구 역삼로77길 13, 1층(대치동, 비채빌딩)",1555-5443,https://www.magicflow.co.kr/park,모바일티켓,바로 사용가능,사용안함,[유효 ~ 60일],상세 없음(JSON만 사용),"[필독!! 발송정보]
7월15일(수) ~16일(목) 임시휴장
◇ 바로 발송 가능 상품 : `결제(입금) 완료` 건에 한해서 모바일 이용권이 20분이내 휴대폰 번호로 발송(미수신 시 휴대폰 차단 기능 확인!!)
◇ 수신 후 바로 사용 가능 : 모바일 이용권 수신 후 바로 사용 가능, 결제 내역으로는 이용 불가합니다.
※ 문자발송번호 : 02-536-0836
[필독!! 이용정보]
◆ 유효 기간 : 옵션 별 상이
◆ 이용 업체 : 과천 원더파크
◆ 운영 일정(입장마감 1시간 전 발권 마감)
- 주중 : 10:00 ~ 18:00
- 주말 : 09:00 ~ 19:00
◆ 구매 수량 : 1인당 10매까지 구입 가능
◆ 이용 방법 : 모바일 이용권 현장 매표소 제시 및 발권 후 이용 가능(재발송 가능 상품)
◆ 권종 구분 : 주중/주말ㆍ공휴일 구분없이 1인 1매 (36개월 미만 아기는 보호자 신분증 및 확인서류 지참시에만 무료 이용 가능!!)
★ 구매 전 옵션 별 상품정보를 확인하세요!(대인 또는 소인)
- 대인 : 중학생 이상 / 소인 : 36개월 ~ 초등학생
◆ 추가 할인 : 해당 상품은 할인 가격으로 판매되는 상품으로 추가 할인을 받으실 수 없습니다.
◆ 안내 사항 : 주말 및 성수기 기간 인원 초과 시 입장이 제한될 수 있으며, 시설 이용 제한 사항은 업체 규정에 따릅니다.
★ 홈페이지 : (클릭☞ 원더파크 홈페이지 바로가기)
☎고객센터 연락처 : 02-536-0836
운영시간 [주중 및 주말 동일]
● 오전 10시 ~ 오후 4시
● 점심시간 : 12:00 ~13:00
※ 취소 및 환불문의
▷ 취소 및 환불 요청은 유선으로만 가능합니다.(취소 및 환불 요청 고객센터 ☎ 02-536-0836)
→ 토요일 및 일요일 그리고 공휴일은 제외","▷ 취소 및 환불 요청은 유선으로만 가능합니다.→ 토요일 및 일요일 그리고 공휴일은 제외(취소 및 환불 요청 고객센터 ☎ 02-536-0836)
→ 고객센터 운영시간[주중 및 주말 동일] : 오전 10시 ~ 오후 4시 / 점심시간 12:00~13:00
→ 고객센터 연락처 : 02-536-0836
▷ 취소 및 환불 규정은 `전자상거래등에서의 소비자보호에 관한 현행 법률`에 의거하여 작성되었습니다.
▷ 취소 및 환불은 수령하신 날로부터 7일 이내에만 가능합니다.
▷ 해당 상품은 임직원 대상 특별 할인 가격으로 판매하는 프로모션 상품입니다.
▷ 해당 상품은 이용권에 별도 표기 된 유효(이용) 기간 내 꼭 이용하셔야 합니다.
▷ 유효(이용) 기간 경과 시 별도 연장이나 취소가 안 되는 `자동 폐기 상품`입니다.(★유효 기간 연장 불가 상품!!)
▷ 부분적인 결제 취소나 부분적인 이용이 불가능한 상품입니다.(예시 : 5명일 경우 4장+1장 결제 or 2장+3장 결제)
▷ 고객 귀책 사유로 발생하는 취소 및 환불 금액에 대한 발송 및 이체 수수료는 고객이 부담하셔야 합니다.
→ 모바일 티켓 : 발송 및 취소 수수료 장당 1,000원 발생(예시 : 1,000원 X 5장 발송 = 5,000원)
→ 종이 티켓 : 폐문, 부재중, 주소 오류 등 고객 귀책 사유로 발송된 등기 반송 시 반송 비용은 고객이 부담하셔야 합니다.(반송 비용 7,500원)
→ 공통 : 환불 금액 입금 계좌가 하나은행이 아닌 타 은행인 경우 이체 수수료 500원이 발생합니다.",2026-09-30T04:31:37
311746,테마파크,테마파크,경주/오산,버드파크,새와 사람과 자연의 이야기,23000,17800,23,대인이용권 오산버드파크,4,"[{""option"": ""대인이용권 오산버드파크"", ""detail_div"": ""대인"", ""week_div"": ""주중+주말"", ""list_price"": 23000, ""sale_price"": 17800, ""discount_pct"": 23, ""start_date"": ""0"", ""end_date"": ""60""}, {""option"": ""소인이용권 오산버드파크"", ""detail_div"": ""소인"", ""week_div"": ""주중+주말"", ""list_price"": 19000, ""sale_price"": 14800, ""discount_pct"": 22, ""start_date"": ""0"", ""end_date"": ""60""}, {""option"": ""대인이용권 경주버드파크"", ""detail_div"": ""대인"", ""week_div"": ""주중+주말"", ""list_price"": 20000, ""sale_price"": 16300, ""discount_pct"": 19, ""start_date"": ""0"", ""end_date"": ""60""}, {""option"": ""소인이용권 경주버드파크"", ""detail_div"": ""소인"", ""week_div"": ""주중+주말"", ""list_price"": 15000, ""sale_price"": 12300, ""discount_pct"": 18, ""start_date"": ""0"", ""end_date"": ""60""}]",구매일,,60,모바일티켓;바로 사용가능,즉시발송,,LMS 문자,매표소 교환 / 바로 입장 | 모바일 이용권 현장 매표소 제시 후 이용 가능(재발송 가능 상품),100,"기한: 수령 후 7일 이내 | 수수료: 발송·취소 장당 1,000원 | 불가: 부분취소, 기간경과 | 접수: 유선",경주버드파크,경북 경주시 보문로 74-14,054-777-7200,http://www.birdparks.co.kr/ ; https://www.instagram.com/osanbirdpark/,모바일티켓,바로 사용가능,사용안함,[유효 ~ 60일],상세 없음(JSON만 사용),"[필독!! 발송정보]
◇ 바로 발송 가능 상품 : `결제(입금) 완료` 건에 한해서 모바일 이용권이 30분이내 휴대폰 번호로 발송(미수신 시 휴대폰 차단 기능 확인!!)
◇ 수신 후 바로 사용 가능 : 모바일 이용권 수신 후 바로 사용 가능, 결제 내역으로는 이용 불가합니다.
※ 문자발송번호 : 02-536-0836
[필독!! 이용정보]
◆ 유효 기간 : 구매 후 60일
◆ 이용 업체 : 경주 / 오산 버드파크
◆ 운영 일정 : 이용업체 홈페이지 참조 필수
◆ 구매 수량 : 1인당 10매까지 구입 가능
◆ 이용 방법 : 모바일 이용권 현장 매표소 제시 후 이용 가능(재발송 가능 상품)
◆ 권종 구분 : 주중/주말ㆍ공휴일 구분없이 1인 1매 (24개월 미만 아기는 보호자 신분증 및 확인서류 지참시에만 무료 이용 가능!!)
★ 구매 전 옵션 별 상품정보를 확인하세요!(대인 또는 소인)
※ 소인 : 24개월 ~ 초등학생 / 대인 : 중학생 이상
◆ 추가 할인 : 해당 상품은 할인 가격으로 판매되는 상품으로 추가 할인을 받으실 수 없습니다.
◆ 안내 사항 : 주말 및 성수기 기간 인원 초과 시 입장이 제한될 수 있으며, 시설 이용 제한 사항은 업체 규정에 따릅니다.
◆ 이용 업체에 대한 전반적인 이용 정보(운영 사항, 유의 사항, 안전 점검, 편의 시설 등)는 꼭 방문 전 아래 홈페이지를 클릭하셔서 확인하시길 바랍니다.
★ 홈페이지
- 경주버드파크 : (클릭☞ 경주버드파크 홈페이지 바로가기)
- 오산버드파크 : (클릭☞ 오산버드파크 인스타그램 바로가기)
☎고객센터 연락처 : 02-536-0836
운영시간 [주중 및 주말 동일]
● 오전 10시 ~ 오후 4시
● 점심시간 : 12:00 ~13:00
※ 취소 및 환불문의
▷ 취소 및 환불 요청은 유선으로만 가능합니다.(취소 및 환불 요청 고객센터 ☎ 02-536-0836)
→ 토요일 및 일요일 그리고 공휴일은 제외","▷ 취소 및 환불 요청은 유선으로만 가능합니다.→ 토요일 및 일요일 그리고 공휴일은 제외(취소 및 환불 요청 고객센터 ☎ 02-536-0836)
→ 고객센터 운영시간[주중 및 주말 동일] : 오전 10시 ~ 오후 4시 / 점심시간 12:00~13:00
→ 고객센터 연락처 : 02-536-0836
▷ 취소 및 환불 규정은 `전자상거래등에서의 소비자보호에 관한 현행 법률`에 의거하여 작성되었습니다.
▷ 취소 및 환불은 수령하신 날로부터 7일 이내에만 가능합니다.
▷ 해당 상품은 임직원 대상 특별 할인 가격으로 판매하는 프로모션 상품입니다.
▷ 해당 상품은 이용권에 별도 표기 된 유효(이용) 기간 내 꼭 이용하셔야 합니다.
▷ 유효(이용) 기간 경과 시 별도 연장이나 취소가 안 되는 `자동 폐기 상품`입니다.(★유효 기간 연장 불가 상품!!)
▷ 부분적인 결제 취소나 부분적인 이용이 불가능한 상품입니다.(예시 : 5명일 경우 4장+1장 결제 or 2장+3장 결제)
▷ 고객 귀책 사유로 발생하는 취소 및 환불 금액에 대한 발송 및 이체 수수료는 고객이 부담하셔야 합니다.
→ 모바일 티켓 : 발송 및 취소 수수료 장당 1,000원 발생(예시 : 1,000원 X 5장 발송 = 5,000원)
→ 종이 티켓 : 폐문, 부재중, 주소 오류 등 고객 귀책 사유로 발송된 등기 반송 시 반송 비용은 고객이 부담하셔야 합니다.(반송 비용 7,500원)
→ 공통 : 환불 금액 입금 계좌가 하나은행이 아닌 타 은행인 경우 이체 수수료 500원이 발생합니다.",2026-09-30T04:31:37
319024,테마파크,테마파크,여주,루덴시아,갤러리형 유럽 테마파크,27000,14500,46,주중 대인입장권 루덴시아(~9/30),4,"[{""option"": ""주중 대인입장권 루덴시아(~9/30)"", ""detail_div"": ""대인"", ""week_div"": ""주중"", ""list_price"": 27000, ""sale_price"": 14500, ""discount_pct"": 46, ""start_date"": ""2025-11-01"", ""end_date"": ""2026-09-30""}, {""option"": ""주중 소인입장권 루덴시아(~9/30)"", ""detail_div"": ""소인"", ""week_div"": ""주중"", ""list_price"": 17000, ""sale_price"": 10000, ""discount_pct"": 41, ""start_date"": ""2025-11-01"", ""end_date"": ""2026-09-30""}, {""option"": ""주말 대인입장권 루덴시아(~9/30)"", ""detail_div"": ""대인"", ""week_div"": ""주말"", ""list_price"": 27000, ""sale_price"": 18500, ""discount_pct"": 31, ""start_date"": ""2025-11-01"", ""end_date"": ""2026-09-30""}, {""option"": ""주말 소인입장권 루덴시아(~9/30)"", ""detail_div"": ""소인"", ""week_div"": ""주말"", ""list_price"": 17000, ""sale_price"": 11500, ""discount_pct"": 32, ""start_date"": ""2025-11-01"", ""end_date"": ""2026-09-30""}]",2025-11-01,2026-09-30,,모바일티켓;바로 사용가능,즉시발송,,LMS 문자,매표소 교환 / 바로 입장 | 모바일 이용권 현장 매표소 제시 후 이용 가능(재발송 가능 상품),20,"기한: 수령 후 7일 이내 | 수수료: 발송·취소 장당 1,000원 | 불가: 부분취소, 기간경과 | 접수: 유선",루덴시아,경기 여주시 산북면 금품1로 177 여주 루덴시아,0507-1359-1025,https://www.ludensia.com/,모바일티켓,바로 사용가능,사용안함,[유효 ~ 26/9/30],상세 없음(JSON만 사용),"[필독!! 발송정보]
◇ 바로 발송 가능 상품 : `결제(입금) 완료` 건에 한해서 모바일 이용권이 20분이내 휴대폰 번호로 발송
(미수신 시 휴대폰 차단 기능 확인!!)
◇ 수신 후 바로 사용 가능 : 모바일 이용권 수신 후 바로 사용 가능, 결제 내역으로는 이용 불가합니다.
※ 문자발송번호 : 02-536-0836
[필독!! 이용정보]
※ 7월 17일(금) 제헌절은 공휴일로, 평일권(주중권) 이용이 불가합니다.
이용 시 주말권 구매 필수
꼭 참고 후 구매 바랍니다.
◆ 유효 기간 : ~ 2026년 9월 30일(수) 까지
◆ 이용 업체 : 루덴시아
◆ 운영 일정 : 이용업체 홈페이지 참조 필수
금·토 운영시간: 13:00 ~ 22:00
광복절 연휴(8/14~8/16): 13:00 ~ 22:00
8/17(월): 10:00 ~ 18:00
※ 입장 마감은 영업 종료 1시간 전까지 가능합니다.
◆ 구매 수량 : 1인당 10매까지 구입 가능
◆ 이용 방법 : 모바일 이용권 현장 매표소 제시 후 이용 가능(재발송 가능 상품)
◆ 권종 구분 : 주중/주말/대인/소인 구분하여 1인 1매 구매 (36개월 미만 아기는 보호자 신분증 및 확인서류 지참시에만 무료 이용 가능!!)
★ 구매 전 옵션 별 상품정보를 확인하세요!(주중 또는 주말(공휴일) / 대인 또는 소인)
※ 소인 : 36개월 ~ 초등학생 / 대인 : 중학생 이상
◆ 추가 할인 : 해당 상품은 할인 가격으로 판매되는 상품으로 추가 할인을 받으실 수 없습니다.
◆ 안내 사항 : 주말 및 성수기 기간 인원 초과 시 입장이 제한될 수 있으며, 시설 이용 제한 사항은 업체 규정에 따릅니다.
◆ 이용 업체에 대한 전반적인 이용 정보(운영 사항, 유의 사항, 안전 점검, 편의 시설 등)는 꼭 방문 전 아래 홈페이지를 클릭하셔서 확인하시길 바랍니다.
★ 홈페이지 : (클릭☞ 루덴시아 홈페이지 바로가기)
☎고객센터 연락처 : 02-536-0836
운영시간 [주중 및 주말 동일]
● 오전 10시 ~ 오후 4시
● 점심시간 : 12:00 ~13:00
※ 취소 및 환불문의
▷ 취소 및 환불 요청은 유선으로만 가능합니다.(취소 및 환불 요청 고객센터 ☎ 02-536-0836)
→ 토요일 및 일요일 그리고 공휴일은 제외","▷ 취소 및 환불 요청은 유선으로만 가능합니다.→ 토요일 및 일요일 그리고 공휴일은 제외(취소 및 환불 요청 고객센터 ☎ 02-536-0836)
→ 고객센터 운영시간[주중 및 주말 동일] : 오전 10시 ~ 오후 4시 / 점심시간 12:00~13:00
→ 고객센터 연락처 : 02-536-0836
▷ 취소 및 환불 규정은 `전자상거래등에서의 소비자보호에 관한 현행 법률`에 의거하여 작성되었습니다.
▷ 취소 및 환불은 수령하신 날로부터 7일 이내에만 가능합니다.
▷ 해당 상품은 임직원 대상 특별 할인 가격으로 판매하는 프로모션 상품입니다.
▷ 해당 상품은 이용권에 별도 표기 된 유효(이용) 기간 내 꼭 이용하셔야 합니다.
▷ 유효(이용) 기간 경과 시 별도 연장이나 취소가 안 되는 `자동 폐기 상품`입니다.(★유효 기간 연장 불가 상품!!)
▷ 부분적인 결제 취소나 부분적인 이용이 불가능한 상품입니다.(예시 : 5명일 경우 4장+1장 결제 or 2장+3장 결제)
▷ 고객 귀책 사유로 발생하는 취소 및 환불 금액에 대한 발송 및 이체 수수료는 고객이 부담하셔야 합니다.
→ 모바일 티켓 : 발송 및 취소 수수료 장당 1,000원 발생(예시 : 1,000원 X 5장 발송 = 5,000원)
→ 종이 티켓 : 폐문, 부재중, 주소 오류 등 고객 귀책 사유로 발송된 등기 반송 시 반송 비용은 고객이 부담하셔야 합니다.(반송 비용 7,500원)
→ 공통 : 환불 금액 입금 계좌가 하나은행이 아닌 타 은행인 경우 이체 수수료 500원이 발생합니다.",2026-09-30T04:31:37
327284,테마파크,테마파크,진주,타이거펀치 키즈랜드,진주에 오픈하는 1200평 규모의 대형 키즈랜드,7000,5000,29,주중 3시간 대인 입장권 타이거펀치(~10/31),4,"[{""option"": ""주중 3시간 대인 입장권 타이거펀치(~10/31)"", ""detail_div"": ""대인"", ""week_div"": ""주중"", ""list_price"": 7000, ""sale_price"": 5000, ""discount_pct"": 29, ""start_date"": ""2026-05-08"", ""end_date"": ""2026-10-31""}, {""option"": ""주중 3시간 소인 입장권 타이거펀치(~10/31)"", ""detail_div"": ""소인"", ""week_div"": ""주중"", ""list_price"": 23000, ""sale_price"": 16500, ""discount_pct"": 28, ""start_date"": ""2026-05-08"", ""end_date"": ""2026-10-31""}, {""option"": ""주말 2시간 대인 입장권 타이거펀치(~10/31)"", ""detail_div"": ""대인"", ""week_div"": ""주말"", ""list_price"": 7000, ""sale_price"": 5500, ""discount_pct"": 21, ""start_date"": ""2026-05-08"", ""end_date"": ""2026-10-31""}, {""option"": ""주말 2시간 소인 입장권 타이거펀치(~10/31)"", ""detail_div"": ""소인"", ""week_div"": ""주말"", ""list_price"": 25000, ""sale_price"": 20000, ""discount_pct"": 20, ""start_date"": ""2026-05-08"", ""end_date"": ""2026-10-31""}]",2026-05-08,2026-10-31,,모바일티켓;바로 사용가능,즉시발송,엘에스컴퍼니,알림톡,매표소 교환 / 바로 입장 | 모바일 이용권 현장 매표소 제시 후 이용 가능(재발송 가능 상품),20,"기한: 수령 후 7일 이내 | 수수료: 발송·취소 장당 1,000원 | 불가: 부분취소, 기간경과 | 접수: 유선(주중)",타이거펀치 키즈랜드,경남 진주시 명석면 진주대로 1982,055-763-3133,,모바일티켓,바로 사용가능,사용안함,[유효 ~ 26/10/31],상세 없음(JSON만 사용),"[필독!! 발송정보]
◇ 바로 발송 가능 상품 : `결제(입금) 완료` 건에 한해서 모바일 이용권이 20분이내 휴대폰 번호로 발송(미수신 시 휴대폰 차단 기능 확인!!)
◇ 수신 후 바로 사용 가능 : 모바일 이용권 수신 후 바로 사용 가능, 결제 내역으로는 이용 불가합니다.
※ 카카오톡발송채널 : 엘에스컴퍼니
[필독!! 이용정보]
※ 당일 구매/사용 가능(방문 1시간 전 구매 필수)
※ 주중,주말 / 대인,소인 구분하여 구매 부탁드립니다.
◆ 유효 기간 : ~26/10/31 까지
◆ 이용 업체 : 타이거펀치 키즈랜드
◆ 운영 일정 : 이용업체 홈페이지 참조 필수
◆ 구매 수량 : 1인당 10매까지 구입 가능
◆ 이용 방법 : 모바일 이용권 현장 매표소 제시 후 이용 가능(재발송 가능 상품)
◆ 권종 구분 : 주중/주말, 대인/소인 구분하여 1인 1매
◆ 추가 할인 : 해당 상품은 할인 가격으로 판매되는 상품으로 추가 할인을 받으실 수 없습니다.
◆ 이용 업체에 대한 전반적인 이용 정보(운영 사항, 유의 사항, 안전 점검, 편의 시설 등)는 꼭 방문 전 홈페이지를 확인하시길 바랍니다.","▷ 취소 및 환불 요청은 주중에 유선으로만 가능합니다.(취소 및 환불 요청 고객센터 ☎ 02-536-0836)
→ 고객센터 운영시간 : 평일 10:00~16:00 운영 / 점심시간 12:00~13:00
▷ 취소 및 환불 규정은 `전자상거래등에서의 소비자보호에 관한 현행 법률`에 의거하여 작성되었습니다.
▷ 취소 및 환불은 수령하신 날로부터 7일 이내에만 가능합니다.
▷ 해당 상품은 임직원 대상 특별 할인 가격으로 판매하는 프로모션 상품입니다.
▷ 해당 상품은 이용권에 별도 표기 된 유효(이용) 기간 내 꼭 이용하셔야 합니다.
▷ 유효(이용) 기간 경과 시 별도 연장이나 취소가 안 되는 `자동 폐기 상품`입니다.(★유효 기간 연장 불가 상품!!)
▷ 부분적인 결제 취소나 부분적인 이용이 불가능한 상품입니다.(예시 : 5명일 경우 4장+1장 결제 or 2장+3장 결제)
▷ 고객 귀책 사유로 발생하는 취소 및 환불 금액에 대한 발송 및 이체 수수료는 고객이 부담하셔야 합니다.
→ 모바일 티켓 : 발송 및 취소 수수료 장당 1,000원 발생(예시 : 1,000원 X 5장 발송 = 5,000원)
→ 종이 티켓 : 폐문, 부재중, 주소 오류 등 고객 귀책 사유로 발송된 등기 반송 시 반송 비용은 고객이 부담하셔야 합니다.(반송 비용 7,500원)
→ 공통 : 환불 금액 입금 계좌가 하나은행이 아닌 타 은행인 경우 이체 수수료 500원이 발생합니다.",2026-09-30T04:31:37
328862,테마파크,테마파크,울산,캐니언파크,최대 규모의 애니멀 복합 테마파크 캐니언파크 울산점 오픈!,20000,10000,50,평일/주말 유아입장권+실내놀이동산PKG 캐니언파크(~12/31),5,"[{""option"": ""평일/주말 유아입장권+실내놀이동산PKG 캐니언파크(~12/31)"", ""detail_div"": ""소인"", ""week_div"": ""주중+주말"", ""list_price"": 20000, ""sale_price"": 10000, ""discount_pct"": 50, ""start_date"": ""0"", ""end_date"": ""2026-12-31""}, {""option"": ""평일 입장권 캐니언파크(~12/31)"", ""detail_div"": ""대소공통"", ""week_div"": ""주중"", ""list_price"": 22000, ""sale_price"": 11900, ""discount_pct"": 46, ""start_date"": ""0"", ""end_date"": ""2026-12-31""}, {""option"": ""주말/공휴일 입장권 캐니언파크(~12/31)"", ""detail_div"": ""대소공통"", ""week_div"": ""주중+주말"", ""list_price"": 25000, ""sale_price"": 13900, ""discount_pct"": 44, ""start_date"": ""0"", ""end_date"": ""2026-12-31""}, {""option"": ""평일 입장권+실내놀이동산PKG 캐니언파크(~12/31)"", ""detail_div"": ""대소공통"", ""week_div"": ""주중"", ""list_price"": 25000, ""sale_price"": 13900, ""discount_pct"": 44, ""start_date"": ""0"", ""end_date"": ""2026-12-31""}, {""option"": ""주말/공휴일 입장권+실내놀이동산PKG 캐니언파크(~12/31)"", ""detail_div"": ""대소공통"", ""week_div"": ""주중+주말"", ""list_price"": 25000, ""sale_price"": 15900, ""discount_pct"": 36, ""start_date"": ""0"", ""end_date"": ""2026-12-31""}]",구매일,2026-12-31,,모바일티켓;바로 사용가능,즉시발송,엘에스컴퍼니,알림톡,매표소 교환 / 바로 입장 | 모바일 이용권 현장 매표소 제시 후 이용 가능(재발송 가능 상품),20,"기한: 수령 후 7일 이내 | 수수료: 발송·취소 장당 1,000원 | 불가: 부분취소, 기간경과 | 접수: 유선(주중)",캐니언파크,"울산 중구 만남의거리 15 3층, 4층",052-939-2100,,모바일티켓,바로 사용가능,사용안함,[유효 ~ 26/12/31],상세 없음(JSON만 사용),"[필독!! 발송정보]
◇ 바로 발송 가능 상품 : `결제(입금) 완료` 건에 한해서 모바일 이용권이 20분이내 휴대폰 번호로 발송(미수신 시 휴대폰 차단 기능 확인!!)
◇ 수신 후 바로 사용 가능 : 모바일 이용권 수신 후 바로 사용 가능, 결제 내역으로는 이용 불가합니다.
※ 카카오톡발송채널 : 엘에스컴퍼니
[필독!! 이용정보]
◆ 구매 전 상세이미지 내 안내사항을 꼭 확인해주세요.
◆ 유효 기간 : ~ 2026년 12월 31일 까지
◆ 이용 업체 : 캐니언파크
◆ 운영 일정 : 이용업체 홈페이지 참조 필수
◆ 구매 수량 : 1인당 10매까지 구입 가능
◆ 이용 방법 : 모바일 이용권 현장 매표소 제시 후 이용 가능(재발송 가능 상품)
◆ 권종 구분 : 대인/소인, 주중/주말·공휴일 구분없이 1인 1매
◆ 추가 할인 : 해당 상품은 할인 가격으로 판매되는 상품으로 추가 할인을 받으실 수 없습니다.
◆ 이용 업체에 대한 전반적인 이용 정보(운영 사항, 유의 사항, 안전 점검, 편의 시설 등)는 꼭 방문 홈페이지를 확인하시길 바랍니다.","▷ 취소 및 환불 요청은 주중에 유선으로만 가능합니다.(취소 및 환불 요청 고객센터 ☎ 02-536-0836)
→ 고객센터 운영시간 : 평일 10:00~16:00 운영 / 점심시간 12:00~13:00
▷ 취소 및 환불 규정은 `전자상거래등에서의 소비자보호에 관한 현행 법률`에 의거하여 작성되었습니다.
▷ 취소 및 환불은 수령하신 날로부터 7일 이내에만 가능합니다.
▷ 해당 상품은 임직원 대상 특별 할인 가격으로 판매하는 프로모션 상품입니다.
▷ 해당 상품은 이용권에 별도 표기 된 유효(이용) 기간 내 꼭 이용하셔야 합니다.
▷ 유효(이용) 기간 경과 시 별도 연장이나 취소가 안 되는 `자동 폐기 상품`입니다.(★유효 기간 연장 불가 상품!!)
▷ 부분적인 결제 취소나 부분적인 이용이 불가능한 상품입니다.(예시 : 5명일 경우 4장+1장 결제 or 2장+3장 결제)
▷ 고객 귀책 사유로 발생하는 취소 및 환불 금액에 대한 발송 및 이체 수수료는 고객이 부담하셔야 합니다.
→ 모바일 티켓 : 발송 및 취소 수수료 장당 1,000원 발생(예시 : 1,000원 X 5장 발송 = 5,000원)
→ 종이 티켓 : 폐문, 부재중, 주소 오류 등 고객 귀책 사유로 발송된 등기 반송 시 반송 비용은 고객이 부담하셔야 합니다.(반송 비용 7,500원)
→ 공통 : 환불 금액 입금 계좌가 하나은행이 아닌 타 은행인 경우 이체 수수료 500원이 발생합니다.",2026-09-30T04:31:37
325394,테마파크,테마파크,경주,원더스페이스 보문점,원더스페이스에서 즐기는 복합 놀이 시설 테마파크!,50000,23000,54,통합이용권A 원더스페이스(~10/31),1,"[{""option"": ""통합이용권A 원더스페이스(~10/31)"", ""detail_div"": ""대소공통"", ""week_div"": ""주중+주말"", ""list_price"": 50000, ""sale_price"": 23000, ""discount_pct"": 54, ""start_date"": ""0"", ""end_date"": ""2026-10-31""}]",구매일,2026-10-31,,모바일티켓;바로 사용가능,즉시발송,엘에스컴퍼니,알림톡,매표소 교환 / 바로 입장 | 모바일 이용권 현장 매표소 제시 후 이용 가능(재발송 가능 상품),20,"기한: 수령 후 7일 이내 | 수수료: 발송·취소 장당 1,000원 | 불가: 부분취소, 기간경과 | 접수: 유선(주중)",원더스페이스 보문점,경북 경주시 보문로 391 원더스페이스 보문점,054-749-8999,,모바일티켓,바로 사용가능,사용안함,[유효 ~ 26/10/31],상세 없음(JSON만 사용),"[필독!! 발송정보]
◇ 바로 발송 가능 상품 : `결제(입금) 완료` 건에 한해서 모바일 이용권이 20분이내 휴대폰 번호로 발송(미수신 시 휴대폰 차단 기능 확인!!)
◇ 수신 후 바로 사용 가능 : 모바일 이용권 수신 후 바로 사용 가능, 결제 내역으로는 이용 불가합니다.
※ 카카오톡발송채널 : 엘에스컴퍼니
[필독!! 이용정보]
◆ 구매 전 상세이미지 내 안내사항을 꼭 확인해주세요.
◆ 유효 기간 : ~ 2026년 10월 31일(토) 까지
◆ 이용 업체 : 원더스페이스 보문점
◆ 운영 일정 : 이용업체 홈페이지 참조 필수
◆ 구매 수량 : 1인당 10매까지 구입 가능
◆ 이용 방법 : 모바일 이용권 현장 매표소 제시 후 이용 가능(재발송 가능 상품)
◆ 권종 구분 : 주중/주말·공휴일 구분없이 1인 1매
◆ 추가 할인 : 해당 상품은 할인 가격으로 판매되는 상품으로 추가 할인을 받으실 수 없습니다.
◆ 이용 업체에 대한 전반적인 이용 정보(운영 사항, 유의 사항, 안전 점검, 편의 시설 등)는 꼭 방문 홈페이지를 확인하시길 바랍니다.","▷ 취소 및 환불 요청은 주중에 유선으로만 가능합니다.(취소 및 환불 요청 고객센터 ☎ 02-536-0836)
→ 고객센터 운영시간 : 평일 10:00~16:00 운영 / 점심시간 12:00~13:00
▷ 취소 및 환불 규정은 `전자상거래등에서의 소비자보호에 관한 현행 법률`에 의거하여 작성되었습니다.
▷ 취소 및 환불은 수령하신 날로부터 7일 이내에만 가능합니다.
▷ 해당 상품은 임직원 대상 특별 할인 가격으로 판매하는 프로모션 상품입니다.
▷ 해당 상품은 이용권에 별도 표기 된 유효(이용) 기간 내 꼭 이용하셔야 합니다.
▷ 유효(이용) 기간 경과 시 별도 연장이나 취소가 안 되는 `자동 폐기 상품`입니다.(★유효 기간 연장 불가 상품!!)
▷ 부분적인 결제 취소나 부분적인 이용이 불가능한 상품입니다.(예시 : 5명일 경우 4장+1장 결제 or 2장+3장 결제)
▷ 고객 귀책 사유로 발생하는 취소 및 환불 금액에 대한 발송 및 이체 수수료는 고객이 부담하셔야 합니다.
→ 모바일 티켓 : 발송 및 취소 수수료 장당 1,000원 발생(예시 : 1,000원 X 5장 발송 = 5,000원)
→ 종이 티켓 : 폐문, 부재중, 주소 오류 등 고객 귀책 사유로 발송된 등기 반송 시 반송 비용은 고객이 부담하셔야 합니다.(반송 비용 7,500원)
→ 공통 : 환불 금액 입금 계좌가 하나은행이 아닌 타 은행인 경우 이체 수수료 500원이 발생합니다.",2026-09-30T04:31:37
326906,테마파크,테마파크,청도,프로방스,여름숲속 빛축제!,14900,8900,40,입장권 프로방스(~9/30),1,"[{""option"": ""입장권 프로방스(~9/30)"", ""detail_div"": ""대소공통"", ""week_div"": ""주중+주말"", ""list_price"": 14900, ""sale_price"": 8900, ""discount_pct"": 40, ""start_date"": ""0"", ""end_date"": ""2026-09-30""}]",구매일,2026-09-30,,모바일티켓;바로 사용가능,즉시발송,엘에스컴퍼니,알림톡,매표소 교환 / 바로 입장 | 모바일 이용권 현장 매표소 제시 후 이용 가능(재발송 가능 상품),20,"기한: 수령 후 7일 이내 | 수수료: 발송·취소 장당 1,000원 | 불가: 부분취소, 기간경과 | 접수: 유선(주중)",청도 프로방스,경북 청도군 화양읍 이슬미로 272-23,054-372-5050,,모바일티켓,바로 사용가능,사용안함,[유효 ~ 26/09/30],상세 없음(JSON만 사용),"[필독!! 발송정보]
◇ 바로 발송 가능 상품 : `결제(입금) 완료` 건에 한해서 모바일 이용권이 20분이내 휴대폰 번호로 발송(미수신 시 휴대폰 차단 기능 확인!!)
◇ 수신 후 바로 사용 가능 : 모바일 이용권 수신 후 바로 사용 가능, 결제 내역으로는 이용 불가합니다.
※ 카카오톡발송채널 : 엘에스컴퍼니
[필독!! 이용정보]
◆ 구매 전 상세이미지 내 안내사항을 꼭 확인해주세요.
◆ 유효 기간 : ~ 2026년 09월 30일(수) 까지
◆ 이용 업체 : 청도 프로방스
◆ 운영 일정 : 이용업체 홈페이지 참조 필수
◆ 구매 수량 : 1인당 10매까지 구입 가능
◆ 이용 방법 : 모바일 이용권 현장 매표소 제시 후 이용 가능(재발송 가능 상품)
◆ 권종 구분 : 주중/주말·공휴일 구분없이 1인 1매
◆ 추가 할인 : 해당 상품은 할인 가격으로 판매되는 상품으로 추가 할인을 받으실 수 없습니다.
◆ 이용 업체에 대한 전반적인 이용 정보(운영 사항, 유의 사항, 안전 점검, 편의 시설 등)는 꼭 방문 홈페이지를 확인하시길 바랍니다.","▷ 취소 및 환불 요청은 주중에 유선으로만 가능합니다.(취소 및 환불 요청 고객센터 ☎ 02-536-0836)
→ 고객센터 운영시간 : 평일 10:00~16:00 운영 / 점심시간 12:00~13:00
▷ 취소 및 환불 규정은 `전자상거래등에서의 소비자보호에 관한 현행 법률`에 의거하여 작성되었습니다.
▷ 취소 및 환불은 수령하신 날로부터 7일 이내에만 가능합니다.
▷ 해당 상품은 임직원 대상 특별 할인 가격으로 판매하는 프로모션 상품입니다.
▷ 해당 상품은 이용권에 별도 표기 된 유효(이용) 기간 내 꼭 이용하셔야 합니다.
▷ 유효(이용) 기간 경과 시 별도 연장이나 취소가 안 되는 `자동 폐기 상품`입니다.(★유효 기간 연장 불가 상품!!)
▷ 부분적인 결제 취소나 부분적인 이용이 불가능한 상품입니다.(예시 : 5명일 경우 4장+1장 결제 or 2장+3장 결제)
▷ 고객 귀책 사유로 발생하는 취소 및 환불 금액에 대한 발송 및 이체 수수료는 고객이 부담하셔야 합니다.
→ 모바일 티켓 : 발송 및 취소 수수료 장당 1,000원 발생(예시 : 1,000원 X 5장 발송 = 5,000원)
→ 종이 티켓 : 폐문, 부재중, 주소 오류 등 고객 귀책 사유로 발송된 등기 반송 시 반송 비용은 고객이 부담하셔야 합니다.(반송 비용 7,500원)
→ 공통 : 환불 금액 입금 계좌가 하나은행이 아닌 타 은행인 경우 이체 수수료 500원이 발생합니다.",2026-09-30T04:31:37
322370,테마파크,테마파크,대구,네이처파크,12만 평 부지의 식물원 내 초대형 글라스하우스 동물원!,20000,10000,50,1인 종일권 네이처파크(~9/30),2,"[{""option"": ""1인 종일권 네이처파크(~9/30)"", ""detail_div"": ""대소공통"", ""week_div"": ""주중+주말"", ""list_price"": 20000, ""sale_price"": 10000, ""discount_pct"": 50, ""start_date"": ""0"", ""end_date"": ""2026-09-30""}, {""option"": ""1인 종일권+교감키트 네이처파크(~9/30)"", ""detail_div"": ""대소공통"", ""week_div"": ""주중+주말"", ""list_price"": 25000, ""sale_price"": 13500, ""discount_pct"": 46, ""start_date"": ""0"", ""end_date"": ""2026-09-30""}]",구매일,2026-09-30,,모바일티켓;바로 사용가능,즉시발송,엘에스컴퍼니,알림톡,매표소 교환 / 바로 입장 | 모바일 이용권 현장 매표소 제시 후 이용 가능(재발송 가능 상품),20,"기한: 수령 후 7일 이내 | 수수료: 발송·취소 장당 1,000원 | 불가: 부분취소, 기간경과 | 접수: 유선(주중)",네이처파크,대구 달성군 가창면 가창로 891,1688-8511,,모바일티켓,바로 사용가능,사용안함,[유효 ~ 26/09/30],상세 없음(JSON만 사용),"[필독!! 발송정보]
◇ 바로 발송 가능 상품 : `결제(입금) 완료` 건에 한해서 모바일 이용권이 20분이내 휴대폰 번호로 발송(미수신 시 휴대폰 차단 기능 확인!!)
◇ 수신 후 바로 사용 가능 : 모바일 이용권 수신 후 바로 사용 가능, 결제 내역으로는 이용 불가합니다.
※ 카카오톡발송채널 : 엘에스컴퍼니
[필독!! 이용정보]
◆ 구매 전 상세이미지 내 안내사항을 꼭 확인해주세요.
◆ 유효 기간 : ~ 2026년 9월 30일(수) 까지
◆ 이용 업체 : 네이처파크
◆ 운영 일정 : 이용업체 홈페이지 참조 필수
◆ 구매 수량 : 1인당 10매까지 구입 가능
◆ 이용 방법 : 모바일 이용권 현장 매표소 제시 후 이용 가능(재발송 가능 상품)
◆ 권종 구분 : 대인/소인, 주중/주말·공휴일 구분없이 1인 1매
◆ 추가 할인 : 해당 상품은 할인 가격으로 판매되는 상품으로 추가 할인을 받으실 수 없습니다.
◆ 이용 업체에 대한 전반적인 이용 정보(운영 사항, 유의 사항, 안전 점검, 편의 시설 등)는 꼭 방문 홈페이지를 확인하시길 바랍니다.","▷ 취소 및 환불 요청은 주중에 유선으로만 가능합니다.(취소 및 환불 요청 고객센터 ☎ 02-536-0836)
→ 고객센터 운영시간 : 평일 10:00~16:00 운영 / 점심시간 12:00~13:00
▷ 취소 및 환불 규정은 `전자상거래등에서의 소비자보호에 관한 현행 법률`에 의거하여 작성되었습니다.
▷ 취소 및 환불은 수령하신 날로부터 7일 이내에만 가능합니다.
▷ 해당 상품은 임직원 대상 특별 할인 가격으로 판매하는 프로모션 상품입니다.
▷ 해당 상품은 이용권에 별도 표기 된 유효(이용) 기간 내 꼭 이용하셔야 합니다.
▷ 유효(이용) 기간 경과 시 별도 연장이나 취소가 안 되는 `자동 폐기 상품`입니다.(★유효 기간 연장 불가 상품!!)
▷ 부분적인 결제 취소나 부분적인 이용이 불가능한 상품입니다.(예시 : 5명일 경우 4장+1장 결제 or 2장+3장 결제)
▷ 고객 귀책 사유로 발생하는 취소 및 환불 금액에 대한 발송 및 이체 수수료는 고객이 부담하셔야 합니다.
→ 모바일 티켓 : 발송 및 취소 수수료 장당 1,000원 발생(예시 : 1,000원 X 5장 발송 = 5,000원)
→ 종이 티켓 : 폐문, 부재중, 주소 오류 등 고객 귀책 사유로 발송된 등기 반송 시 반송 비용은 고객이 부담하셔야 합니다.(반송 비용 7,500원)
→ 공통 : 환불 금액 입금 계좌가 하나은행이 아닌 타 은행인 경우 이체 수수료 500원이 발생합니다.",2026-09-30T04:31:37
325898,테마파크,테마파크,경주,엑스포대공원,365일 힐링파크!,14900,8100,46,소인 이용권 엑스포 대공원(~10/31),2,"[{""option"": ""소인 이용권 엑스포 대공원(~10/31)"", ""detail_div"": ""소인"", ""week_div"": ""주중+주말"", ""list_price"": 14900, ""sale_price"": 8100, ""discount_pct"": 46, ""start_date"": ""0"", ""end_date"": ""2026-10-31""}, {""option"": ""대인 이용권 엑스포 대공원(~10/31)"", ""detail_div"": ""대인"", ""week_div"": ""주중+주말"", ""list_price"": 14900, ""sale_price"": 8500, ""discount_pct"": 43, ""start_date"": ""0"", ""end_date"": ""2026-10-31""}]",구매일,2026-10-31,,모바일티켓;바로 사용가능,즉시발송,엘에스컴퍼니,알림톡,매표소 교환 / 바로 입장 | 모바일 이용권 현장 매표소 제시 후 이용 가능(재발송 가능 상품),20,"기한: 수령 후 7일 이내 | 수수료: 발송·취소 장당 1,000원 | 불가: 부분취소, 기간경과 | 접수: 유선(주중)",[경주] 엑스포대공원,경북 경주시 경감로 614,054-748-3011,,모바일티켓,바로 사용가능,사용안함,[유효 ~ 26/10/31],상세 없음(JSON만 사용),"[필독!! 발송정보]
◇ 바로 발송 가능 상품 : `결제(입금) 완료` 건에 한해서 모바일 이용권이 20분이내 휴대폰 번호로 발송(미수신 시 휴대폰 차단 기능 확인!!)
◇ 수신 후 바로 사용 가능 : 모바일 이용권 수신 후 바로 사용 가능, 결제 내역으로는 이용 불가합니다.
※ 카카오톡발송채널 : 엘에스컴퍼니
[필독!! 이용정보]
◆ 구매 전 상세이미지 내 안내사항을 꼭 확인해주세요.
◆ 유효 기간 : ~ 2026년 10월 31일(토) 까지
◆ 이용 업체 : [경주] 엑스포대공원
◆ 운영 일정 : 이용업체 홈페이지 참조 필수
◆ 구매 수량 : 1인당 10매까지 구입 가능
◆ 이용 방법 : 모바일 이용권 현장 매표소 제시 후 이용 가능(재발송 가능 상품)
◆ 권종 구분 : 주중/주말·공휴일 구분없이 1인 1매
◆ 추가 할인 : 해당 상품은 할인 가격으로 판매되는 상품으로 추가 할인을 받으실 수 없습니다.
◆ 이용 업체에 대한 전반적인 이용 정보(운영 사항, 유의 사항, 안전 점검, 편의 시설 등)는 꼭 방문 홈페이지를 확인하시길 바랍니다.","▷ 취소 및 환불 요청은 주중에 유선으로만 가능합니다.(취소 및 환불 요청 고객센터 ☎ 02-536-0836)
→ 고객센터 운영시간 : 평일 10:00~16:00 운영 / 점심시간 12:00~13:00
▷ 취소 및 환불 규정은 `전자상거래등에서의 소비자보호에 관한 현행 법률`에 의거하여 작성되었습니다.
▷ 취소 및 환불은 수령하신 날로부터 7일 이내에만 가능합니다.
▷ 해당 상품은 임직원 대상 특별 할인 가격으로 판매하는 프로모션 상품입니다.
▷ 해당 상품은 이용권에 별도 표기 된 유효(이용) 기간 내 꼭 이용하셔야 합니다.
▷ 유효(이용) 기간 경과 시 별도 연장이나 취소가 안 되는 `자동 폐기 상품`입니다.(★유효 기간 연장 불가 상품!!)
▷ 부분적인 결제 취소나 부분적인 이용이 불가능한 상품입니다.(예시 : 5명일 경우 4장+1장 결제 or 2장+3장 결제)
▷ 고객 귀책 사유로 발생하는 취소 및 환불 금액에 대한 발송 및 이체 수수료는 고객이 부담하셔야 합니다.
→ 모바일 티켓 : 발송 및 취소 수수료 장당 1,000원 발생(예시 : 1,000원 X 5장 발송 = 5,000원)
→ 종이 티켓 : 폐문, 부재중, 주소 오류 등 고객 귀책 사유로 발송된 등기 반송 시 반송 비용은 고객이 부담하셔야 합니다.(반송 비용 7,500원)
→ 공통 : 환불 금액 입금 계좌가 하나은행이 아닌 타 은행인 경우 이체 수수료 500원이 발생합니다.",2026-09-30T04:31:37
330190,테마파크,테마파크,고양,프렌디노 공룡 어린이키즈,도심 속 공룡 테마파크!,10000,7000,30,프렌디노 공룡 어린이키즈 대인종일권(~11/1),4,"[{""option"": ""프렌디노 공룡 어린이키즈 대인종일권(~11/1)"", ""detail_div"": ""대인"", ""week_div"": ""주중+주말"", ""list_price"": 10000, ""sale_price"": 7000, ""discount_pct"": 30, ""start_date"": ""2025-09-01"", ""end_date"": ""2026-11-01""}, {""option"": ""프렌디노 공룡 어린이키즈 소인_2시간권(~11/1)"", ""detail_div"": ""소인"", ""week_div"": ""주중+주말"", ""list_price"": 24000, ""sale_price"": 16000, ""discount_pct"": 33, ""start_date"": ""2025-09-01"", ""end_date"": ""2026-11-01""}, {""option"": ""프렌디노 공룡 어린이키즈 소인종일권(~11/1)"", ""detail_div"": ""소인"", ""week_div"": ""주중+주말"", ""list_price"": 30000, ""sale_price"": 22000, ""discount_pct"": 27, ""start_date"": ""2025-09-01"", ""end_date"": ""2026-11-01""}, {""option"": ""프렌디노 공룡 어린이키즈 주중 대인1(종일권)+주중 소인1(2시간권)(~11/1)"", ""detail_div"": ""성인1+어린이1"", ""week_div"": ""주중"", ""list_price"": 34000, ""sale_price"": 22000, ""discount_pct"": 35, ""start_date"": ""2025-09-01"", ""end_date"": ""2026-11-01""}]",2025-09-01,2026-11-01,,모바일티켓;바로 사용가능,즉시발송,,LMS 문자,매표소 교환 / 바로 입장,100,"기한: 수령 후 7일 이내 | 수수료: 발송·취소 장당 1,000원 | 불가: 부분취소, 기간경과 | 접수: 유선",프렌디노 공룡 키즈파크,경기 고양시 일산서구 한류월드로 300 3층 3001호,0507-1369-9756,https://www.instagram.com/friendino.official/,모바일티켓,바로 사용가능,사용안함,[유효 ~ 26/11/01],상세 없음(JSON만 사용),"[필독!! 발송정보]
◇ 바로 발송 가능 상품 : `결제(입금) 완료` 건에 한해서 LMS 바코드 이용권 문자가 20분이내 휴대폰 번호로 발송(미수신 시 휴대폰 차단 기능 확인!!)
◇ 수신 후 바로 사용 가능 : 모바일 이용권 수신 후 바로 사용 가능, 결제 내역으로는 이용 불가합니다.
※ 문자발송번호 : 02-536-0836
[필독!! 이용정보]
◆ 유효 기간 : ~ 2026년 11월 1일(일) 까지
◆ 이용 업체 : 프렌디노 공룡키즈파크
◆ 운영 일정 : 이용업체 홈페이지 참조 필수
운영시간 : 주중 11:00~19:00, 주말/공휴일 10:00~20:00- 휴무일정 : 연중무휴
◆ 이용 방법
- 프렌디노 : 모바일 이용권 현장 매표소 제시 및 발권 후 이용 가능
※ 발권티켓은 재발행이 불가합니다. 분실에 유의해주시기 바랍니다.
◆ 주차여부 > 프렌디노 이용시 원마운트 주차장 3시간 무료
※ 고객 부주의로 인하여 타 건물 주차장에 주차하신 경우 주차할인 제공이 어렵습니다.
◆ 권종 구분 : ※ 주중대인종일권+주중소인_2시간권 PKG는 주중에만 이용가능합니다. / 주중·주말 : 대인종일권, 소인_2시간권, 소인종일권
★ 구매 전 옵션 별 상품정보를 확인하세요!(대인 또는 소인)
※ 대인 : 중학생 이상 / 소인 : 24개월 ~ 13세까지
> 12개월 미만 : 무료입장, 24개월 미만 현장 10,000원 결제※ 증빙서류 지참 필수이며 현장에서만 결제 가능합니다.
※ 운영정보는 현장 상황에 따라 변동될 수 있습니다.
◆ 추가 할인 : 해당 상품은 할인 가격으로 판매되는 상품으로 추가 할인을 받으실 수 없습니다.
◆ 안내 사항 : 주말 및 성수기 기간 인원 초과 시 입장이 제한될 수 있으며, 시설 이용 제한 사항은 업체 규정에 따릅니다.
◆ 이용 업체에 대한 전반적인 이용 정보(운영 사항, 유의 사항, 안전 점검, 편의 시설 등)는 꼭 방문 전 아래 홈페이지를 클릭하셔서 확인하시길 바랍니다.
★ 홈페이지
- (클릭☞ 프렌디노 홈페이지 바로가기)
☎고객센터 연락처 : 02-536-0836
운영시간 [주중 및 주말 동일]
● 오전 10시 ~ 오후 4시
● 점심시간 : 12:00 ~13:00
※ 취소 및 환불문의
▷ 취소 및 환불 요청은 주중에 유선으로만 가능합니다.(취소 및 환불 요청 고객센터 ☎ 02-536-0836)
→ 토요일 및 일요일 그리고 공휴일은 제외","▷ 취소 및 환불 요청은 유선으로만 가능합니다.→ 토요일 및 일요일 그리고 공휴일은 제외(취소 및 환불 요청 고객센터 ☎ 02-536-0836)
→ 고객센터 운영시간[주중 및 주말 동일] : 오전 10시 ~ 오후 4시 / 점심시간 12:00~13:00
→ 고객센터 연락처 : 02-536-0836
▷ 취소 및 환불 규정은 `전자상거래등에서의 소비자보호에 관한 현행 법률`에 의거하여 작성되었습니다.
▷ 취소 및 환불은 수령하신 날로부터 7일 이내에만 가능합니다.
▷ 해당 상품은 임직원 대상 특별 할인 가격으로 판매하는 프로모션 상품입니다.
▷ 해당 상품은 이용권에 별도 표기 된 유효(이용) 기간 내 꼭 이용하셔야 합니다.
▷ 유효(이용) 기간 경과 시 별도 연장이나 취소가 안 되는 `자동 폐기 상품`입니다.(★유효 기간 연장 불가 상품!!)
▷ 부분적인 결제 취소나 부분적인 이용이 불가능한 상품입니다.(예시 : 5명일 경우 4장+1장 결제 or 2장+3장 결제)
▷ 고객 귀책 사유로 발생하는 취소 및 환불 금액에 대한 발송 및 이체 수수료는 고객이 부담하셔야 합니다.
→ 모바일 티켓 : 발송 및 취소 수수료 장당 1,000원 발생(예시 : 1,000원 X 5장 발송 = 5,000원)
→ 종이 티켓 : 폐문, 부재중, 주소 오류 등 고객 귀책 사유로 발송된 등기 반송 시 반송 비용은 고객이 부담하셔야 합니다.(반송 비용 7,500원)
→ 공통 : 환불 금액 입금 계좌가 하나은행이 아닌 타 은행인 경우 이체 수수료 500원이 발생합니다.",2026-09-30T04:31:37
326780,테마파크,테마파크,남양주,프리미어 뽀로로테마파크 다산 위드트래블,"1,000평 규모에 인터랙티브 미디어 아트 테마파크",30000,15000,50,주중 대인 종일권 뽀로로파크(~9/30),4,"[{""option"": ""주중 대인 종일권 뽀로로파크(~9/30)"", ""detail_div"": ""대인"", ""week_div"": ""주중"", ""list_price"": 30000, ""sale_price"": 15000, ""discount_pct"": 50, ""start_date"": ""2026-06-01"", ""end_date"": ""2026-09-30""}, {""option"": ""주말 대인 종일권 뽀로로파크(~9/30)"", ""detail_div"": ""대인"", ""week_div"": ""주말"", ""list_price"": 30000, ""sale_price"": 18000, ""discount_pct"": 40, ""start_date"": ""2026-06-01"", ""end_date"": ""2026-09-30""}, {""option"": ""주중 소인 종일권 뽀로로파크(~9/30)"", ""detail_div"": ""소인"", ""week_div"": ""주중"", ""list_price"": 40000, ""sale_price"": 20000, ""discount_pct"": 50, ""start_date"": ""2026-06-01"", ""end_date"": ""2026-09-30""}, {""option"": ""주말 소인 종일권 뽀로로파크(~9/30)"", ""detail_div"": ""소인"", ""week_div"": ""주말"", ""list_price"": 40000, ""sale_price"": 24000, ""discount_pct"": 40, ""start_date"": ""2026-06-01"", ""end_date"": ""2026-09-30""}]",2026-06-01,2026-09-30,,모바일티켓;바로 사용가능,즉시발송,H2OKR,알림톡,QR/바코드 제시 / 바로 입장 | 알림톡 이용권 현장 키오스크 발권 후 이용 가능(재발송 가능 상품),10,"기한: 수령 후 7일 이내 | 수수료: 발송·취소 장당 1,000원 | 불가: 부분취소, 기간경과 | 접수: 유선",프리미어 뽀로로테마파크 다산 위드 트래블,경기 남양주시 다산지금로 202 현대테라타워DIMC 지하1층 RB1-0001호 외 4호,0507-1390-3624,http://www.pororopark.com/index.php,모바일티켓,바로 사용가능,사용안함,[유효 ~ 26/09/30],상세 없음(JSON만 사용),"※ 상품구매 시 티켓 수령 1시간 후부터 사용 가능
→시설에 방문하시기 전에 티켓(바코드) 열람 여부를 확인해주세요!
[필독!! 발송정보]
◇ 바로 발송 가능 상품 : `결제(입금) 완료` 건에 한해서 모바일 이용권이 20분이내 휴대폰 번호로 발송(미수신 시 휴대폰 차단 기능 확인!!)
◇ 수신 후 바로 사용 가능 : 모바일 이용권 문자 수신 후 바로 사용 가능, 결제 내역으로는 이용 불가합니다.
※ 카카오톡 발송채널 : H2OKR
[필독!! 이용정보]
◆ 유효 기간 : ~ 2026년 9월 30일까지
◆ 이용 업체 : 프리미어 뽀로로테마파크 다산 위드 트래블
◆ 클린 데이 : 이용업체 홈페이지 참조 필수
◆ 구매 수량 : 1인당 10매까지 구입 가능
◆ 이용 방법 : 알림톡 이용권 현장 키오스크 발권 후 이용 가능(재발송 가능 상품)
◆ 권종 구분 : 대인/소인/주중/주말ㆍ공휴일 구분하여 1인 1매 (12개월 미만 아기는 보호자 신분증 및 확인서류 지참시에만 무료 이용 가능!!)
★ 대인 : 14세 이상 / 소인 : 12개월 ~ 13세
◆ 추가 할인 : 해당 상품은 할인 가격으로 판매되는 상품으로 추가 할인을 받으실 수 없습니다.
◆ 안내 사항 : 주말 및 성수기 기간 인원 초과 시 입장이 제한될 수 있으며, 시설 이용 제한 사항은 업체 규정에 따릅니다.
◆ 이용 업체에 대한 전반적인 이용 정보(운영 사항, 유의 사항, 안전 점검, 편의 시설 등)는 꼭 방문 전 아래 홈페이지를 클릭하셔서 확인하시길 바랍니다.
★ 홈페이지 : (클릭☞ 뽀로로파크 홈페이지 바로가기)
☎고객센터 연락처 : 02-536-0836
운영시간 [주중 및 주말 동일]
● 오전 10시 ~ 오후 4시
● 점심시간 : 12:00 ~13:00
※ 취소 및 환불문의
▷ 취소 및 환불 요청은 주중에 유선으로만 가능합니다.(취소 및 환불 요청 고객센터 ☎ 02-536-0836)
→ 토요일 및 일요일 그리고 공휴일은 제외","▷ 취소 및 환불 요청은 유선으로만 가능합니다.→ 토요일 및 일요일 그리고 공휴일은 제외(취소 및 환불 요청 고객센터 ☎ 02-536-0836)
→ 고객센터 운영시간[주중 및 주말 동일] : 오전 10시 ~ 오후 4시 / 점심시간 12:00~13:00
→ 고객센터 연락처 : 02-536-0836
▷ 취소 및 환불 규정은 `전자상거래등에서의 소비자보호에 관한 현행 법률`에 의거하여 작성되었습니다.
▷ 취소 및 환불은 수령하신 날로부터 7일 이내에만 가능합니다.
▷ 해당 상품은 임직원 대상 특별 할인 가격으로 판매하는 프로모션 상품입니다.
▷ 해당 상품은 이용권에 별도 표기 된 유효(이용) 기간 내 꼭 이용하셔야 합니다.
▷ 유효(이용) 기간 경과 시 별도 연장이나 취소가 안 되는 `자동 폐기 상품`입니다. (★유효 기간 연장 불가 상품!!)
▷ 부분적인 결제 취소나 부분적인 이용이 불가능한 상품입니다.(예시 : 5명일 경우 4장+1장 결제 or 2장+3장 결제)
▷ 고객 귀책 사유로 발생하는 취소 및 환불 금액에 대한 발송 및 이체 수수료는 고객이 부담하셔야 합니다.
→ 모바일 티켓 : 발송 및 취소 수수료 장당 1,000원 발생(예시 : 1,000원 X 5장 발송 = 5,000원)
→ 종이 티켓 : 폐문, 부재중, 주소 오류 등 고객 귀책 사유로 발송된 등기 반송 시 반송 비용은 고객이 부담하셔야 합니다. (반송 비용 6,000원)
→ 공통 : 환불 금액 입금 계좌가 하나은행이 아닌 타 은행인 경우 이체 수수료 500원이 발생합니다.",2026-09-30T04:31:37
320284,테마파크,테마파크,동탄,아르티스 테마파크,국내 유일 실내 생태 체험 테마파크!,7000,6200,11,7종 먹이주기 체험 풀세트 아르티스 테마파크(~12/31),3,"[{""option"": ""7종 먹이주기 체험 풀세트 아르티스 테마파크(~12/31)"", ""detail_div"": ""대소공통"", ""week_div"": ""주중+주말"", ""list_price"": 7000, ""sale_price"": 6200, ""discount_pct"": 11, ""start_date"": ""0"", ""end_date"": ""2026-12-31""}, {""option"": ""대인 입장권 아르티스 테마파크(~12/31)"", ""detail_div"": ""대인"", ""week_div"": ""주중+주말"", ""list_price"": 35000, ""sale_price"": 15200, ""discount_pct"": 57, ""start_date"": ""0"", ""end_date"": ""2026-12-31""}, {""option"": ""소인 입장권 아르티스 테마파크(~12/31)"", ""detail_div"": ""소인"", ""week_div"": ""주중+주말"", ""list_price"": 32000, ""sale_price"": 17000, ""discount_pct"": 47, ""start_date"": ""0"", ""end_date"": ""2026-12-31""}]",구매일,2026-12-31,,모바일티켓;바로 사용가능,즉시발송,엘에스컴퍼니,알림톡,매표소 교환 / 바로 입장 | 모바일 이용권 현장 매표소 제시 후 이용 가능(재발송 가능 상품),20,"기한: 수령 후 7일 이내 | 수수료: 발송·취소 장당 1,000원 | 불가: 부분취소, 기간경과 | 접수: 유선(주중)",아르티스 테마파크,경기 화성시 동탄구 동탄대로19길 10 신유메디프라자 9층,0507-1310-4028,https://www.artisthemepark.co.kr/,모바일티켓,바로 사용가능,사용안함,[유효 ~ 26/12/31],상세 없음(JSON만 사용),"[필독!! 발송정보]
◇ 바로 발송 가능 상품 : `결제(입금) 완료` 건에 한해서 모바일 이용권이 20분이내 휴대폰 번호로 발송(미수신 시 휴대폰 차단 기능 확인!!)
◇ 수신 후 바로 사용 가능 : 모바일 이용권 수신 후 바로 사용 가능, 결제 내역으로는 이용 불가합니다.
※ 카카오톡발송채널 : 엘에스컴퍼니
[필독!! 이용정보]
◆ 구매 전 상세이미지 내 안내사항을 꼭 확인해주세요.
◆ 유효 기간 : ~ 2026년 12월 31일(목) 까지
◆ 이용 업체 : 아르티스 테마파크
◆ 운영 일정 : 이용업체 홈페이지 참조 필수
◆ 구매 수량 : 1인당 10매까지 구입 가능
◆ 이용 방법 : 모바일 이용권 현장 매표소 제시 후 이용 가능(재발송 가능 상품)
◆ 권종 구분 : 주중/주말·공휴일 구분없이 1인 1매
◆ 추가 할인 : 해당 상품은 할인 가격으로 판매되는 상품으로 추가 할인을 받으실 수 없습니다.
◆ 이용 업체에 대한 전반적인 이용 정보(운영 사항, 유의 사항, 안전 점검, 편의 시설 등)는 꼭 방문 전 아래 홈페이지를 클릭하셔서 확인하시길 바랍니다.
★ 홈페이지 : (클릭☞ 홈페이지 바로가기)","▷ 취소 및 환불 요청은 주중에 유선으로만 가능합니다.(취소 및 환불 요청 고객센터 ☎ 02-536-0836)
→ 고객센터 운영시간 : 평일 10:00~16:00 운영 / 점심시간 12:00~13:00
▷ 취소 및 환불 규정은 `전자상거래등에서의 소비자보호에 관한 현행 법률`에 의거하여 작성되었습니다.
▷ 취소 및 환불은 수령하신 날로부터 7일 이내에만 가능합니다.
▷ 해당 상품은 임직원 대상 특별 할인 가격으로 판매하는 프로모션 상품입니다.
▷ 해당 상품은 이용권에 별도 표기 된 유효(이용) 기간 내 꼭 이용하셔야 합니다.
▷ 유효(이용) 기간 경과 시 별도 연장이나 취소가 안 되는 `자동 폐기 상품`입니다.(★유효 기간 연장 불가 상품!!)
▷ 부분적인 결제 취소나 부분적인 이용이 불가능한 상품입니다.(예시 : 5명일 경우 4장+1장 결제 or 2장+3장 결제)
▷ 고객 귀책 사유로 발생하는 취소 및 환불 금액에 대한 발송 및 이체 수수료는 고객이 부담하셔야 합니다.
→ 모바일 티켓 : 발송 및 취소 수수료 장당 1,000원 발생(예시 : 1,000원 X 5장 발송 = 5,000원)
→ 종이 티켓 : 폐문, 부재중, 주소 오류 등 고객 귀책 사유로 발송된 등기 반송 시 반송 비용은 고객이 부담하셔야 합니다.(반송 비용 7,500원)
→ 공통 : 환불 금액 입금 계좌가 하나은행이 아닌 타 은행인 경우 이체 수수료 500원이 발생합니다.",2026-09-30T04:31:37
309658,테마파크,테마파크,가평,베고니아 새정원,"꽃, 새, 정원이 있는 스마일링 힐링 파크!!",18000,15000,17,대인입장권 베고니아 새정원(~12/31),2,"[{""option"": ""대인입장권 베고니아 새정원(~12/31)"", ""detail_div"": ""대인"", ""week_div"": ""주중+주말"", ""list_price"": 18000, ""sale_price"": 15000, ""discount_pct"": 17, ""start_date"": ""2026-03-24"", ""end_date"": ""2026-12-31""}, {""option"": ""소인입장권 베고니아 새정원(~12/31)"", ""detail_div"": ""소인"", ""week_div"": ""주중+주말"", ""list_price"": 12500, ""sale_price"": 10500, ""discount_pct"": 16, ""start_date"": ""2026-03-24"", ""end_date"": ""2026-12-31""}]",2026-03-24,2026-12-31,,모바일티켓;바로 사용가능,즉시발송,엘에스컴퍼니,알림톡,매표소 교환 / 바로 입장 | 모바일 이용권 현장 매표소 제시 후 이용 가능(재발송 가능 상품),20,"기한: 수령 후 7일 이내 | 수수료: 발송·취소 장당 1,000원 | 불가: 부분취소, 기간경과 | 접수: 유선(주중)",가평 베고니아 새정원,경기 가평군 설악면 미사리로270번길 28 가평베고니아새정원,031-584-4477,https://www.begoniabirdpark.com/,모바일티켓,바로 사용가능,사용안함,[유효 ~ 26/12/31],상세 없음(JSON만 사용),"[필독!! 발송정보]
◇ 바로 발송 가능 상품 : `결제(입금) 완료` 건에 한해서 모바일 이용권이 20분이내 휴대폰 번호로 발송(미수신 시 휴대폰 차단 기능 확인!!)
◇ 수신 후 바로 사용 가능 : 모바일 이용권 수신 후 바로 사용 가능, 결제 내역으로는 이용 불가합니다.
※ 카카오톡발송채널 : 엘에스컴퍼니
[필독!! 이용정보]
◆ 유효 기간 : ~ 2026년 12월 31일(목) 까지
◆ 이용 업체 : 가평 베고니아 새정원
◆ 운영 일정 : 이용업체 홈페이지 참조 필수
◆ 구매 수량 : 1인당 10매까지 구입 가능
◆ 이용 방법 : 모바일 이용권 현장 매표소 제시 후 이용 가능(재발송 가능 상품)
◆ 권종 구분 : 36개월부터 티켓구입이며, 주중/주말, 구분없이 1인 1매
◆ 추가 할인 : 해당 상품은 할인 가격으로 판매되는 상품으로 추가 할인을 받으실 수 없습니다.
◆ 이용 업체에 대한 전반적인 이용 정보(운영 사항, 유의 사항, 안전 점검, 편의 시설 등)는 꼭 방문 전 아래 홈페이지를 클릭하셔서 확인하시길 바랍니다.
★ 홈페이지 : (클릭☞ 홈페이지 바로가기)","▷ 취소 및 환불 요청은 주중에 유선으로만 가능합니다.(취소 및 환불 요청 고객센터 ☎ 02-536-0836)
→ 고객센터 운영시간 : 평일 09:30~18:00 운영 / 점심시간 12:00~13:00
▷ 취소 및 환불 규정은 `전자상거래등에서의 소비자보호에 관한 현행 법률`에 의거하여 작성되었습니다.
▷ 취소 및 환불은 수령하신 날로부터 7일 이내에만 가능합니다.
▷ 해당 상품은 임직원 대상 특별 할인 가격으로 판매하는 프로모션 상품입니다.
▷ 해당 상품은 이용권에 별도 표기 된 유효(이용) 기간 내 꼭 이용하셔야 합니다.
▷ 유효(이용) 기간 경과 시 별도 연장이나 취소가 안 되는 `자동 폐기 상품`입니다.(★유효 기간 연장 불가 상품!!)
▷ 부분적인 결제 취소나 부분적인 이용이 불가능한 상품입니다.(예시 : 5명일 경우 4장+1장 결제 or 2장+3장 결제)
▷ 고객 귀책 사유로 발생하는 취소 및 환불 금액에 대한 발송 및 이체 수수료는 고객이 부담하셔야 합니다.
→ 모바일 티켓 : 발송 및 취소 수수료 장당 1,000원 발생(예시 : 1,000원 X 5장 발송 = 5,000원)
→ 종이 티켓 : 폐문, 부재중, 주소 오류 등 고객 귀책 사유로 발송된 등기 반송 시 반송 비용은 고객이 부담하셔야 합니다.(반송 비용 7,500원)
→ 공통 : 환불 금액 입금 계좌가 하나은행이 아닌 타 은행인 경우 이체 수수료 500원이 발생합니다.",2026-09-30T04:31:37
328799,테마파크,테마파크,세종,세종공룡월드,시간 제한도 외출 제한도 없는 무제한 공룡 테마파크,18000,14400,20,주중종일권 세종공룡월드(~10/11),2,"[{""option"": ""주중종일권 세종공룡월드(~10/11)"", ""detail_div"": ""대소공통"", ""week_div"": ""주중"", ""list_price"": 18000, ""sale_price"": 14400, ""discount_pct"": 20, ""start_date"": ""0"", ""end_date"": ""2026-10-11""}, {""option"": ""주말/공휴일 종일권 세종공룡월드(~10/11)"", ""detail_div"": ""대소공통"", ""week_div"": ""주말"", ""list_price"": 20000, ""sale_price"": 16200, ""discount_pct"": 19, ""start_date"": ""0"", ""end_date"": ""2026-10-11""}]",구매일,2026-10-11,,모바일티켓;바로 사용가능,즉시발송,엘에스컴퍼니,알림톡,매표소 교환 / 바로 입장 | 모바일 이용권 현장 매표소 제시 후 이용 가능(재발송 가능 상품),20,"기한: 수령 후 7일 이내 | 수수료: 발송·취소 장당 1,000원 | 불가: 부분취소, 기간경과 | 접수: 유선(주중)",세종 공룡월드,세종 국세청로 32 마크원에비뉴 A501호,044-864-0935,https://www.instagram.com/sejong_dino/=,모바일티켓,바로 사용가능,사용안함,[유효 ~ 26/10/11],상세 없음(JSON만 사용),"[필독!! 발송정보]
◇ 바로 발송 가능 상품 : `결제(입금) 완료` 건에 한해서 모바일 이용권이 20분이내 휴대폰 번호로 발송(미수신 시 휴대폰 차단 기능 확인!!)
◇ 수신 후 바로 사용 가능 : 모바일 이용권 수신 후 바로 사용 가능, 결제 내역으로는 이용 불가합니다.
※ 카카오톡발송채널 : 엘에스컴퍼니
[필독!! 이용정보]
- 공휴일은 주말 요금으로 적용됩니다.
※ 당일 구매/사용 가능(방문 1시간 전 구매 필수)
- 휴무일정 : 매주 화요일 휴무(공휴일인 경우 주말 요금으로 정상 운영)
◆ 유효 기간 : ~26-10-11 까지
◆ 이용 업체 : 세종공룡월드
◆ 운영 일정 : 이용업체 홈페이지 참조 필수(매주 화요일 휴무)
◆ 구매 수량 : 1인당 10매까지 구입 가능
◆ 이용 방법 : 모바일 이용권 현장 매표소 제시 후 이용 가능(재발송 가능 상품)
◆ 권종 구분 : 대인/소인 구분없이 1인 1매 (12개월 미만 아기는 보호자 신분증 및 확인서류 지참시에만 무료 이용 가능!!)
★ 구매 전 옵션 별 상품정보를 확인하세요!(주중 또는 주말)
◆ 추가 할인 : 해당 상품은 할인 가격으로 판매되는 상품으로 추가 할인을 받으실 수 없습니다.
◆ 안내 사항 : 주말 및 성수기 기간 인원 초과 시 입장이 제한될 수 있으며, 시설 이용 제한 사항은 업체 규정에 따릅니다.
◆ 이용 업체에 대한 전반적인 이용 정보(운영 사항, 유의 사항, 안전 점검, 편의 시설 등)는 꼭 방문 전 아래 홈페이지를 클릭하셔서 확인하시길 바랍니다.
★ 홈페이지 : (클릭☞ 홈페이지 바로가기)","▷ 취소 및 환불 요청은 주중에 유선으로만 가능합니다.(취소 및 환불 요청 고객센터 ☎ 02-536-0836)
→ 고객센터 운영시간 : 평일 10:00~16:00 운영 / 점심시간 12:00~13:00
▷ 취소 및 환불 규정은 `전자상거래등에서의 소비자보호에 관한 현행 법률`에 의거하여 작성되었습니다.
▷ 취소 및 환불은 수령하신 날로부터 7일 이내에만 가능합니다.
▷ 해당 상품은 임직원 대상 특별 할인 가격으로 판매하는 프로모션 상품입니다.
▷ 해당 상품은 이용권에 별도 표기 된 유효(이용) 기간 내 꼭 이용하셔야 합니다.
▷ 유효(이용) 기간 경과 시 별도 연장이나 취소가 안 되는 `자동 폐기 상품`입니다.(★유효 기간 연장 불가 상품!!)
▷ 부분적인 결제 취소나 부분적인 이용이 불가능한 상품입니다.(예시 : 5명일 경우 4장+1장 결제 or 2장+3장 결제)
▷ 고객 귀책 사유로 발생하는 취소 및 환불 금액에 대한 발송 및 이체 수수료는 고객이 부담하셔야 합니다.
→ 모바일 티켓 : 발송 및 취소 수수료 장당 1,000원 발생(예시 : 1,000원 X 5장 발송 = 5,000원)
→ 종이 티켓 : 폐문, 부재중, 주소 오류 등 고객 귀책 사유로 발송된 등기 반송 시 반송 비용은 고객이 부담하셔야 합니다.(반송 비용 7,500원)
→ 공통 : 환불 금액 입금 계좌가 하나은행이 아닌 타 은행인 경우 이체 수수료 500원이 발생합니다.",2026-09-30T04:31:37
329686,테마파크,테마파크,시흥,시흥공룡월드,"시흥 공룡월드&키즈카페에서 볼거리, 즐길거리 가득 !",25000,19800,21,주중 종일권 시흥공룡월드(~12/31),2,"[{""option"": ""주중 종일권 시흥공룡월드(~12/31)"", ""detail_div"": ""대소공통"", ""week_div"": ""주중"", ""list_price"": 25000, ""sale_price"": 19800, ""discount_pct"": 21, ""start_date"": ""0"", ""end_date"": ""2026-12-31""}, {""option"": ""주말/공휴일 종일권 시흥공룡월드(~12/31)"", ""detail_div"": ""대소공통"", ""week_div"": ""주말"", ""list_price"": 28000, ""sale_price"": 22500, ""discount_pct"": 20, ""start_date"": ""0"", ""end_date"": ""2026-12-31""}]",구매일,2026-12-31,,모바일티켓;바로 사용가능,즉시발송,엘에스컴퍼니,알림톡,매표소 교환 / 바로 입장 | 모바일 이용권 현장 매표소 제시 후 이용 가능(재발송 가능 상품),20,"기한: 수령 후 7일 이내 | 수수료: 발송·취소 장당 1,000원 | 불가: 부분취소, 기간경과 | 접수: 유선(주중)",시흥공룡월드,"경기 시흥시 은계호수로 49 지하1층 비077-1호,비077-2호",031-314-0101,https://www.instagram.com/siheung_dinoworld/?igsh=cm4zeWprMjNqaG9u&utm_source=qr/,모바일티켓,바로 사용가능,사용안함,[유효 ~ 26/12/31],상세 없음(JSON만 사용),"[필독!! 발송정보]
◇ 바로 발송 가능 상품 : `결제(입금) 완료` 건에 한해서 모바일 이용권이 20분이내 휴대폰 번호로 발송(미수신 시 휴대폰 차단 기능 확인!!)
◇ 수신 후 바로 사용 가능 : 모바일 이용권 수신 후 바로 사용 가능, 결제 내역으로는 이용 불가합니다.
※ 카카오톡발송채널 : 엘에스컴퍼니
[필독!! 이용정보]
- 공휴일은 주말 요금으로 적용됩니다.
- 매주 화요일은 공연 진행없이 전시관 관람, 키즈카페, 체험장 등 이용 가능합니다.
- 방문 1시간전 구매 필수
◆ 유효 기간 : 2026-12-31 까지
◆ 이용 업체 : 시흥공룡월드
◆ 운영 일정 : 이용업체 홈페이지 참조 필수
◆ 구매 수량 : 1인당 10매까지 구입 가능
◆ 이용 방법 : 모바일 이용권 현장 매표소 제시 후 이용 가능(재발송 가능 상품)
◆ 권종 구분 : 대인/소인/주중/주말·공휴일 구분없이 1인 1매 (12개월 미만 아기는 보호자 신분증 및 확인서류 지참시에만 무료 이용 가능!!)
◆ 추가 할인 : 해당 상품은 할인 가격으로 판매되는 상품으로 추가 할인을 받으실 수 없습니다.
◆ 안내 사항 : 주말 및 성수기 기간 인원 초과 시 입장이 제한될 수 있으며, 시설 이용 제한 사항은 업체 규정에 따릅니다.
◆ 이용 업체에 대한 전반적인 이용 정보(운영 사항, 유의 사항, 안전 점검, 편의 시설 등)는 꼭 방문 전 아래 홈페이지를 클릭하셔서 확인하시길 바랍니다.
★ 홈페이지 : (클릭☞ 홈페이지 바로가기)","▷ 취소 및 환불 요청은 주중에 유선으로만 가능합니다.(취소 및 환불 요청 고객센터 ☎ 02-536-0836)
→ 고객센터 운영시간 : 평일 10:00~16:00 운영 / 점심시간 12:00~13:00
▷ 취소 및 환불 규정은 `전자상거래등에서의 소비자보호에 관한 현행 법률`에 의거하여 작성되었습니다.
▷ 취소 및 환불은 수령하신 날로부터 7일 이내에만 가능합니다.
▷ 해당 상품은 임직원 대상 특별 할인 가격으로 판매하는 프로모션 상품입니다.
▷ 해당 상품은 이용권에 별도 표기 된 유효(이용) 기간 내 꼭 이용하셔야 합니다.
▷ 유효(이용) 기간 경과 시 별도 연장이나 취소가 안 되는 `자동 폐기 상품`입니다.(★유효 기간 연장 불가 상품!!)
▷ 부분적인 결제 취소나 부분적인 이용이 불가능한 상품입니다.(예시 : 5명일 경우 4장+1장 결제 or 2장+3장 결제)
▷ 고객 귀책 사유로 발생하는 취소 및 환불 금액에 대한 발송 및 이체 수수료는 고객이 부담하셔야 합니다.
→ 모바일 티켓 : 발송 및 취소 수수료 장당 1,000원 발생(예시 : 1,000원 X 5장 발송 = 5,000원)
→ 종이 티켓 : 폐문, 부재중, 주소 오류 등 고객 귀책 사유로 발송된 등기 반송 시 반송 비용은 고객이 부담하셔야 합니다.(반송 비용 7,500원)
→ 공통 : 환불 금액 입금 계좌가 하나은행이 아닌 타 은행인 경우 이체 수수료 500원이 발생합니다.",2026-09-30T04:31:37
329749,테마파크,테마파크,아산,아산공룡월드,다양한 쇼와 공룡을 함께 즐기는 아산 공룡월드!,20000,16200,19,주중·주말공통 종일권 아산공룡월드(~12/31),1,"[{""option"": ""주중·주말공통 종일권 아산공룡월드(~12/31)"", ""detail_div"": ""대소공통"", ""week_div"": ""주중+주말"", ""list_price"": 20000, ""sale_price"": 16200, ""discount_pct"": 19, ""start_date"": ""0"", ""end_date"": ""2026-12-31""}]",구매일,2026-12-31,,모바일티켓;바로 사용가능,즉시발송,엘에스컴퍼니,알림톡,매표소 교환 / 바로 입장 | 모바일 이용권 현장 매표소 제시 후 이용 가능(재발송 가능 상품),20,"기한: 수령 후 7일 이내 | 수수료: 발송·취소 장당 1,000원 | 불가: 부분취소, 기간경과 | 접수: 유선(주중)",아산 공룡월드,충남 아산시 둔포면 해위안길 127,041-536-0635,http://www.1stvillage.com/web/asanworld/,모바일티켓,바로 사용가능,사용안함,[유효 ~ 26/12/31],상세 없음(JSON만 사용),"[필독!! 발송정보]
◇ 바로 발송 가능 상품 : `결제(입금) 완료` 건에 한해서 모바일 이용권이 20분이내 휴대폰 번호로 발송(미수신 시 휴대폰 차단 기능 확인!!)
◇ 수신 후 바로 사용 가능 : 모바일 이용권 수신 후 바로 사용 가능, 결제 내역으로는 이용 불가합니다.
※ 카카오톡발송채널 : 엘에스컴퍼니
[필독!! 이용정보]
※ 당일구매/당일사용 가능 (방문 1시간 전 구매 필수)
- 공연은 매주 화요일 휴무이나 백악기월드 관람 가능
◆ 유효 기간 : 2026-12-31 까지
◆ 이용 업체 : 아산공룡월드
◆ 운영 일정 : 이용업체 홈페이지 참조 필수
◆ 구매 수량 : 1인당 10매까지 구입 가능
◆ 이용 방법 : 모바일 이용권 현장 매표소 제시 후 이용 가능(재발송 가능 상품)
◆ 권종 구분 : 대인/소인/주중/주말·공휴일 구분없이 1인 1매 (12개월 미만 아기는 보호자 신분증 및 확인서류 지참시에만 무료 이용 가능!!)
◆ 추가 할인 : 해당 상품은 할인 가격으로 판매되는 상품으로 추가 할인을 받으실 수 없습니다.
◆ 안내 사항 : 주말 및 성수기 기간 인원 초과 시 입장이 제한될 수 있으며, 시설 이용 제한 사항은 업체 규정에 따릅니다.
◆ 이용 업체에 대한 전반적인 이용 정보(운영 사항, 유의 사항, 안전 점검, 편의 시설 등)는 꼭 방문 전 아래 홈페이지를 클릭하셔서 확인하시길 바랍니다.
★ 홈페이지 : (클릭☞ 홈페이지 바로가기)","▷ 취소 및 환불 요청은 주중에 유선으로만 가능합니다.(취소 및 환불 요청 고객센터 ☎ 02-536-0836)
→ 고객센터 운영시간 : 평일 10:00~16:00 운영 / 점심시간 12:00~13:00
▷ 취소 및 환불 규정은 `전자상거래등에서의 소비자보호에 관한 현행 법률`에 의거하여 작성되었습니다.
▷ 취소 및 환불은 수령하신 날로부터 7일 이내에만 가능합니다.
▷ 해당 상품은 임직원 대상 특별 할인 가격으로 판매하는 프로모션 상품입니다.
▷ 해당 상품은 이용권에 별도 표기 된 유효(이용) 기간 내 꼭 이용하셔야 합니다.
▷ 유효(이용) 기간 경과 시 별도 연장이나 취소가 안 되는 `자동 폐기 상품`입니다.(★유효 기간 연장 불가 상품!!)
▷ 부분적인 결제 취소나 부분적인 이용이 불가능한 상품입니다.(예시 : 5명일 경우 4장+1장 결제 or 2장+3장 결제)
▷ 고객 귀책 사유로 발생하는 취소 및 환불 금액에 대한 발송 및 이체 수수료는 고객이 부담하셔야 합니다.
→ 모바일 티켓 : 발송 및 취소 수수료 장당 1,000원 발생(예시 : 1,000원 X 5장 발송 = 5,000원)
→ 종이 티켓 : 폐문, 부재중, 주소 오류 등 고객 귀책 사유로 발송된 등기 반송 시 반송 비용은 고객이 부담하셔야 합니다.(반송 비용 7,500원)
→ 공통 : 환불 금액 입금 계좌가 하나은행이 아닌 타 은행인 경우 이체 수수료 500원이 발생합니다.",2026-09-30T04:31:37
330064,테마파크,테마파크,용인,용인공룡월드,꿈과 상상력을 만드는 용인 대형 키즈카페!,22000,18000,18,주중종일권 용인공룡월드(~12/31),2,"[{""option"": ""주중종일권 용인공룡월드(~12/31)"", ""detail_div"": ""대소공통"", ""week_div"": ""주중"", ""list_price"": 22000, ""sale_price"": 18000, ""discount_pct"": 18, ""start_date"": ""0"", ""end_date"": ""2026-12-31""}, {""option"": ""주말/공휴일 종일권 용인공룡월드(~12/31)"", ""detail_div"": ""대소공통"", ""week_div"": ""주말"", ""list_price"": 25000, ""sale_price"": 20700, ""discount_pct"": 17, ""start_date"": ""0"", ""end_date"": ""2026-12-31""}]",구매일,2026-12-31,,모바일티켓;바로 사용가능,즉시발송,엘에스컴퍼니,알림톡,매표소 교환 / 바로 입장 | 모바일 이용권 현장 매표소 제시 후 이용 가능(재발송 가능 상품),20,"기한: 수령 후 7일 이내 | 수수료: 발송·취소 장당 1,000원 | 불가: 부분취소, 기간경과 | 접수: 유선(주중)",용인 공룡월드,경기 용인시 처인구 중부대로 1294 4층호,031-338-3100,https://www.instagram.com/yongin_dinoworld/,모바일티켓,바로 사용가능,사용안함,[유효 ~ 26/12/31],상세 없음(JSON만 사용),"[필독!! 발송정보]
◇ 바로 발송 가능 상품 : `결제(입금) 완료` 건에 한해서 모바일 이용권이 20분이내 휴대폰 번호로 발송(미수신 시 휴대폰 차단 기능 확인!!)
◇ 수신 후 바로 사용 가능 : 모바일 이용권 수신 후 바로 사용 가능, 결제 내역으로는 이용 불가합니다.
※ 카카오톡발송채널 : 엘에스컴퍼니
[필독!! 이용정보]
- 공휴일은 주말 요금으로 적용됩니다.
- 매주 화요일은 현장 발권만 가능합니다.
※ 당일 구매/사용 가능(방문 1시간 전 구매 필수)
◆ 유효 기간 : ~ 2026-12-31 까지
◆ 이용 업체 : 용인공룡월드
◆ 운영 일정 : 이용업체 홈페이지 참조 필수
◆ 구매 수량 : 1인당 10매까지 구입 가능
◆ 이용 방법 : 모바일 이용권 현장 매표소 제시 후 이용 가능(재발송 가능 상품)
◆ 권종 구분 : 대인/소인 구분없이 1인 1매 (12개월 미만 아기는 보호자 신분증 및 확인서류 지참시에만 무료 이용 가능!!)
★ 구매 전 옵션 별 상품정보를 확인하세요!(주중 또는 주말)
◆ 추가 할인 : 해당 상품은 할인 가격으로 판매되는 상품으로 추가 할인을 받으실 수 없습니다.
◆ 안내 사항 : 주말 및 성수기 기간 인원 초과 시 입장이 제한될 수 있으며, 시설 이용 제한 사항은 업체 규정에 따릅니다.
◆ 이용 업체에 대한 전반적인 이용 정보(운영 사항, 유의 사항, 안전 점검, 편의 시설 등)는 꼭 방문 전 아래 홈페이지를 클릭하셔서 확인하시길 바랍니다.
★ 홈페이지 : (클릭☞ 홈페이지 바로가기)","▷ 취소 및 환불 요청은 주중에 유선으로만 가능합니다.(취소 및 환불 요청 고객센터 ☎ 02-536-0836)
→ 고객센터 운영시간 : 평일 10:00~16:00 운영 / 점심시간 12:00~13:00
▷ 취소 및 환불 규정은 `전자상거래등에서의 소비자보호에 관한 현행 법률`에 의거하여 작성되었습니다.
▷ 취소 및 환불은 수령하신 날로부터 7일 이내에만 가능합니다.
▷ 해당 상품은 임직원 대상 특별 할인 가격으로 판매하는 프로모션 상품입니다.
▷ 해당 상품은 이용권에 별도 표기 된 유효(이용) 기간 내 꼭 이용하셔야 합니다.
▷ 유효(이용) 기간 경과 시 별도 연장이나 취소가 안 되는 `자동 폐기 상품`입니다.(★유효 기간 연장 불가 상품!!)
▷ 부분적인 결제 취소나 부분적인 이용이 불가능한 상품입니다.(예시 : 5명일 경우 4장+1장 결제 or 2장+3장 결제)
▷ 고객 귀책 사유로 발생하는 취소 및 환불 금액에 대한 발송 및 이체 수수료는 고객이 부담하셔야 합니다.
→ 모바일 티켓 : 발송 및 취소 수수료 장당 1,000원 발생(예시 : 1,000원 X 5장 발송 = 5,000원)
→ 종이 티켓 : 폐문, 부재중, 주소 오류 등 고객 귀책 사유로 발송된 등기 반송 시 반송 비용은 고객이 부담하셔야 합니다.(반송 비용 7,500원)
→ 공통 : 환불 금액 입금 계좌가 하나은행이 아닌 타 은행인 경우 이체 수수료 500원이 발생합니다.",2026-09-30T04:31:37
329875,테마파크,테마파크,동탄,동탄공룡월드,"동탄공룡월드 볼거리, 즐길거리 가득 ! 꿈과 상상력을 만드는곳!",12000,8700,28,주중 종일대인권 동탄공룡월드(~12/31),4,"[{""option"": ""주중 종일대인권 동탄공룡월드(~12/31)"", ""detail_div"": ""대인"", ""week_div"": ""주중"", ""list_price"": 12000, ""sale_price"": 8700, ""discount_pct"": 28, ""start_date"": ""0"", ""end_date"": ""2026-12-31""}, {""option"": ""주말/공휴일 종일대인권 동탄공룡월드(~12/31)"", ""detail_div"": ""대인"", ""week_div"": ""주말"", ""list_price"": 15000, ""sale_price"": 10800, ""discount_pct"": 28, ""start_date"": ""0"", ""end_date"": ""2026-12-31""}, {""option"": ""주중 종일소인권 동탄공룡월드(~12/31)"", ""detail_div"": ""소인"", ""week_div"": ""주중"", ""list_price"": 20000, ""sale_price"": 14400, ""discount_pct"": 28, ""start_date"": ""0"", ""end_date"": ""2026-12-31""}, {""option"": ""주말/공휴일 종일소인권 동탄공룡월드(~12/31)"", ""detail_div"": ""소인"", ""week_div"": ""주말"", ""list_price"": 22000, ""sale_price"": 15900, ""discount_pct"": 28, ""start_date"": ""0"", ""end_date"": ""2026-12-31""}]",구매일,2026-12-31,,모바일티켓;바로 사용가능,즉시발송,엘에스컴퍼니,알림톡,매표소 교환 / 바로 입장 | 모바일 이용권 현장 매표소 제시 후 이용 가능(재발송 가능 상품),20,"기한: 수령 후 7일 이내 | 수수료: 발송·취소 장당 1,000원 | 불가: 부분취소, 기간경과 | 접수: 유선(주중)",동탄 공룡월드,경기 화성시 동탄순환대로27길 30 가동 2층,031-377-3123,https://map.naver.com/p/search/%EA%B3%B5%EB%A3%A1%EC%9B%94%EB%93%9C/place/2057427221?placePath=/home?entry=pll&from=map&fromNxList=true&fromPanelNum=2&timestamp=202511061155&locale=ko&svcName=map_pcv5&searchText=%EA%B3%B5%EB%A3%A1%EC%9B%94%EB%93%9C&searchType=place/,모바일티켓,바로 사용가능,사용안함,[유효 ~ 26/12/31],상세 없음(JSON만 사용),"[필독!! 발송정보]
◇ 바로 발송 가능 상품 : `결제(입금) 완료` 건에 한해서 모바일 이용권이 20분이내 휴대폰 번호로 발송(미수신 시 휴대폰 차단 기능 확인!!)
◇ 수신 후 바로 사용 가능 : 모바일 이용권 수신 후 바로 사용 가능, 결제 내역으로는 이용 불가합니다.
※ 카카오톡발송채널 : 엘에스컴퍼니
[필독!! 이용정보]
- 공휴일은 주말 요금으로 적용됩니다.
- 매주 화요일은 공연 진행없이 전시관 관람, 키즈카페 등 이용 가능합니다.
- 방문 1시간전 구매 필수
◆ 유효 기간 : ~ 2026-12-31 까지
◆ 이용 업체 : 동탄공룡월드
◆ 운영 일정 : 이용업체 홈페이지 참조 필수
◆ 구매 수량 : 1인당 10매까지 구입 가능
◆ 이용 방법 : 모바일 이용권 현장 매표소 제시 후 이용 가능(재발송 가능 상품)
◆ 권종 구분 : 대인/소인/주중/주말·공휴일 구분없이 1인 1매 (12개월 미만 아기는 보호자 신분증 및 확인서류 지참시에만 무료 이용 가능!!)
◆ 추가 할인 : 해당 상품은 할인 가격으로 판매되는 상품으로 추가 할인을 받으실 수 없습니다.
◆ 안내 사항 : 주말 및 성수기 기간 인원 초과 시 입장이 제한될 수 있으며, 시설 이용 제한 사항은 업체 규정에 따릅니다.
◆ 이용 업체에 대한 전반적인 이용 정보(운영 사항, 유의 사항, 안전 점검, 편의 시설 등)는 꼭 방문 전 아래 홈페이지를 클릭하셔서 확인하시길 바랍니다.
★ 홈페이지 : (클릭☞ 홈페이지 바로가기)","▷ 취소 및 환불 요청은 주중에 유선으로만 가능합니다.(취소 및 환불 요청 고객센터 ☎ 02-536-0836)
→ 고객센터 운영시간 : 평일 10:00~16:00 운영 / 점심시간 12:00~13:00
▷ 취소 및 환불 규정은 `전자상거래등에서의 소비자보호에 관한 현행 법률`에 의거하여 작성되었습니다.
▷ 취소 및 환불은 수령하신 날로부터 7일 이내에만 가능합니다.
▷ 해당 상품은 임직원 대상 특별 할인 가격으로 판매하는 프로모션 상품입니다.
▷ 해당 상품은 이용권에 별도 표기 된 유효(이용) 기간 내 꼭 이용하셔야 합니다.
▷ 유효(이용) 기간 경과 시 별도 연장이나 취소가 안 되는 `자동 폐기 상품`입니다.(★유효 기간 연장 불가 상품!!)
▷ 부분적인 결제 취소나 부분적인 이용이 불가능한 상품입니다.(예시 : 5명일 경우 4장+1장 결제 or 2장+3장 결제)
▷ 고객 귀책 사유로 발생하는 취소 및 환불 금액에 대한 발송 및 이체 수수료는 고객이 부담하셔야 합니다.
→ 모바일 티켓 : 발송 및 취소 수수료 장당 1,000원 발생(예시 : 1,000원 X 5장 발송 = 5,000원)
→ 종이 티켓 : 폐문, 부재중, 주소 오류 등 고객 귀책 사유로 발송된 등기 반송 시 반송 비용은 고객이 부담하셔야 합니다.(반송 비용 7,500원)
→ 공통 : 환불 금액 입금 계좌가 하나은행이 아닌 타 은행인 경우 이체 수수료 500원이 발생합니다.",2026-09-30T04:31:37
329812,테마파크,테마파크,인천,인천공룡월드,아이와 함께 가볼만한 곳으로 입소문이 자자한 인천대형키즈카페!,22000,18000,18,주중종일권 인천공룡월드(~12/31),2,"[{""option"": ""주중종일권 인천공룡월드(~12/31)"", ""detail_div"": ""대소공통"", ""week_div"": ""주중"", ""list_price"": 22000, ""sale_price"": 18000, ""discount_pct"": 18, ""start_date"": ""0"", ""end_date"": ""2026-12-31""}, {""option"": ""주말/공휴일 종일권 인천공룡월드(~12/31)"", ""detail_div"": ""대소공통"", ""week_div"": ""주말"", ""list_price"": 25000, ""sale_price"": 20700, ""discount_pct"": 17, ""start_date"": ""0"", ""end_date"": ""2026-12-31""}]",구매일,2026-12-31,,모바일티켓;바로 사용가능,즉시발송,엘에스컴퍼니,알림톡,매표소 교환 / 바로 입장 | 모바일 이용권 현장 매표소 제시 후 이용 가능(재발송 가능 상품),20,"기한: 수령 후 7일 이내 | 수수료: 발송·취소 장당 1,000원 | 불가: 부분취소, 기간경과 | 접수: 유선(주중)",인천 공룡월드,인천 연수구 첨단대로 104 연구동 3층,032-811-2200,https://www.instagram.com/incheon_dinoworld/,모바일티켓,바로 사용가능,사용안함,[유효 ~ 26/12/31],상세 없음(JSON만 사용),"[필독!! 발송정보]
◇ 바로 발송 가능 상품 : `결제(입금) 완료` 건에 한해서 모바일 이용권이 20분이내 휴대폰 번호로 발송(미수신 시 휴대폰 차단 기능 확인!!)
◇ 수신 후 바로 사용 가능 : 모바일 이용권 수신 후 바로 사용 가능, 결제 내역으로는 이용 불가합니다.
※ 카카오톡발송채널 : 엘에스컴퍼니
[필독!! 이용정보]
- 공휴일은 주말 요금으로 적용됩니다.
※ 당일구매/당일사용 가능 (방문 1시간 전 구매 필수)
-매주 화요일은 현장 발권만 가능합니다.
◆ 유효 기간 : ~2026-12-31 까지
◆ 이용 업체 : 인천공룡월드
◆ 운영 일정 : 이용업체 홈페이지 참조 필수
◆ 구매 수량 : 1인당 10매까지 구입 가능
◆ 이용 방법 : 모바일 이용권 현장 매표소 제시 후 이용 가능(재발송 가능 상품)
◆ 권종 구분 : 대인/소인 구분없이 1인 1매 (12개월 미만 아기는 보호자 신분증 및 확인서류 지참시에만 무료 이용 가능!!)
★ 구매 전 옵션 별 상품정보를 확인하세요!(주중 또는 주말)
◆ 추가 할인 : 해당 상품은 할인 가격으로 판매되는 상품으로 추가 할인을 받으실 수 없습니다.
◆ 안내 사항 : 주말 및 성수기 기간 인원 초과 시 입장이 제한될 수 있으며, 시설 이용 제한 사항은 업체 규정에 따릅니다.
◆ 이용 업체에 대한 전반적인 이용 정보(운영 사항, 유의 사항, 안전 점검, 편의 시설 등)는 꼭 방문 전 아래 홈페이지를 클릭하셔서 확인하시길 바랍니다.
★ 홈페이지 : (클릭☞ 홈페이지 바로가기)","▷ 취소 및 환불 요청은 주중에 유선으로만 가능합니다.(취소 및 환불 요청 고객센터 ☎ 02-536-0836)
→ 고객센터 운영시간 : 평일 10:00~16:00 운영 / 점심시간 12:00~13:00
▷ 취소 및 환불 규정은 `전자상거래등에서의 소비자보호에 관한 현행 법률`에 의거하여 작성되었습니다.
▷ 취소 및 환불은 수령하신 날로부터 7일 이내에만 가능합니다.
▷ 해당 상품은 임직원 대상 특별 할인 가격으로 판매하는 프로모션 상품입니다.
▷ 해당 상품은 이용권에 별도 표기 된 유효(이용) 기간 내 꼭 이용하셔야 합니다.
▷ 유효(이용) 기간 경과 시 별도 연장이나 취소가 안 되는 `자동 폐기 상품`입니다.(★유효 기간 연장 불가 상품!!)
▷ 부분적인 결제 취소나 부분적인 이용이 불가능한 상품입니다.(예시 : 5명일 경우 4장+1장 결제 or 2장+3장 결제)
▷ 고객 귀책 사유로 발생하는 취소 및 환불 금액에 대한 발송 및 이체 수수료는 고객이 부담하셔야 합니다.
→ 모바일 티켓 : 발송 및 취소 수수료 장당 1,000원 발생(예시 : 1,000원 X 5장 발송 = 5,000원)
→ 종이 티켓 : 폐문, 부재중, 주소 오류 등 고객 귀책 사유로 발송된 등기 반송 시 반송 비용은 고객이 부담하셔야 합니다.(반송 비용 7,500원)
→ 공통 : 환불 금액 입금 계좌가 하나은행이 아닌 타 은행인 경우 이체 수수료 500원이 발생합니다.",2026-09-30T04:31:37
327662,테마파크,테마파크,천안,천안 공룡월드&키즈카페,천안 아이와 함께 가볼만한곳!,23000,17900,22,주중 종일권 천안공룡월드(~10/31),2,"[{""option"": ""주중 종일권 천안공룡월드(~10/31)"", ""detail_div"": ""대소공통"", ""week_div"": ""주중"", ""list_price"": 23000, ""sale_price"": 17900, ""discount_pct"": 22, ""start_date"": ""0"", ""end_date"": ""2026-10-31""}, {""option"": ""주말 종일권 천안공룡월드(~10/31)"", ""detail_div"": ""대소공통"", ""week_div"": ""주말"", ""list_price"": 25000, ""sale_price"": 19900, ""discount_pct"": 20, ""start_date"": ""0"", ""end_date"": ""2026-10-31""}]",구매일,2026-10-31,,모바일티켓;바로 사용가능,즉시발송,엘에스컴퍼니,알림톡,매표소 교환 / 바로 입장 | 모바일 이용권 현장 매표소 제시 후 이용 가능(재발송 가능 상품),20,"기한: 수령 후 7일 이내 | 수수료: 발송·취소 장당 1,000원 | 불가: 부분취소, 기간경과 | 접수: 유선(주중)",천안 공룡월드,충남 천안시 동남구 청수11로 35 9층,041-522-7890,,모바일티켓,바로 사용가능,사용안함,[유효 ~ 26/10/31],상세 없음(JSON만 사용),"[필독!! 발송정보]
◇ 바로 발송 가능 상품 : `결제(입금) 완료` 건에 한해서 모바일 이용권이 20분이내 휴대폰 번호로 발송(미수신 시 휴대폰 차단 기능 확인!!)
◇ 수신 후 바로 사용 가능 : 모바일 이용권 수신 후 바로 사용 가능, 결제 내역으로는 이용 불가합니다.
※ 카카오톡발송채널 : 엘에스컴퍼니
[필독!! 이용정보]
- 공휴일은 주말 요금으로 적용됩니다.
※ 당일구매/당일사용 가능 (방문 1시간 전 구매 필수)
◆ 유효 기간 : ~26/10/31 까지
◆ 이용 업체 : 천안공룡월드
◆ 운영 일정 : 이용업체 홈페이지 참조 필수
◆ 구매 수량 : 1인당 10매까지 구입 가능
◆ 이용 방법 : 모바일 이용권 현장 매표소 제시 후 이용 가능(재발송 가능 상품)
◆ 권종 구분 : 대인/소인 구분없이 1인 1매
◆ 추가 할인 : 해당 상품은 할인 가격으로 판매되는 상품으로 추가 할인을 받으실 수 없습니다.
◆ 안내 사항 : 주말 및 성수기 기간 인원 초과 시 입장이 제한될 수 있으며, 시설 이용 제한 사항은 업체 규정에 따릅니다.
◆ 이용 업체에 대한 전반적인 이용 정보(운영 사항, 유의 사항, 안전 점검, 편의 시설 등)는 꼭 방문 전 홈페이지를 확인하시길 바랍니다.","▷ 취소 및 환불 요청은 주중에 유선으로만 가능합니다.(취소 및 환불 요청 고객센터 ☎ 02-536-0836)
→ 고객센터 운영시간 : 평일 10:00~16:00 운영 / 점심시간 12:00~13:00
▷ 취소 및 환불 규정은 `전자상거래등에서의 소비자보호에 관한 현행 법률`에 의거하여 작성되었습니다.
▷ 취소 및 환불은 수령하신 날로부터 7일 이내에만 가능합니다.
▷ 해당 상품은 임직원 대상 특별 할인 가격으로 판매하는 프로모션 상품입니다.
▷ 해당 상품은 이용권에 별도 표기 된 유효(이용) 기간 내 꼭 이용하셔야 합니다.
▷ 유효(이용) 기간 경과 시 별도 연장이나 취소가 안 되는 `자동 폐기 상품`입니다.(★유효 기간 연장 불가 상품!!)
▷ 부분적인 결제 취소나 부분적인 이용이 불가능한 상품입니다.(예시 : 5명일 경우 4장+1장 결제 or 2장+3장 결제)
▷ 고객 귀책 사유로 발생하는 취소 및 환불 금액에 대한 발송 및 이체 수수료는 고객이 부담하셔야 합니다.
→ 모바일 티켓 : 발송 및 취소 수수료 장당 1,000원 발생(예시 : 1,000원 X 5장 발송 = 5,000원)
→ 종이 티켓 : 폐문, 부재중, 주소 오류 등 고객 귀책 사유로 발송된 등기 반송 시 반송 비용은 고객이 부담하셔야 합니다.(반송 비용 7,500원)
→ 공통 : 환불 금액 입금 계좌가 하나은행이 아닌 타 은행인 경우 이체 수수료 500원이 발생합니다.",2026-09-30T04:31:37
329623,테마파크,테마파크,전국,히어로 플레이파크,"국내 최초 가족형 실내 놀이공원,미국식 초대형 테마파크!",30000,21600,28,대구점 반일 소인권 히어로플레이파크(5시간)(~10/31),20,"[{""option"": ""대구점 반일 소인권 히어로플레이파크(5시간)(~10/31)"", ""detail_div"": ""소인"", ""week_div"": ""주중+주말"", ""list_price"": 30000, ""sale_price"": 21600, ""discount_pct"": 28, ""start_date"": ""0"", ""end_date"": ""2026-10-31""}, {""option"": ""대구점 보호자 입장권 히어로플레이파크(~10/31)"", ""detail_div"": ""대인"", ""week_div"": ""주중+주말"", ""list_price"": 10000, ""sale_price"": 6300, ""discount_pct"": 37, ""start_date"": ""0"", ""end_date"": ""2026-10-31""}, {""option"": ""부산정관점 반일 소인권 히어로플레이파크(5시간)(~10/31)"", ""detail_div"": ""소인"", ""week_div"": ""주중+주말"", ""list_price"": 30000, ""sale_price"": 21600, ""discount_pct"": 28, ""start_date"": ""0"", ""end_date"": ""2026-10-31""}, {""option"": ""부산정관점 보호자 입장권 히어로플레이파크(~10/31)"", ""detail_div"": ""대인"", ""week_div"": ""주중+주말"", ""list_price"": 10000, ""sale_price"": 6300, ""discount_pct"": 37, ""start_date"": ""0"", ""end_date"": ""2026-10-31""}, {""option"": ""김해점 반일 소인권 히어로플레이파크(5시간)(~10/31)"", ""detail_div"": ""소인"", ""week_div"": ""주중+주말"", ""list_price"": 30000, ""sale_price"": 21600, ""discount_pct"": 28, ""start_date"": ""0"", ""end_date"": ""2026-10-31""}, {""option"": ""김해점 보호자 입장권 히어로플레이파크(~10/31)"", ""detail_div"": ""대인"", ""week_div"": ""주중+주말"", ""list_price"": 10000, ""sale_price"": 6300, ""discount_pct"": 37, ""start_date"": ""0"", ""end_date"": ""2026-10-31""}, {""option"": ""의정부점 반일 소인권 히어로플레이파크(5시간)(~10/31)"", ""detail_div"": ""소인"", ""week_div"": ""주중+주말"", ""list_price"": 30000, ""sale_price"": 13900, ""discount_pct"": 54, ""start_date"": ""0"", ""end_date"": ""2026-10-31""}, {""option"": ""의정부점 보호자 입장권 히어로플레이파크(5시간)(~10/31)"", ""detail_div"": ""대인"", ""week_div"": ""주중+주말"", ""list_price"": 30000, ""sale_price"": 6300, ""discount_pct"": 79, ""start_date"": ""0"", ""end_date"": ""2026-10-31""}, {""option"": ""창원마산점 반일 소인권 히어로플레이파크(5시간)(~10/31)"", ""detail_div"": ""소인"", ""week_div"": ""주중+주말"", ""list_price"": 30000, ""sale_price"": 21600, ""discount_pct"": 28, ""start_date"": ""0"", ""end_date"": ""2026-10-31""}, {""option"": ""창원마산점 보호자 입장권 히어로플레이파크(~10/31)"", ""detail_div"": ""대인"", ""week_div"": ""주중+주말"", ""list_price"": 10000, ""sale_price"": 8900, ""discount_pct"": 11, ""start_date"": ""0"", ""end_date"": ""2026-10-31""}, {""option"": ""경주점 반일 소인권 히어로플레이파크(5시간)(~10/31)"", ""detail_div"": ""소인"", ""week_div"": ""주중+주말"", ""list_price"": 30000, ""sale_price"": 21600, ""discount_pct"": 28, ""start_date"": ""0"", ""end_date"": ""2026-10-31""}, {""option"": ""경주점 보호자 입장권 히어로플레이파크(5시간)(~10/31)"", ""detail_div"": ""대인"", ""week_div"": ""주중+주말"", ""list_price"": 30000, ""sale_price"": 8900, ""discount_pct"": 70, ""start_date"": ""0"", ""end_date"": ""2026-10-31""}, {""option"": ""제주점 반일 소인권 히어로플레이파크(5시간)(~10/31)"", ""detail_div"": ""소인"", ""week_div"": ""주중+주말"", ""list_price"": 30000, ""sale_price"": 21600, ""discount_pct"": 28, ""start_date"": ""0"", ""end_date"": ""2026-10-31""}, {""option"": ""제주점 보호자 입장권 히어로플레이파크(~10/31)"", ""detail_div"": ""대인"", ""week_div"": ""주중+주말"", ""list_price"": 10000, ""sale_price"": 8900, ""discount_pct"": 11, ""start_date"": ""0"", ""end_date"": ""2026-10-31""}, {""option"": ""대구침산점 반일 소인권 히어로플레이파크(5시간)(~10/31)"", ""detail_div"": ""소인"", ""week_div"": ""주중+주말"", ""list_price"": 30000, ""sale_price"": 21600, ""discount_pct"": 28, ""start_date"": ""0"", ""end_date"": ""2026-10-31""}, {""option"": ""대구침산점 보호자 입장권 히어로플레이파크(~10/31)"", ""detail_div"": ""대인"", ""week_div"": ""주중+주말"", ""list_price"": 10000, ""sale_price"": 8900, ""discount_pct"": 11, ""start_date"": ""0"", ""end_date"": ""2026-10-31""}, {""option"": ""광주점 반일 소인권 히어로플레이파크(5시간)(~10/31)"", ""detail_div"": ""소인"", ""week_div"": ""주중+주말"", ""list_price"": 30000, ""sale_price"": 21600, ""discount_pct"": 28, ""start_date"": ""0"", ""end_date"": ""2026-10-31""}, {""option"": ""광주점 보호자 입장권 히어로플레이파크(~10/31)"", ""detail_div"": ""대인"", ""week_div"": ""주중+주말"", ""list_price"": 10000, ""sale_price"": 6300, ""discount_pct"": 37, ""start_date"": ""0"", ""end_date"": ""2026-10-31""}, {""option"": ""진주점 반일 소인권 히어로플레이파크(5시간)(~10/31)"", ""detail_div"": ""소인"", ""week_div"": ""주중+주말"", ""list_price"": 30000, ""sale_price"": 21600, ""discount_pct"": 28, ""start_date"": ""0"", ""end_date"": ""2026-10-31""}, {""option"": ""진주점 보호자 입장권 히어로플레이파크(~10/31)"", ""detail_div"": ""대인"", ""week_div"": ""주중+주말"", ""list_price"": 10000, ""sale_price"": 8900, ""discount_pct"": 11, ""start_date"": ""0"", ""end_date"": ""2026-10-31""}]",구매일,2026-10-31,,모바일티켓;바로 사용가능,즉시발송,엘에스컴퍼니,알림톡,매표소 교환 / 바로 입장 | 모바일 이용권 현장 매표소 제시 후 이용 가능(재발송 가능 상품),10,"기한: 수령 후 7일 이내 | 수수료: 발송·취소 장당 1,000원 | 불가: 부분취소, 기간경과 | 접수: 유선",히어로 플레이파크,지점별 상이,지점별 상이,http://www.herokidspark.co.kr/#main/,모바일티켓,바로 사용가능,사용안함,[유효 ~ 26/10/31],상세 없음(JSON만 사용),"[필독!! 발송정보]
◇ 바로 발송 가능 상품 : `결제(입금) 완료` 건에 한해서 모바일 이용권이 20분이내 휴대폰 번호로 발송(미수신 시 휴대폰 차단 기능 확인!!)
◇ 수신 후 바로 사용 가능 : 모바일 이용권 수신 후 바로 사용 가능, 결제 내역으로는 이용 불가합니다.
※ 카카오톡발송채널 : 엘에스컴퍼니
[필독!! 이용정보]
- 구매 후 2시간 후부터 이용 가능합니다.
- 지점 별 권종 상이하기 때문에 꼭 확인 후 구매 부탁드립니다.
◆ 유효 기간 : ~26/10/31 까지
◆ 이용 업체 : 히어로 플레이파크
◆ 운영 일정 : 이용업체 홈페이지 참조 필수
◆ 구매 수량 : 1인당 10매까지 구입 가능
◆ 이용 방법 : 모바일 이용권 현장 매표소 제시 후 이용 가능(재발송 가능 상품)
◆ 권종 구분 : 주중/주말·공휴일 구분없이 1인 1매 (36개월 미만 아기는 보호자 신분증 및 확인서류 지참시에만 무료 이용 가능!!)
◆ 추가 할인 : 해당 상품은 할인 가격으로 판매되는 상품으로 추가 할인을 받으실 수 없습니다.
◆ 안내 사항 : 주말 및 성수기 기간 인원 초과 시 입장이 제한될 수 있으며, 시설 이용 제한 사항은 업체 규정에 따릅니다.
◆ 이용 업체에 대한 전반적인 이용 정보(운영 사항, 유의 사항, 안전 점검, 편의 시설 등)는 꼭 방문 전 아래 홈페이지를 클릭하셔서 확인하시길 바랍니다.
★ 홈페이지 : (클릭☞ 홈페이지 바로가기)
☎고객센터 연락처 : 02-536-0836
운영시간 [주중 및 주말 동일]
● 오전 10시 ~ 오후 4시
● 점심시간 : 12:00 ~13:00
※ 취소 및 환불문의
▷ 취소 및 환불 요청은 주중에 유선으로만 가능합니다.(취소 및 환불 요청 고객센터 ☎ 02-536-0836)
→ 토요일 및 일요일 그리고 공휴일은 제외","▷ 취소 및 환불 요청은 유선으로만 가능합니다.→ 토요일 및 일요일 그리고 공휴일은 제외(취소 및 환불 요청 고객센터 ☎ 02-536-0836)
→ 고객센터 운영시간 : 평일 10:00~16:00 운영 / 점심시간 12:00~13:00
▷ 취소 및 환불 규정은 `전자상거래등에서의 소비자보호에 관한 현행 법률`에 의거하여 작성되었습니다.
▷ 취소 및 환불은 수령하신 날로부터 7일 이내에만 가능합니다.
▷ 해당 상품은 임직원 대상 특별 할인 가격으로 판매하는 프로모션 상품입니다.
▷ 해당 상품은 이용권에 별도 표기 된 유효(이용) 기간 내 꼭 이용하셔야 합니다.
▷ 유효(이용) 기간 경과 시 별도 연장이나 취소가 안 되는 `자동 폐기 상품`입니다.(★유효 기간 연장 불가 상품!!)
▷ 부분적인 결제 취소나 부분적인 이용이 불가능한 상품입니다.(예시 : 5명일 경우 4장+1장 결제 or 2장+3장 결제)
▷ 고객 귀책 사유로 발생하는 취소 및 환불 금액에 대한 발송 및 이체 수수료는 고객이 부담하셔야 합니다.
→ 모바일 티켓 : 발송 및 취소 수수료 장당 1,000원 발생(예시 : 1,000원 X 5장 발송 = 5,000원)
→ 종이 티켓 : 폐문, 부재중, 주소 오류 등 고객 귀책 사유로 발송된 등기 반송 시 반송 비용은 고객이 부담하셔야 합니다.(반송 비용 7,500원)
→ 공통 : 환불 금액 입금 계좌가 하나은행이 아닌 타 은행인 경우 이체 수수료 500원이 발생합니다.",2026-09-30T04:31:37
329560,테마파크,테마파크,여수,녹테마레 위드미디어,여수 가볼 만한 곳 중 색다른 실내 여행지를 찾고 있다면?,20000,13900,31,성인 이용권 녹테마레(~10/31),3,"[{""option"": ""성인 이용권 녹테마레(~10/31)"", ""detail_div"": ""대인"", ""week_div"": ""주중+주말"", ""list_price"": 20000, ""sale_price"": 13900, ""discount_pct"": 31, ""start_date"": ""0"", ""end_date"": ""2026-10-31""}, {""option"": ""청소년 이용권 녹테마레(~10/31)"", ""detail_div"": ""청소년"", ""week_div"": ""주중+주말"", ""list_price"": 17000, ""sale_price"": 11900, ""discount_pct"": 30, ""start_date"": ""0"", ""end_date"": ""2026-10-31""}, {""option"": ""소인 이용권 녹테마레(~10/31)"", ""detail_div"": ""소인"", ""week_div"": ""주중+주말"", ""list_price"": 15000, ""sale_price"": 10500, ""discount_pct"": 30, ""start_date"": ""0"", ""end_date"": ""2026-10-31""}]",구매일,2026-10-31,,모바일티켓;바로 사용가능,즉시발송,엘에스컴퍼니,알림톡,매표소 교환 / 바로 입장 | 모바일 이용권 현장 매표소 제시 후 이용 가능(재발송 가능 상품),20,"기한: 수령 후 7일 이내 | 수수료: 발송·취소 장당 1,000원 | 불가: 부분취소, 기간경과 | 접수: 유선",녹테마레 위드미디어,전남 여수시 만성로 294 녹테마레,0507-1407-7104,https://noctemare.com/,모바일티켓,바로 사용가능,사용안함,[유효 ~ 26/10/31],상세 없음(JSON만 사용),"[필독!! 발송정보]
◇ 바로 발송 가능 상품 : `결제(입금) 완료` 건에 한해서 모바일 이용권이 20분이내 휴대폰 번호로 발송(미수신 시 휴대폰 차단 기능 확인!!)
◇ 수신 후 바로 사용 가능 : 모바일 이용권 수신 후 바로 사용 가능, 결제 내역으로는 이용 불가합니다.
※ 카카오톡발송채널 : 엘에스컴퍼니
[필독!! 이용정보]
- 방문 1시간전 구매 필수
- 위드미디어 이용권입니다. 참고 후 구매 바랍니다.
◆ 유효 기간 : ~26/10/31 까지
◆ 이용 업체 : 녹테마레 위드미디어
◆ 운영 일정 : 이용업체 홈페이지 참조 필수
◆ 구매 수량 : 1인당 10매까지 구입 가능
◆ 이용 방법 : 모바일 이용권 현장 매표소 제시 후 이용 가능(재발송 가능 상품)
◆ 권종 구분 : 대인/소인/주중/주말·공휴일 구분없이 1인 1매 (36개월 미만 아기는 보호자 신분증 및 확인서류 지참시에만 무료 이용 가능!!)
◆ 추가 할인 : 해당 상품은 할인 가격으로 판매되는 상품으로 추가 할인을 받으실 수 없습니다.
◆ 안내 사항 : 주말 및 성수기 기간 인원 초과 시 입장이 제한될 수 있으며, 시설 이용 제한 사항은 업체 규정에 따릅니다.
◆ 이용 업체에 대한 전반적인 이용 정보(운영 사항, 유의 사항, 안전 점검, 편의 시설 등)는 꼭 방문 전 아래 홈페이지를 클릭하셔서 확인하시길 바랍니다.
★ 홈페이지 : (클릭☞ 홈페이지 바로가기)","▷ 취소 및 환불 요청은 유선으로만 가능합니다.(취소 및 환불 요청 고객센터 ☎ 02-536-0836)
→ 고객센터 운영시간 : 평일 09:30~18:00 운영 / 점심시간 12:00~13:00
▷ 취소 및 환불 규정은 `전자상거래등에서의 소비자보호에 관한 현행 법률`에 의거하여 작성되었습니다.
▷ 취소 및 환불은 수령하신 날로부터 7일 이내에만 가능합니다.
▷ 해당 상품은 임직원 대상 특별 할인 가격으로 판매하는 프로모션 상품입니다.
▷ 해당 상품은 이용권에 별도 표기 된 유효(이용) 기간 내 꼭 이용하셔야 합니다.
▷ 유효(이용) 기간 경과 시 별도 연장이나 취소가 안 되는 `자동 폐기 상품`입니다.(★유효 기간 연장 불가 상품!!)
▷ 부분적인 결제 취소나 부분적인 이용이 불가능한 상품입니다.(예시 : 5명일 경우 4장+1장 결제 or 2장+3장 결제)
▷ 고객 귀책 사유로 발생하는 취소 및 환불 금액에 대한 발송 및 이체 수수료는 고객이 부담하셔야 합니다.
→ 모바일 티켓 : 발송 및 취소 수수료 장당 1,000원 발생(예시 : 1,000원 X 5장 발송 = 5,000원)
→ 종이 티켓 : 폐문, 부재중, 주소 오류 등 고객 귀책 사유로 발송된 등기 반송 시 반송 비용은 고객이 부담하셔야 합니다.(반송 비용 7,500원)
→ 공통 : 환불 금액 입금 계좌가 하나은행이 아닌 타 은행인 경우 이체 수수료 500원이 발생합니다.",2026-09-30T04:31:37
327977,테마파크,테마파크,경주,라원 미디어아트 복합문화정원,"라원, 빛으로 피어나는 정원",10000,9000,10,소인(초등학생) 이용권 라원 미디어아트(~10/31),3,"[{""option"": ""소인(초등학생) 이용권 라원 미디어아트(~10/31)"", ""detail_div"": ""소인"", ""week_div"": ""주중+주말"", ""list_price"": 10000, ""sale_price"": 9000, ""discount_pct"": 10, ""start_date"": ""0"", ""end_date"": ""2026-10-31""}, {""option"": ""청소년 이용권 라원 미디어아트(~10/31)"", ""detail_div"": ""청소년"", ""week_div"": ""주중+주말"", ""list_price"": 13000, ""sale_price"": 11500, ""discount_pct"": 12, ""start_date"": ""0"", ""end_date"": ""2026-10-31""}, {""option"": ""대인 이용권 라원 미디어아트(~10/31)"", ""detail_div"": ""대인"", ""week_div"": ""주중+주말"", ""list_price"": 16000, ""sale_price"": 14000, ""discount_pct"": 13, ""start_date"": ""0"", ""end_date"": ""2026-10-31""}]",구매일,2026-10-31,,모바일티켓;바로 사용가능,즉시발송,엘에스컴퍼니,알림톡,매표소 교환 / 바로 입장 | 모바일 이용권 현장 매표소 제시 후 이용 가능(재발송 가능 상품),20,"기한: 수령 후 7일 이내 | 수수료: 발송·취소 장당 1,000원 | 불가: 부분취소, 기간경과 | 접수: 유선(주중)",라원 미디어아트 복합문화정원,경북 경주시 경감로 233,054-742-5505,https://www.gyeongju.go.kr/epg/,모바일티켓,바로 사용가능,사용안함,[유효 ~ 26/10/31],상세 없음(JSON만 사용),"[필독!! 발송정보]
◇ 바로 발송 가능 상품 : `결제(입금) 완료` 건에 한해서 모바일 이용권이 20분이내 휴대폰 번호로 발송(미수신 시 휴대폰 차단 기능 확인!!)
◇ 수신 후 바로 사용 가능 : 모바일 이용권 수신 후 바로 사용 가능, 결제 내역으로는 이용 불가합니다.
※ 카카오톡발송채널 : 엘에스컴퍼니
[필독!! 이용정보]
◆ 구매 전 상세이미지 내 안내사항을 꼭 확인해주세요.
◆ 유효 기간 : ~26/10/31(토) 까지
◆ 이용 업체 : 라원 미디어아트 복합문화정원
◆ 운영 일정 : 이용업체 홈페이지 참조 필수
◆ 구매 수량 : 1인당 10매까지 구입 가능
◆ 이용 방법 : 모바일 이용권 현장 매표소 제시 후 이용 가능(재발송 가능 상품)
◆ 권종 구분 : 주중/주말·공휴일 구분없이 1인 1매
◆ 추가 할인 : 해당 상품은 할인 가격으로 판매되는 상품으로 추가 할인을 받으실 수 없습니다.
◆ 이용 업체에 대한 전반적인 이용 정보(운영 사항, 유의 사항, 안전 점검, 편의 시설 등)는 꼭 방문 전 아래 홈페이지를 클릭하셔서 확인하시길 바랍니다.
★ 홈페이지 : (클릭☞ 홈페이지 바로가기)","▷ 취소 및 환불 요청은 주중에 유선으로만 가능합니다.(취소 및 환불 요청 고객센터 ☎ 02-536-0836)
→ 고객센터 운영시간 : 평일 10:00~16:00 운영 / 점심시간 12:00~13:00
▷ 취소 및 환불 규정은 `전자상거래등에서의 소비자보호에 관한 현행 법률`에 의거하여 작성되었습니다.
▷ 취소 및 환불은 수령하신 날로부터 7일 이내에만 가능합니다.
▷ 해당 상품은 임직원 대상 특별 할인 가격으로 판매하는 프로모션 상품입니다.
▷ 해당 상품은 이용권에 별도 표기 된 유효(이용) 기간 내 꼭 이용하셔야 합니다.
▷ 유효(이용) 기간 경과 시 별도 연장이나 취소가 안 되는 `자동 폐기 상품`입니다.(★유효 기간 연장 불가 상품!!)
▷ 부분적인 결제 취소나 부분적인 이용이 불가능한 상품입니다.(예시 : 5명일 경우 4장+1장 결제 or 2장+3장 결제)
▷ 고객 귀책 사유로 발생하는 취소 및 환불 금액에 대한 발송 및 이체 수수료는 고객이 부담하셔야 합니다.
→ 모바일 티켓 : 발송 및 취소 수수료 장당 1,000원 발생(예시 : 1,000원 X 5장 발송 = 5,000원)
→ 종이 티켓 : 폐문, 부재중, 주소 오류 등 고객 귀책 사유로 발송된 등기 반송 시 반송 비용은 고객이 부담하셔야 합니다.(반송 비용 7,500원)
→ 공통 : 환불 금액 입금 계좌가 하나은행이 아닌 타 은행인 경우 이체 수수료 500원이 발생합니다.",2026-09-30T04:31:37
308015,테마파크,테마파크,서울,N서울타워 전망대 입장권,서울의 중심에서 만나는 특별한 순간!,23000,18200,21,N서울타워 전망대 소인 입장권(~12/31),2,"[{""option"": ""N서울타워 전망대 소인 입장권(~12/31)"", ""detail_div"": ""소인"", ""week_div"": ""주중+주말"", ""list_price"": 23000, ""sale_price"": 18200, ""discount_pct"": 21, ""start_date"": ""2026-01-01"", ""end_date"": ""2026-12-31""}, {""option"": ""N서울타워 전망대 대인 입장권(~12/31)"", ""detail_div"": ""대인"", ""week_div"": ""주중+주말"", ""list_price"": 29000, ""sale_price"": 20500, ""discount_pct"": 29, ""start_date"": ""2026-01-01"", ""end_date"": ""2026-12-31""}]",2026-01-01,2026-12-31,,모바일티켓;수령 후 사용 가능,수령후사용,,LMS 문자/순차 발송,매표소 교환 / 바로 입장 | 모바일 이용권 현장 매표소 제시 및 발권 후 이용 가능(재발송 가능 상품),100,"기한: 수령 후 7일 이내 | 수수료: 발송·취소 장당 1,000원 | 불가: 부분취소, 기간경과 | 접수: 유선",N서울타워,서울 용산구 남산공원길 105(용산동2가),"02-3455-9277, 9288",https://www.nseoultower.co.kr:8501/index.asp,모바일티켓,수령 후 사용 가능,사용안함,[유효 ~ 26/12/31],상세 없음(JSON만 사용),"[필독!! 발송정보]
※ 상품구성 : N서울타워 전망대 입장권[ 케이블카 포함되지 않은 상품 ]
◇ 순차 발송 상품 : 매일 23:30까지 결제(가상계좌 입금) 완료 건에 한해서 결제 확인 후부터 익일 09:30까지 모바일 이용권이 결제완료순으로 발송됩니다.(미수신 시 휴대폰 차단 기능 확인!!)
◇ 수신 후 바로 사용 가능 : 모바일 이용권 수신 후 바로 사용 가능, 결제 내역으로는 이용 불가합니다.
※ 문자발송번호 : 02-2055-0455
※ 주문량에 따라 발송 소요시간이 달라질 수 있습니다.
[필독!! 이용정보]
▶ 주문건 발송시간안내 [주중 및 주말 동일]
※ 바로사용가능 外 티켓은 하단내용 참고
● 오전 10시부터 ~ 오후 4시이전 주문건 1시간내로 발송
● 오후 4시이후부터 ~ 다음날 오전 10시이전 주문건은 오전 10시이후부터 1시간내로 발송
→ 고객센터 운영시간[주중 및 주말 동일] : 오전 10시 ~ 오후 4시 / 점심시간 12:00~13:00
→ 고객센터 연락처 : 02-536-0836
◆ 유효 기간 : ~ 2026년 12월 31일 (목)
◆ 이용 업체 : N서울타워 전망대
◆ 운영 일정 : 이용업체 홈페이지 참조 필수
◆ 이용 방법 : 모바일 이용권 현장 매표소 제시 및 발권 후 이용 가능(재발송 가능 상품)
◆ 권종 구분 : 주중/주말ㆍ공휴일 구분없이 1인 1매 (36개월 미만 아기는 보호자 신분증 및 확인서류 지참시에만 무료 이용 가능!!)
★ 구매 전 옵션 별 상품정보를 확인하세요!(대인 또는 소인)
※ 대인 : 중학생 이상 / 소인 : 36개월 ~ 초등학생 또는 만 65세 이상
→ 소인권 이용 시 연령확인을 요청할 수 있습니다. 방문 시 신분증, 등본 등 증빙을 지참해주세요!
◆ 추가 할인 : 해당 상품은 할인 가격으로 판매되는 상품으로 추가 할인을 받으실 수 없습니다.
◆ 안내 사항 : 주말 및 성수기 기간 인원 초과 시 입장이 제한될 수 있으며, 시설 이용 제한 사항은 업체 규정에 따릅니다.
◆ 이용 업체에 대한 전반적인 이용 정보(운영 사항, 유의 사항, 안전 점검, 편의 시설 등)는 꼭 방문 전 아래 홈페이지를 클릭하셔서 확인하시길 바랍니다.
★ 홈페이지 : (클릭☞ 홈페이지 바로가기)","▷ 취소 및 환불 요청은 유선으로만 가능합니다.(취소 및 환불 요청 고객센터 ☎ 02-536-0836)
→ 고객센터 운영시간[주중 및 주말 동일] : 오전 10시 ~ 오후 4시 / 점심시간 12:00~13:00
→ 고객센터 연락처 : 02-536-0836
▷ 취소 및 환불 규정은 `전자상거래등에서의 소비자보호에 관한 현행 법률`에 의거하여 작성되었습니다.
▷ 취소 및 환불은 수령하신 날로부터 7일 이내에만 가능합니다.
▷ 해당 상품은 임직원 대상 특별 할인 가격으로 판매하는 프로모션 상품입니다.
▷ 해당 상품은 이용권에 별도 표기 된 유효(이용) 기간 내 꼭 이용하셔야 합니다.
▷ 유효(이용) 기간 경과 시 별도 연장이나 취소가 안 되는 `자동 폐기 상품`입니다. (★유효 기간 연장 불가 상품!!)
▷ 부분적인 결제 취소나 부분적인 이용이 불가능한 상품입니다.(예시 : 5명일 경우 4장+1장 결제 or 2장+3장 결제)
▷ 고객 귀책 사유로 발생하는 취소 및 환불 금액에 대한 발송 및 이체 수수료는 고객이 부담하셔야 합니다.
→ 모바일 티켓 : 발송 및 취소 수수료 장당 1,000원 발생(예시 : 1,000원 X 5장 발송 = 5,000원)
→ 종이 티켓 : 폐문, 부재중, 주소 오류 등 고객 귀책 사유로 발송된 등기 반송 시 반송 비용은 고객이 부담하셔야 합니다. (반송 비용 6,000원)
→ 공통 : 환불 금액 입금 계좌가 하나은행이 아닌 타 은행인 경우 이체 수수료 500원이 발생합니다.",2026-09-30T04:31:37
317444,테마파크,테마파크,경주,또봇정크아트+엑스포공원,거대한 또봇을 눈앞에서 만날수 있는 전시몰,20000,10900,46,또봇정크아트+엑스포공원 이용권(~12/31),1,"[{""option"": ""또봇정크아트+엑스포공원 이용권(~12/31)"", ""detail_div"": ""대소공통"", ""week_div"": ""주중+주말"", ""list_price"": 20000, ""sale_price"": 10900, ""discount_pct"": 46, ""start_date"": ""2026-05-08"", ""end_date"": ""2026-12-31""}]",2026-05-08,2026-12-31,,모바일티켓;바로 사용가능,즉시발송,엘에스컴퍼니,알림톡,매표소 교환 / 바로 입장 | 모바일 이용권 현장 매표소 제시 후 이용 가능(재발송 가능 상품),20,"기한: 수령 후 7일 이내 | 수수료: 발송·취소 장당 1,000원 | 불가: 부분취소, 기간경과 | 접수: 유선(주중)",또봇 정크아트뮤지엄,경북 경주시 경감로 614,054-741-5300,,모바일티켓,바로 사용가능,사용안함,[유효 ~ 26/12/31],상세 없음(JSON만 사용),"[필독!! 발송정보]
◇ 바로 발송 가능 상품 : `결제(입금) 완료` 건에 한해서 모바일 이용권이 20분이내 휴대폰 번호로 발송(미수신 시 휴대폰 차단 기능 확인!!)
◇ 수신 후 바로 사용 가능 : 모바일 이용권 수신 후 바로 사용 가능, 결제 내역으로는 이용 불가합니다.
※ 카카오톡발송채널 : 엘에스컴퍼니
[필독!! 이용정보]
※ 당일 구매/사용 가능(방문 1시간 전 구매 필수)
※ 해당 상품은 바코드 발급이 아니며,
시설사에서 성함 및 연락처 조회 후 입장하는 상품임을 안내드립니다.
◆ 유효 기간 : ~ 2026년 12월 31일(목) 까지
◆ 이용 업체 : 또봇정크아트+엑스포공원
◆ 운영 일정 : 이용업체 홈페이지 참조 필수
◆ 구매 수량 : 1인당 10매까지 구입 가능
◆ 이용 방법 : 모바일 이용권 현장 매표소 제시 후 이용 가능(재발송 가능 상품)
◆ 권종 구분 : 주중/주말, 대인/소인 구분없이 1인 1매
◆ 추가 할인 : 해당 상품은 할인 가격으로 판매되는 상품으로 추가 할인을 받으실 수 없습니다.
◆ 이용 업체에 대한 전반적인 이용 정보(운영 사항, 유의 사항, 안전 점검, 편의 시설 등)는 꼭 방문 전 홈페이지를 확인하시길 바랍니다.","▷ 취소 및 환불 요청은 주중에 유선으로만 가능합니다.(취소 및 환불 요청 고객센터 ☎ 02-536-0836)
→ 고객센터 운영시간 : 평일 10:00~16:00 운영 / 점심시간 12:00~13:00
▷ 취소 및 환불 규정은 `전자상거래등에서의 소비자보호에 관한 현행 법률`에 의거하여 작성되었습니다.
▷ 취소 및 환불은 수령하신 날로부터 7일 이내에만 가능합니다.
▷ 해당 상품은 임직원 대상 특별 할인 가격으로 판매하는 프로모션 상품입니다.
▷ 해당 상품은 이용권에 별도 표기 된 유효(이용) 기간 내 꼭 이용하셔야 합니다.
▷ 유효(이용) 기간 경과 시 별도 연장이나 취소가 안 되는 `자동 폐기 상품`입니다.(★유효 기간 연장 불가 상품!!)
▷ 부분적인 결제 취소나 부분적인 이용이 불가능한 상품입니다.(예시 : 5명일 경우 4장+1장 결제 or 2장+3장 결제)
▷ 고객 귀책 사유로 발생하는 취소 및 환불 금액에 대한 발송 및 이체 수수료는 고객이 부담하셔야 합니다.
→ 모바일 티켓 : 발송 및 취소 수수료 장당 1,000원 발생(예시 : 1,000원 X 5장 발송 = 5,000원)
→ 종이 티켓 : 폐문, 부재중, 주소 오류 등 고객 귀책 사유로 발송된 등기 반송 시 반송 비용은 고객이 부담하셔야 합니다.(반송 비용 7,500원)
→ 공통 : 환불 금액 입금 계좌가 하나은행이 아닌 타 은행인 경우 이체 수수료 500원이 발생합니다.",2026-09-30T04:31:37
327599,테마파크,테마파크,경북,청도 군파크 루지+스카이 리프트,일상에서 벗어난 짜릿한 모험 군파크 루지!,33000,23700,28,주중/주말 2회권 군파크 루지+스카이리프트(~10/31),2,"[{""option"": ""주중/주말 2회권 군파크 루지+스카이리프트(~10/31)"", ""detail_div"": ""대소공통"", ""week_div"": ""주중+주말"", ""list_price"": 33000, ""sale_price"": 23700, ""discount_pct"": 28, ""start_date"": ""2026-03-19"", ""end_date"": ""2026-10-31""}, {""option"": ""주중/주말 3회권 군파크 루지+스카이리프트(~10/31)"", ""detail_div"": ""대소공통"", ""week_div"": ""주중+주말"", ""list_price"": 40000, ""sale_price"": 29400, ""discount_pct"": 27, ""start_date"": ""2026-03-19"", ""end_date"": ""2026-10-31""}]",2026-03-19,2026-10-31,,모바일티켓;바로 사용가능,즉시발송,엘에스컴퍼니,알림톡,매표소 교환 / 바로 입장 | 모바일 이용권 현장 매표소 제시 후 이용 가능(재발송 가능 상품),20,"기한: 수령 후 7일 이내 | 수수료: 발송·취소 장당 1,000원 | 불가: 부분취소, 기간경과 | 접수: 유선(주중)",군파크루지 테마파크,경북 청도군 화양읍 남성현로 350-30 군파크루지 테마파크,0507-1436-8890,https://goonpark.com/,모바일티켓,바로 사용가능,사용안함,[유효 ~ 26/10/31],상세 없음(JSON만 사용),"[필독!! 발송정보]
◇ 바로 발송 가능 상품 : `결제(입금) 완료` 건에 한해서 모바일 이용권이 20분이내 휴대폰 번호로 발송(미수신 시 휴대폰 차단 기능 확인!!)
◇ 수신 후 바로 사용 가능 : 모바일 이용권 수신 후 바로 사용 가능, 결제 내역으로는 이용 불가합니다.
※ 카카오톡발송채널 : 엘에스컴퍼니
[필독!! 이용정보]
※ 당일 구매/사용 가능(방문 1시간 전 구매 필수)
※ 주중,주말 / 대인,소인 공통 이용권입니다.
◆ 유효 기간 : ~ 2026년 10월 31일 까지
◆ 이용 업체 : 군파크루지 테마파크
◆ 운영 일정 : 이용업체 홈페이지 참조 필수
※ 매주 수요일 휴장
◆ 구매 수량 : 1인당 10매까지 구입 가능
◆ 이용 방법 : 모바일 이용권 현장 매표소 제시 후 이용 가능(재발송 가능 상품)
◆ 권종 구분 : 주중/주말, 대인/소인 구분없이 1인 1매
◆ 추가 할인 : 해당 상품은 할인 가격으로 판매되는 상품으로 추가 할인을 받으실 수 없습니다.
◆ 이용 업체에 대한 전반적인 이용 정보(운영 사항, 유의 사항, 안전 점검, 편의 시설 등)는 꼭 방문 전 아래 홈페이지를 클릭하셔서 확인하시길 바랍니다.
★ 홈페이지 : (클릭☞ 홈페이지 바로가기)","▷ 취소 및 환불 요청은 주중에 유선으로만 가능합니다.(취소 및 환불 요청 고객센터 ☎ 02-536-0836)
→ 고객센터 운영시간 : 평일 09:30~18:00 운영 / 점심시간 12:00~13:00
▷ 취소 및 환불 규정은 `전자상거래등에서의 소비자보호에 관한 현행 법률`에 의거하여 작성되었습니다.
▷ 취소 및 환불은 수령하신 날로부터 7일 이내에만 가능합니다.
▷ 해당 상품은 임직원 대상 특별 할인 가격으로 판매하는 프로모션 상품입니다.
▷ 해당 상품은 이용권에 별도 표기 된 유효(이용) 기간 내 꼭 이용하셔야 합니다.
▷ 유효(이용) 기간 경과 시 별도 연장이나 취소가 안 되는 `자동 폐기 상품`입니다.(★유효 기간 연장 불가 상품!!)
▷ 부분적인 결제 취소나 부분적인 이용이 불가능한 상품입니다.(예시 : 5명일 경우 4장+1장 결제 or 2장+3장 결제)
▷ 고객 귀책 사유로 발생하는 취소 및 환불 금액에 대한 발송 및 이체 수수료는 고객이 부담하셔야 합니다.
→ 모바일 티켓 : 발송 및 취소 수수료 장당 1,000원 발생(예시 : 1,000원 X 5장 발송 = 5,000원)
→ 종이 티켓 : 폐문, 부재중, 주소 오류 등 고객 귀책 사유로 발송된 등기 반송 시 반송 비용은 고객이 부담하셔야 합니다.(반송 비용 7,500원)
→ 공통 : 환불 금액 입금 계좌가 하나은행이 아닌 타 은행인 경우 이체 수수료 500원이 발생합니다.",2026-09-30T04:31:37
234364,테마파크,테마파크,양평,양떼목장,사계절 아이들의 천국,6000,5250,13,양떼목장 이용권,1,"[{""option"": ""양떼목장 이용권"", ""detail_div"": ""대소공통"", ""week_div"": ""주중+주말"", ""list_price"": 6000, ""sale_price"": 5250, ""discount_pct"": 13, ""start_date"": ""0"", ""end_date"": ""30""}]",구매일,,30,모바일티켓;바로 사용가능,즉시발송,,LMS 문자,QR/바코드 제시 / 매표소 교환 / 바로 입장 | LMS 바코드 문자 이용권 현장 매표소 제시 후 이용 가능(재발송 가능 상품),100,"기한: 수령 후 7일 이내 | 수수료: 발송·취소 장당 1,000원 | 불가: 부분취소, 기간경과 | 접수: 유선",양평 양떼목장,격기 양평군 용문면 은고갯길 112,031-774-4512,https://ypsheepfarm.modoo.at/?link=3192wj2t,모바일티켓,바로 사용가능,사용안함,[유효 ~ 30일],상세 없음(JSON만 사용),"[필독!! 발송정보]
▷ 눈썰매장 무료이용 가능하며 폐장시까지 이용 가능!
◇ 바로 발송 가능 상품 : `결제(입금) 완료` 건에 한해서 LMS 바코드 이용권 문자가 20분이내 휴대폰 번호로 발송
(미수신 시 휴대폰 차단 기능 확인!!)
◇ 수신 후 바로 사용 가능 : 모바일 이용권 수신 후 바로 사용 가능, 결제 내역으로는 이용 불가합니다.
※ 문자발송번호 : 02-536-0836
[필독!! 이용정보]
◆ 유효 기간 : 구매 후 30일
◆ 이용 업체 : 양평 양떼목장(건초 먹이기-1봉지 무료제공+아기동물과 교감하기+목장산책+위험천만 놀이터)
◆ 운영 일정 : 이용업체 홈페이지 참조 필수
※ 매주 화요일 휴장
◆ 구매 수량 : 1인당 10매까지 구입 가능
◆ 이용 방법 : LMS 바코드 문자 이용권 현장 매표소 제시 후 이용 가능(재발송 가능 상품)
★ 매표소 방문 시 넥스트에너지에서 구매하셨다고 말씀해주세요!
◆ 권종 구분 : 대인/소인/주중/주말ㆍ공휴일 구분없이 1인 1매 (24개월 미만 아기는 보호자 신분증 및 확인서류 지참시에만 무료 이용 가능!!)
◆ 추가 할인 : 해당 상품은 할인 가격으로 판매되는 상품으로 추가 할인을 받으실 수 없습니다.
◆ 안내 사항 : 주말 및 성수기 기간 인원 초과 시 입장이 제한될 수 있으며, 시설 이용 제한 사항은 업체 규정에 따릅니다.
◆ 이용 업체에 대한 전반적인 이용 정보(운영 사항, 유의 사항, 안전 점검, 편의 시설 등)는 꼭 방문 전 아래 홈페이지를 클릭하셔서 확인하시길 바랍니다.
★ 홈페이지 : (클릭☞ 홈페이지 바로가기)
☎고객센터 연락처 : 02-536-0836
운영시간 [주중 및 주말 동일]
● 오전 10시 ~ 오후 4시
● 점심시간 : 12:00 ~13:00
※ 취소 및 환불문의
▷ 취소 및 환불 요청은 주중에 유선으로만 가능합니다.(취소 및 환불 요청 고객센터 ☎ 02-536-0836)
→ 토요일 및 일요일 그리고 공휴일은 제외","▷ 취소 및 환불 요청은 유선으로만 가능합니다.→ 토요일 및 일요일 그리고 공휴일은 제외(취소 및 환불 요청 고객센터 ☎ 02-536-0836)
→ 고객센터 운영시간[주중 및 주말 동일] : 오전 10시 ~ 오후 4시 / 점심시간 12:00~13:00
→ 고객센터 연락처 : 02-536-0836
▷ 취소 및 환불 규정은 `전자상거래등에서의 소비자보호에 관한 현행 법률`에 의거하여 작성되었습니다.
▷ 취소 및 환불은 수령하신 날로부터 7일 이내에만 가능합니다.
▷ 해당 상품은 임직원 대상 특별 할인 가격으로 판매하는 프로모션 상품입니다.
▷ 해당 상품은 이용권에 별도 표기 된 유효(이용) 기간 내 꼭 이용하셔야 합니다.
▷ 유효(이용) 기간 경과 시 별도 연장이나 취소가 안 되는 `자동 폐기 상품`입니다. (★유효 기간 연장 불가 상품!!)
▷ 부분적인 결제 취소나 부분적인 이용이 불가능한 상품입니다.(예시 : 5명일 경우 4장+1장 결제 or 2장+3장 결제)
▷ 고객 귀책 사유로 발생하는 취소 및 환불 금액에 대한 발송 및 이체 수수료는 고객이 부담하셔야 합니다.
→ 모바일 티켓 : 발송 및 취소 수수료 장당 1,000원 발생(예시 : 1,000원 X 5장 발송 = 5,000원)
→ 종이 티켓 : 폐문, 부재중, 주소 오류 등 고객 귀책 사유로 발송된 등기 반송 시 반송 비용은 고객이 부담하셔야 합니다. (반송 비용 6,000원)
→ 공통 : 환불 금액 입금 계좌가 하나은행이 아닌 타 은행인 경우 이체 수수료 500원이 발생합니다.",2026-09-30T04:31:37
324008,테마파크,테마파크,남해,양떼목장 양모리 학교,푸른 남해 바다가 보이는 남해 양떼목장!,7000,5650,19,대인 이용권 남해 양떼목장(~10/31),2,"[{""option"": ""대인 이용권 남해 양떼목장(~10/31)"", ""detail_div"": ""대인"", ""week_div"": ""주중+주말"", ""list_price"": 7000, ""sale_price"": 5650, ""discount_pct"": 19, ""start_date"": ""2026-05-08"", ""end_date"": ""2026-10-31""}, {""option"": ""소인 이용권 남해 양떼목장(~10/31)"", ""detail_div"": ""소인"", ""week_div"": ""주중+주말"", ""list_price"": 4000, ""sale_price"": 3750, ""discount_pct"": 6, ""start_date"": ""2026-05-08"", ""end_date"": ""2026-10-31""}]",2026-05-08,2026-10-31,,모바일티켓;바로 사용가능,즉시발송,엘에스컴퍼니,알림톡,매표소 교환 / 바로 입장 | 모바일 이용권 현장 매표소 제시 후 이용 가능(재발송 가능 상품),20,"기한: 수령 후 7일 이내 | 수수료: 발송·취소 장당 1,000원 | 불가: 부분취소, 기간경과 | 접수: 유선(주중)",양떼목장 양모리 학교,경남 남해군 설천면 설천로775번길 256-17,0507-1442-8993,,모바일티켓,바로 사용가능,사용안함,[유효 ~ 26/10/31],상세 없음(JSON만 사용),"[필독!! 발송정보]
◇ 바로 발송 가능 상품 : `결제(입금) 완료` 건에 한해서 모바일 이용권이 20분이내 휴대폰 번호로 발송(미수신 시 휴대폰 차단 기능 확인!!)
◇ 수신 후 바로 사용 가능 : 모바일 이용권 수신 후 바로 사용 가능, 결제 내역으로는 이용 불가합니다.
※ 카카오톡발송채널 : 엘에스컴퍼니
[필독!! 이용정보]
※ 당일 구매/사용 가능(방문 1시간 전 구매 필수)
※ 대인,소인 구분하여 구매 부탁드립니다.(주중/주말 공통)
◆ 유효 기간 : ~26/10/31(토) 까지
◆ 이용 업체 : 남해 양떼목장 양모리 학교
◆ 운영 일정 : 이용업체 홈페이지 참조 필수
◆ 구매 수량 : 1인당 10매까지 구입 가능
◆ 이용 방법 : 모바일 이용권 현장 매표소 제시 후 이용 가능(재발송 가능 상품)
◆ 권종 구분 : 주중/주말, 대인/소인 구분하여 1인 1매
◆ 추가 할인 : 해당 상품은 할인 가격으로 판매되는 상품으로 추가 할인을 받으실 수 없습니다.
◆ 이용 업체에 대한 전반적인 이용 정보(운영 사항, 유의 사항, 안전 점검, 편의 시설 등)는 꼭 방문 전 홈페이지를 확인하시길 바랍니다.","▷ 취소 및 환불 요청은 주중에 유선으로만 가능합니다.(취소 및 환불 요청 고객센터 ☎ 02-536-0836)
→ 고객센터 운영시간 : 평일 10:00~16:00 운영 / 점심시간 12:00~13:00
▷ 취소 및 환불 규정은 `전자상거래등에서의 소비자보호에 관한 현행 법률`에 의거하여 작성되었습니다.
▷ 취소 및 환불은 수령하신 날로부터 7일 이내에만 가능합니다.
▷ 해당 상품은 임직원 대상 특별 할인 가격으로 판매하는 프로모션 상품입니다.
▷ 해당 상품은 이용권에 별도 표기 된 유효(이용) 기간 내 꼭 이용하셔야 합니다.
▷ 유효(이용) 기간 경과 시 별도 연장이나 취소가 안 되는 `자동 폐기 상품`입니다.(★유효 기간 연장 불가 상품!!)
▷ 부분적인 결제 취소나 부분적인 이용이 불가능한 상품입니다.(예시 : 5명일 경우 4장+1장 결제 or 2장+3장 결제)
▷ 고객 귀책 사유로 발생하는 취소 및 환불 금액에 대한 발송 및 이체 수수료는 고객이 부담하셔야 합니다.
→ 모바일 티켓 : 발송 및 취소 수수료 장당 1,000원 발생(예시 : 1,000원 X 5장 발송 = 5,000원)
→ 종이 티켓 : 폐문, 부재중, 주소 오류 등 고객 귀책 사유로 발송된 등기 반송 시 반송 비용은 고객이 부담하셔야 합니다.(반송 비용 7,500원)
→ 공통 : 환불 금액 입금 계좌가 하나은행이 아닌 타 은행인 경우 이체 수수료 500원이 발생합니다.",2026-09-30T04:31:37
311809,테마파크,테마파크,파주,헤이리 한국근현대사박물관,어른들의 아련한 추억과 아이들의 역사공부!,8000,7000,13,대인입장권 한국근현대사박물관,2,"[{""option"": ""대인입장권 한국근현대사박물관"", ""detail_div"": ""대인"", ""week_div"": ""주중+주말"", ""list_price"": 8000, ""sale_price"": 7000, ""discount_pct"": 13, ""start_date"": ""0"", ""end_date"": ""60""}, {""option"": ""소인입장권 한국근현대사박물관"", ""detail_div"": ""소인"", ""week_div"": ""주중+주말"", ""list_price"": 6000, ""sale_price"": 5200, ""discount_pct"": 13, ""start_date"": ""0"", ""end_date"": ""60""}]",구매일,,60,모바일티켓;바로 사용가능,즉시발송,,LMS 문자,QR/바코드 제시 / 매표소 교환 / 바로 입장 | LMS 바코드 문자 이용권 현장 매표소 제시 후 이용 가능(재발송 가능 상품),100,"기한: 수령 후 7일 이내 | 수수료: 발송·취소 장당 1,000원 | 불가: 부분취소, 기간경과 | 접수: 유선",한국근현대사박물관,경기 파주시 탄현면 헤이리마을길 59-85,031-957-1125,http://www.kmhm.or.kr/,모바일티켓,바로 사용가능,사용안함,[유효 ~ 60일],상세 없음(JSON만 사용),"[필독!! 발송정보]
◇ 바로 발송 가능 상품 : `결제(입금) 완료` 건에 한해서 LMS 바코드 이용권 문자가 20분이내 휴대폰 번호로 발송
(미수신 시 휴대폰 차단 기능 확인!!)
◇ 수신 후 바로 사용 가능 : 모바일 이용권 수신 후 바로 사용 가능, 결제 내역으로는 이용 불가합니다.
※ 문자발송번호 : 02-536-0836
[필독!! 이용정보]
◆ 유효 기간 : 구매 후 60일
◆ 이용 업체 : 한국근현대사박물관
◆ 운영 일정 : 이용업체 홈페이지 참조 필수
※ 매주 월요일 휴관
- 대인 : 19세 이상 / 소인 : 36개월 ~ 고등학생
◆ 구매 수량 : 1인당 10매까지 구입 가능
◆ 이용 방법 : LMS 바코드 문자 이용권 현장 매표소 제시 후 이용 가능(재발송 가능 상품)
◆ 권종 구분 : 주중/주말ㆍ공휴일 구분없이 1인 1매 (36개월 미만 아기는 보호자 신분증 및 확인서류 지참시에만 무료 이용 가능!!)
★ 구매 전 옵션 별 상품정보를 확인하세요!(대인 또는 소인)
◆ 추가 할인 : 해당 상품은 할인 가격으로 판매되는 상품으로 추가 할인을 받으실 수 없습니다.
◆ 안내 사항 : 주말 및 성수기 기간 인원 초과 시 입장이 제한될 수 있으며, 시설 이용 제한 사항은 업체 규정에 따릅니다.
◆ 이용 업체에 대한 전반적인 이용 정보(운영 사항, 유의 사항, 안전 점검, 편의 시설 등)는 꼭 방문 전 아래 홈페이지를 클릭하셔서 확인하시길 바랍니다.
★ 홈페이지 : (클릭☞ 홈페이지 바로가기)
☎고객센터 연락처 : 02-536-0836
운영시간 [주중 및 주말 동일]
● 오전 10시 ~ 오후 4시
● 점심시간 : 12:00 ~13:00
※ 취소 및 환불문의
▷ 취소 및 환불 요청은 주중에 유선으로만 가능합니다.(취소 및 환불 요청 고객센터 ☎ 02-536-0836)
→ 토요일 및 일요일 그리고 공휴일은 제외","▷ 취소 및 환불 요청은 유선으로만 가능합니다.→ 토요일 및 일요일 그리고 공휴일은 제외(취소 및 환불 요청 고객센터 ☎ 02-536-0836)
→ 고객센터 운영시간[주중 및 주말 동일] : 오전 10시 ~ 오후 4시 / 점심시간 12:00~13:00
→ 고객센터 연락처 : 02-536-0836
▷ 취소 및 환불 규정은 `전자상거래등에서의 소비자보호에 관한 현행 법률`에 의거하여 작성되었습니다.
▷ 취소 및 환불은 수령하신 날로부터 7일 이내에만 가능합니다.
▷ 해당 상품은 임직원 대상 특별 할인 가격으로 판매하는 프로모션 상품입니다.
▷ 해당 상품은 이용권에 별도 표기 된 유효(이용) 기간 내 꼭 이용하셔야 합니다.
▷ 유효(이용) 기간 경과 시 별도 연장이나 취소가 안 되는 `자동 폐기 상품`입니다.(★유효 기간 연장 불가 상품!!)
▷ 부분적인 결제 취소나 부분적인 이용이 불가능한 상품입니다.(예시 : 5명일 경우 4장+1장 결제 or 2장+3장 결제)
▷ 고객 귀책 사유로 발생하는 취소 및 환불 금액에 대한 발송 및 이체 수수료는 고객이 부담하셔야 합니다.
→ 모바일 티켓 : 발송 및 취소 수수료 장당 1,000원 발생(예시 : 1,000원 X 5장 발송 = 5,000원)
→ 종이 티켓 : 폐문, 부재중, 주소 오류 등 고객 귀책 사유로 발송된 등기 반송 시 반송 비용은 고객이 부담하셔야 합니다.(반송 비용 7,500원)
→ 공통 : 환불 금액 입금 계좌가 하나은행이 아닌 타 은행인 경우 이체 수수료 500원이 발생합니다.",2026-09-30T04:31:37
324071,테마파크,테마파크,파주,헤이리 사파리체험테마파크,오감만족 테마파크,27000,13000,52,1인 입장권(사파리+파충류+마술쇼+4D라이더)(~10/31),3,"[{""option"": ""1인 입장권(사파리+파충류+마술쇼+4D라이더)(~10/31)"", ""detail_div"": ""대소공통"", ""week_div"": ""주중+주말"", ""list_price"": 27000, ""sale_price"": 13000, ""discount_pct"": 52, ""start_date"": ""2026-05-01"", ""end_date"": ""2026-10-31""}, {""option"": ""1인 입장권+버블쇼(~10/31)"", ""detail_div"": ""대소공통"", ""week_div"": ""주중+주말"", ""list_price"": 37000, ""sale_price"": 18000, ""discount_pct"": 51, ""start_date"": ""2026-05-01"", ""end_date"": ""2026-10-31""}, {""option"": ""1인 입장권+카페 이용권(~10/31)"", ""detail_div"": ""대소공통"", ""week_div"": ""주중+주말"", ""list_price"": 32000, ""sale_price"": 17000, ""discount_pct"": 47, ""start_date"": ""2026-05-01"", ""end_date"": ""2026-10-31""}]",2026-05-01,2026-10-31,,모바일티켓;바로 사용가능,즉시발송,엘에스컴퍼니,알림톡,매표소 교환 / 바로 입장 | 모바일 이용권 현장 매표소 제시 후 이용 가능(재발송 가능 상품),20,"기한: 수령 후 7일 이내 | 수수료: 발송·취소 장당 1,000원 | 불가: 부분취소, 기간경과 | 접수: 유선(주중)",사파리체험테마파크,경기 파주시 탄현면 헤이리마을길 93-75,031-946-6656,,모바일티켓,바로 사용가능,사용안함,[유효 ~ 26/10/31],상세 없음(JSON만 사용),"[필독!! 발송정보]
◇ 바로 발송 가능 상품 : `결제(입금) 완료` 건에 한해서 모바일 이용권이 20분이내 휴대폰 번호로 발송(미수신 시 휴대폰 차단 기능 확인!!)
◇ 수신 후 바로 사용 가능 : 모바일 이용권 수신 후 바로 사용 가능, 결제 내역으로는 이용 불가합니다.
※ 카카오톡발송채널 : 엘에스컴퍼니
[필독!! 이용정보]
※ 당일 구매/사용 가능(방문 1시간 전 구매 필수)
※ 사파리체험 테마파크 6월 5일 마술공연 휴장입니다.
(사파리는 정상영업)
※ 주중,주말 / 대인,소인 공통 이용권입니다.
◆ 유효 기간 : ~26/10/31(토) 까지
◆ 이용 업체 : 헤이리 사파리 체험 테마파크
◆ 운영 일정 : 이용업체 홈페이지 참조 필수
◆ 구매 수량 : 1인당 10매까지 구입 가능
◆ 이용 방법 : 모바일 이용권 현장 매표소 제시 후 이용 가능(재발송 가능 상품)
◆ 권종 구분 : 주중/주말, 대인/소인 구분없이 1인 1매
◆ 추가 할인 : 해당 상품은 할인 가격으로 판매되는 상품으로 추가 할인을 받으실 수 없습니다.
◆ 이용 업체에 대한 전반적인 이용 정보(운영 사항, 유의 사항, 안전 점검, 편의 시설 등)는 꼭 방문 전 홈페이지를 확인하시길 바랍니다.","▷ 취소 및 환불 요청은 주중에 유선으로만 가능합니다.(취소 및 환불 요청 고객센터 ☎ 02-536-0836)
→ 고객센터 운영시간 : 평일 09:30~18:00 운영 / 점심시간 12:00~13:00
▷ 취소 및 환불 규정은 `전자상거래등에서의 소비자보호에 관한 현행 법률`에 의거하여 작성되었습니다.
▷ 취소 및 환불은 수령하신 날로부터 7일 이내에만 가능합니다.
▷ 해당 상품은 임직원 대상 특별 할인 가격으로 판매하는 프로모션 상품입니다.
▷ 해당 상품은 이용권에 별도 표기 된 유효(이용) 기간 내 꼭 이용하셔야 합니다.
▷ 유효(이용) 기간 경과 시 별도 연장이나 취소가 안 되는 `자동 폐기 상품`입니다.(★유효 기간 연장 불가 상품!!)
▷ 부분적인 결제 취소나 부분적인 이용이 불가능한 상품입니다.(예시 : 5명일 경우 4장+1장 결제 or 2장+3장 결제)
▷ 고객 귀책 사유로 발생하는 취소 및 환불 금액에 대한 발송 및 이체 수수료는 고객이 부담하셔야 합니다.
→ 모바일 티켓 : 발송 및 취소 수수료 장당 1,000원 발생(예시 : 1,000원 X 5장 발송 = 5,000원)
→ 종이 티켓 : 폐문, 부재중, 주소 오류 등 고객 귀책 사유로 발송된 등기 반송 시 반송 비용은 고객이 부담하셔야 합니다.(반송 비용 7,500원)
→ 공통 : 환불 금액 입금 계좌가 하나은행이 아닌 타 은행인 경우 이체 수수료 500원이 발생합니다.",2026-09-30T04:31:37
293638,테마파크,테마파크,고양,원더빌리지,즐거운 체험형 미디어 놀이터,12000,8500,29,대인입장권(중학생이상) 원더빌리지,2,"[{""option"": ""대인입장권(중학생이상) 원더빌리지"", ""detail_div"": ""대인"", ""week_div"": ""주중+주말"", ""list_price"": 12000, ""sale_price"": 8500, ""discount_pct"": 29, ""start_date"": ""0"", ""end_date"": ""60""}, {""option"": ""소인입장권(24개월~초등학생) 원더빌리지"", ""detail_div"": ""소인"", ""week_div"": ""주중+주말"", ""list_price"": 19000, ""sale_price"": 13500, ""discount_pct"": 29, ""start_date"": ""0"", ""end_date"": ""60""}]",구매일,,60,모바일티켓;바로 사용가능,즉시발송,,LMS 문자/순차 발송,매표소 교환 / 바로 입장 | 모바일 이용권 현장 매표소 제시 후 이용 가능(재발송 가능 상품),100,"기한: 수령 후 7일 이내 | 수수료: 발송·취소 장당 1,000원 | 불가: 부분취소, 기간경과 | 접수: 유선",원더빌리지,경기 고양시 덕양구 고양대로 1955 3층 원더빌리지,031-5173-3457,https://www.wondervillage.co.kr/,모바일티켓,바로 사용가능,사용안함,[유효 ~ 60일],상세 없음(JSON만 사용),"[필독!! 발송정보]
◇ 순차 발송 상품 : 매일 23:30까지 결제(가상계좌 입금) 완료 건에 한해서 결제 확인 후부터 익일 09:30까지 모바일 이용권이 결제완료순으로 발송됩니다.(미수신 시 휴대폰 차단 기능 확인!!)
◇ 수신 후 바로 사용 가능 : 모바일 이용권 수신 후 바로 사용 가능, 결제 내역으로는 이용 불가합니다.
※ 주문량에 따라 발송 소요시간이 달라질 수 있습니다.
※ 문자발송번호 : 02-2055-0455
[필독!! 이용정보]
◆ 유효 기간 : 구매 후 60일
◆ 이용 업체 : 원더빌리지
◆ 운영 일정 : 이용업체 홈페이지 참조 필수
◆ 구매 수량 : 1인당 10매까지 구입 가능
◆ 이용 방법 : 모바일 이용권 현장 매표소 제시 후 이용 가능(재발송 가능 상품)
◆ 권종 구분 : 주중/주말ㆍ공휴일 구분없이 1인 1매 (36개월 미만 아기는 보호자 신분증 및 확인서류 지참시에만 무료 이용 가능!!)
◆ 추가 할인 : 해당 상품은 할인 가격으로 판매되는 상품으로 추가 할인을 받으실 수 없습니다.
◆ 안내 사항 : 주말 및 성수기 기간 인원 초과 시 입장이 제한될 수 있으며, 시설 이용 제한 사항은 업체 규정에 따릅니다.
◆ 이용 업체에 대한 전반적인 이용 정보(운영 사항, 유의 사항, 안전 점검, 편의 시설 등)는 꼭 방문 전 아래 홈페이지를 클릭하셔서 확인하시길 바랍니다.
★ 홈페이지 : (클릭☞ 홈페이지 바로가기)
☎고객센터 연락처 : 02-536-0836
운영시간 [주중 및 주말 동일]
● 오전 10시 ~ 오후 4시
● 점심시간 : 12:00 ~13:00
※ 취소 및 환불문의
▷ 취소 및 환불 요청은 주중에 유선으로만 가능합니다.(취소 및 환불 요청 고객센터 ☎ 02-536-0836)
→ 토요일 및 일요일 그리고 공휴일은 제외","▷ 취소 및 환불 요청은 유선으로만 가능합니다.→ 토요일 및 일요일 그리고 공휴일은 제외(취소 및 환불 요청 고객센터 ☎ 02-536-0836)
→ 고객센터 운영시간 : 평일 10:00~16:00 운영 / 점심시간 12:00~13:00
▷ 취소 및 환불 규정은 `전자상거래등에서의 소비자보호에 관한 현행 법률`에 의거하여 작성되었습니다.
▷ 취소 및 환불은 수령하신 날로부터 7일 이내에만 가능합니다.
▷ 해당 상품은 임직원 대상 특별 할인 가격으로 판매하는 프로모션 상품입니다.
▷ 해당 상품은 이용권에 별도 표기 된 유효(이용) 기간 내 꼭 이용하셔야 합니다.
▷ 유효(이용) 기간 경과 시 별도 연장이나 취소가 안 되는 `자동 폐기 상품`입니다.(★유효 기간 연장 불가 상품!!)
▷ 부분적인 결제 취소나 부분적인 이용이 불가능한 상품입니다.(예시 : 5명일 경우 4장+1장 결제 or 2장+3장 결제)
▷ 고객 귀책 사유로 발생하는 취소 및 환불 금액에 대한 발송 및 이체 수수료는 고객이 부담하셔야 합니다.
→ 모바일 티켓 : 발송 및 취소 수수료 장당 1,000원 발생(예시 : 1,000원 X 5장 발송 = 5,000원)
→ 종이 티켓 : 폐문, 부재중, 주소 오류 등 고객 귀책 사유로 발송된 등기 반송 시 반송 비용은 고객이 부담하셔야 합니다.(반송 비용 7,500원)
→ 공통 : 환불 금액 입금 계좌가 하나은행이 아닌 타 은행인 경우 이체 수수료 500원이 발생합니다.",2026-09-30T04:31:37
276039,테마파크,테마파크,가평,쁘띠프랑스&이탈리아마을,유럽의 문화와 예술을 직접 느낄 수 있는 곳,28000,16500,41,대인이용권 쁘띠프랑스&이탈리아마을 PKG,2,"[{""option"": ""대인이용권 쁘띠프랑스&이탈리아마을 PKG"", ""detail_div"": ""대인"", ""week_div"": ""주중+주말"", ""list_price"": 28000, ""sale_price"": 16500, ""discount_pct"": 41, ""start_date"": ""0"", ""end_date"": ""60""}, {""option"": ""소인이용권 쁘띠프랑스&이탈리아마을 PKG"", ""detail_div"": ""소인"", ""week_div"": ""주중+주말"", ""list_price"": 22000, ""sale_price"": 14300, ""discount_pct"": 35, ""start_date"": ""0"", ""end_date"": ""60""}]",구매일,,60,모바일티켓;바로 사용가능,즉시발송,,LMS 문자,QR/바코드 제시 / 매표소 교환 / 바로 입장 | LMS 바코드 문자 이용권 현장 매표소 제시 후 이용 가능(재발송 가능 상품),20,"기한: 수령 후 7일 이내 | 수수료: 발송·취소 장당 1,000원 | 불가: 부분취소, 기간경과 | 접수: 유선",(주)쁘띠프랑스,경기 가평군 청평면 호반로 1063,031-584-8200,http://www.pfcamp.com/,모바일티켓,바로 사용가능,사용안함,[유효 ~ 60일],상세 없음(JSON만 사용),"[필독!! 발송정보]
◇ 바로 발송 가능 상품 : `결제(입금) 완료` 건에 한해서 LMS 바코드 이용권 문자가 20분이내 휴대폰 번호로 발송(미수신 시 휴대폰 차단 기능 확인!!)
◇ 수신 후 바로 사용 가능 : LMS 바코드 이용권 문자 수신 후 바로 사용 가능, 결제 내역으로는 이용 불가합니다.
※ 문자발송번호 : 02-536-0836
[필독!! 이용정보]
◆ 유효 기간 : 구매 후 60일
◆ 이용 업체 : 쁘띠프랑스&이탈리아마을
◆ 운영 일정 : 이용업체 홈페이지 참조 필수
◆ 구매 수량 : 1인당 10매까지 구입 가능
◆ 이용 방법 : LMS 바코드 문자 이용권 현장 매표소 제시 후 이용 가능(재발송 가능 상품)
◆ 권종 구분 : 주중/주말ㆍ공휴일 구분없이 1인 1매 (36개월 미만 아기는 보호자 신분증 및 확인서류 지참시에만 무료 이용 가능!!)
★ 구매 전 옵션 별 상품정보를 확인하세요!(대인 또는 소인)
※ 대인 : 중학생 이상 / 소인 : 36개월 ~ 초등학생
◆ 추가 할인 : 해당 상품은 할인 가격으로 판매되는 상품으로 추가 할인을 받으실 수 없습니다.
◆ 안내 사항 : 주말 및 성수기 기간 인원 초과 시 입장이 제한될 수 있으며, 시설 이용 제한 사항은 업체 규정에 따릅니다.
◆ 이용 업체에 대한 전반적인 이용 정보(운영 사항, 유의 사항, 안전 점검, 편의 시설 등)는 꼭 방문 전 아래 홈페이지를 클릭하셔서 확인하시길 바랍니다.
★ 홈페이지 : (클릭☞ 쁘띠프랑스&이탈리아마을 홈페이지 바로가기)
☎고객센터 연락처 : 02-536-0836
운영시간 [주중 및 주말 동일]
● 오전 10시 ~ 오후 4시
● 점심시간 : 12:00 ~13:00
※ 취소 및 환불문의
▷ 취소 및 환불 요청은 주중에 유선으로만 가능합니다.(취소 및 환불 요청 고객센터 ☎ 02-536-0836)
→ 토요일 및 일요일 그리고 공휴일은 제외","▷ 취소 및 환불 요청은 유선으로만 가능합니다.→ 토요일 및 일요일 그리고 공휴일은 제외(취소 및 환불 요청 고객센터 ☎ 02-536-0836)
→ 고객센터 운영시간[주중 및 주말 동일] : 오전 10시 ~ 오후 4시 / 점심시간 12:00~13:00
→ 고객센터 연락처 : 02-536-0836
▷ 취소 및 환불 규정은 `전자상거래등에서의 소비자보호에 관한 현행 법률`에 의거하여 작성되었습니다.
▷ 취소 및 환불은 수령하신 날로부터 7일 이내에만 가능합니다.
▷ 해당 상품은 임직원 대상 특별 할인 가격으로 판매하는 프로모션 상품입니다.
▷ 해당 상품은 이용권에 별도 표기 된 유효(이용) 기간 내 꼭 이용하셔야 합니다.
▷ 유효(이용) 기간 경과 시 별도 연장이나 취소가 안 되는 `자동 폐기 상품`입니다. (★유효 기간 연장 불가 상품!!)
▷ 부분적인 결제 취소나 부분적인 이용이 불가능한 상품입니다.(예시 : 5명일 경우 4장+1장 결제 or 2장+3장 결제)
▷ 고객 귀책 사유로 발생하는 취소 및 환불 금액에 대한 발송 및 이체 수수료는 고객이 부담하셔야 합니다.
→ 모바일 티켓 : 발송 및 취소 수수료 장당 1,000원 발생(예시 : 1,000원 X 5장 발송 = 5,000원)
→ 종이 티켓 : 폐문, 부재중, 주소 오류 등 고객 귀책 사유로 발송된 등기 반송 시 반송 비용은 고객이 부담하셔야 합니다. (반송 비용 6,000원)
→ 공통 : 환불 금액 입금 계좌가 하나은행이 아닌 타 은행인 경우 이체 수수료 500원이 발생합니다.",2026-09-30T04:31:37
234301,테마파크,테마파크,양평,풀향기허브나라&토이박물관,향기 가득한 허브나라와 개인수집가의 16년으로 채운 토이박물관,6000,5000,17,풀향기허브나라&토이박물관 대인이용권,2,"[{""option"": ""풀향기허브나라&토이박물관 대인이용권"", ""detail_div"": ""대인"", ""week_div"": ""주중+주말"", ""list_price"": 6000, ""sale_price"": 5000, ""discount_pct"": 17, ""start_date"": ""0"", ""end_date"": ""30""}, {""option"": ""풀향기허브나라&토이박물관 소인이용권"", ""detail_div"": ""소인"", ""week_div"": ""주중+주말"", ""list_price"": 4000, ""sale_price"": 3500, ""discount_pct"": 13, ""start_date"": ""0"", ""end_date"": ""30""}]",구매일,,30,모바일티켓;바로 사용가능,즉시발송,,LMS 문자,QR/바코드 제시 / 매표소 교환 / 바로 입장 | LMS 바코드 문자 이용권 현장 매표소 제시 후 이용 가능(재발송 가능 상품),10,"기한: 수령 후 7일 이내 | 수수료: 발송·취소 장당 1,000원 | 불가: 부분취소, 기간경과 | 접수: 유선",풀향기허브나라,경기 양평군 용문면 용문산로 120-5,031-771-1809,http://www.pulpul.co.kr/default/,모바일티켓,바로 사용가능,사용안함,[유효 ~ 30일],상세 없음(JSON만 사용),"[필독!! 발송정보]
◇ 바로 발송 가능 상품 : `결제(입금) 완료` 건에 한해서 LMS 바코드 이용권 문자가 20분이내 휴대폰 번호로 발송
(미수신 시 휴대폰 차단 기능 확인!!)
◇ 수신 후 바로 사용 가능 : 모바일 이용권 수신 후 바로 사용 가능, 결제 내역으로는 이용 불가합니다.
※ 문자발송번호 : 02-536-0836
[필독!! 이용정보]
◆ 유효 기간 : 구매 후 30일
◆ 이용 업체 : 양평 풀향기허브나라&토이박물관(1인 1음료 제공 포함)
◆ 운영 일정 : 이용업체 홈페이지 참조 필수
◆ 구매 수량 : 1인당 10매까지 구입 가능
◆ 이용 방법 : LMS 바코드 문자 이용권 현장 매표소 제시 후 이용 가능(재발송 가능 상품)
◆ 권종 구분 : 주중/주말ㆍ공휴일 구분없이 1인 1매 (24개월 미만 아기는 보호자 신분증 및 확인서류 지참시에만 무료 이용 가능!!)
★ 구매 전 옵션 별 상품정보를 확인하세요!(대인 또는 소인)
◆ 추가 할인 : 해당 상품은 할인 가격으로 판매되는 상품으로 추가 할인을 받으실 수 없습니다.
◆ 안내 사항 : 주말 및 성수기 기간 인원 초과 시 입장이 제한될 수 있으며, 시설 이용 제한 사항은 업체 규정에 따릅니다.
◆ 이용 업체에 대한 전반적인 이용 정보(운영 사항, 유의 사항, 안전 점검, 편의 시설 등)는 꼭 방문 전 아래 홈페이지를 클릭하셔서 확인하시길 바랍니다.
★ 홈페이지 : (클릭☞ 홈페이지 바로가기)
☎고객센터 연락처 : 02-536-0836
운영시간 [주중 및 주말 동일]
● 오전 10시 ~ 오후 4시
● 점심시간 : 12:00 ~13:00
※ 취소 및 환불문의
▷ 취소 및 환불 요청은 주중에 유선으로만 가능합니다.(취소 및 환불 요청 고객센터 ☎ 02-536-0836)
→ 토요일 및 일요일 그리고 공휴일은 제외","▷ 취소 및 환불 요청은 유선으로만 가능합니다.→ 토요일 및 일요일 그리고 공휴일은 제외(취소 및 환불 요청 고객센터 ☎ 02-536-0836)
→ 고객센터 운영시간[주중 및 주말 동일] : 오전 10시 ~ 오후 4시 / 점심시간 12:00~13:00
→ 고객센터 연락처 : 02-536-0836
▷ 취소 및 환불 규정은 `전자상거래등에서의 소비자보호에 관한 현행 법률`에 의거하여 작성되었습니다.
▷ 취소 및 환불은 수령하신 날로부터 7일 이내에만 가능합니다.
▷ 해당 상품은 임직원 대상 특별 할인 가격으로 판매하는 프로모션 상품입니다.
▷ 해당 상품은 이용권에 별도 표기 된 유효(이용) 기간 내 꼭 이용하셔야 합니다.
▷ 유효(이용) 기간 경과 시 별도 연장이나 취소가 안 되는 `자동 폐기 상품`입니다. (★유효 기간 연장 불가 상품!!)
▷ 부분적인 결제 취소나 부분적인 이용이 불가능한 상품입니다.(예시 : 5명일 경우 4장+1장 결제 or 2장+3장 결제)
▷ 고객 귀책 사유로 발생하는 취소 및 환불 금액에 대한 발송 및 이체 수수료는 고객이 부담하셔야 합니다.
→ 모바일 티켓 : 발송 및 취소 수수료 장당 1,000원 발생(예시 : 1,000원 X 5장 발송 = 5,000원)
→ 종이 티켓 : 폐문, 부재중, 주소 오류 등 고객 귀책 사유로 발송된 등기 반송 시 반송 비용은 고객이 부담하셔야 합니다. (반송 비용 6,000원)
→ 공통 : 환불 금액 입금 계좌가 하나은행이 아닌 타 은행인 경우 이체 수수료 500원이 발생합니다.",2026-09-30T04:31:37
